id,code,name,state_id:id
county_us_01001,01001,Autauga,base.state_us_1
county_us_01003,01003,Baldwin,base.state_us_1
county_us_01005,01005,Barbour,base.state_us_1
county_us_01007,01007,Bibb,base.state_us_1
county_us_01009,01009,Blount,base.state_us_1
county_us_01011,01011,Bullock,base.state_us_1
county_us_01013,01013,Butler,base.state_us_1
county_us_01015,01015,Calhoun,base.state_us_1
county_us_01017,01017,Chambers,base.state_us_1
county_us_01019,01019,Cherokee,base.state_us_1
county_us_01021,01021,Chilton,base.state_us_1
county_us_01023,01023,Choctaw,base.state_us_1
county_us_01025,01025,Clarke,base.state_us_1
county_us_01027,01027,Clay,base.state_us_1
county_us_01029,01029,Cleburne,base.state_us_1
county_us_01031,01031,Coffee,base.state_us_1
county_us_01033,01033,Colbert,base.state_us_1
county_us_01035,01035,Conecuh,base.state_us_1
county_us_01037,01037,Coosa,base.state_us_1
county_us_01039,01039,Covington,base.state_us_1
county_us_01041,01041,Crenshaw,base.state_us_1
county_us_01043,01043,Cullman,base.state_us_1
county_us_01045,01045,Dale,base.state_us_1
county_us_01047,01047,Dallas,base.state_us_1
county_us_01049,01049,DeKalb,base.state_us_1
county_us_01051,01051,Elmore,base.state_us_1
county_us_01053,01053,Escambia,base.state_us_1
county_us_01055,01055,Etowah,base.state_us_1
county_us_01057,01057,Fayette,base.state_us_1
county_us_01059,01059,Franklin,base.state_us_1
county_us_01061,01061,Geneva,base.state_us_1
county_us_01063,01063,Greene,base.state_us_1
county_us_01065,01065,Hale,base.state_us_1
county_us_01067,01067,Henry,base.state_us_1
county_us_01069,01069,Houston,base.state_us_1
county_us_01071,01071,Jackson,base.state_us_1
county_us_01073,01073,Jefferson,base.state_us_1
county_us_01075,01075,Lamar,base.state_us_1
county_us_01077,01077,Lauderdale,base.state_us_1
county_us_01079,01079,Lawrence,base.state_us_1
county_us_01081,01081,Lee,base.state_us_1
county_us_01083,01083,Limestone,base.state_us_1
county_us_01085,01085,Lowndes,base.state_us_1
county_us_01087,01087,Macon,base.state_us_1
county_us_01089,01089,Madison,base.state_us_1
county_us_01091,01091,Marengo,base.state_us_1
county_us_01093,01093,Marion,base.state_us_1
county_us_01095,01095,Marshall,base.state_us_1
county_us_01097,01097,Mobile,base.state_us_1
county_us_01099,01099,Monroe,base.state_us_1
county_us_01101,01101,Montgomery,base.state_us_1
county_us_01103,01103,Morgan,base.state_us_1
county_us_01105,01105,Perry,base.state_us_1
county_us_01107,01107,Pickens,base.state_us_1
county_us_01109,01109,Pike,base.state_us_1
county_us_01111,01111,Randolph,base.state_us_1
county_us_01113,01113,Russell,base.state_us_1
county_us_01117,01117,Shelby,base.state_us_1
county_us_01115,01115,St. Clair,base.state_us_1
county_us_01119,01119,Sumter,base.state_us_1
county_us_01121,01121,Talladega,base.state_us_1
county_us_01123,01123,Tallapoosa,base.state_us_1
county_us_01125,01125,Tuscaloosa,base.state_us_1
county_us_01127,01127,Walker,base.state_us_1
county_us_01129,01129,Washington,base.state_us_1
county_us_01131,01131,Wilcox,base.state_us_1
county_us_01133,01133,Winston,base.state_us_1
county_us_02013,02013,Aleutians East,base.state_us_2
county_us_02016,02016,Aleutians West,base.state_us_2
county_us_02020,02020,Anchorage,base.state_us_2
county_us_02050,02050,Bethel,base.state_us_2
county_us_02060,02060,Bristol Bay,base.state_us_2
county_us_02063,02063,Chugach,base.state_us_2
county_us_02066,02066,Copper River,base.state_us_2
county_us_02068,02068,Denali,base.state_us_2
county_us_02070,02070,Dillingham,base.state_us_2
county_us_02090,02090,Fairbanks North Star,base.state_us_2
county_us_02100,02100,Haines,base.state_us_2
county_us_02105,02105,Hoonah-Angoon,base.state_us_2
county_us_02110,02110,Juneau,base.state_us_2
county_us_02122,02122,Kenai Peninsula,base.state_us_2
county_us_02130,02130,Ketchikan Gateway,base.state_us_2
county_us_02150,02150,Kodiak Island,base.state_us_2
county_us_02158,02158,Kusilvak,base.state_us_2
county_us_02164,02164,Lake and Peninsula,base.state_us_2
county_us_02170,02170,Matanuska-Susitna,base.state_us_2
county_us_02180,02180,Nome,base.state_us_2
county_us_02185,02185,North Slope,base.state_us_2
county_us_02188,02188,Northwest Arctic,base.state_us_2
county_us_02195,02195,Petersburg,base.state_us_2
county_us_02198,02198,Prince of Wales-Hyder,base.state_us_2
county_us_02220,02220,Sitka,base.state_us_2
county_us_02230,02230,Skagway,base.state_us_2
county_us_02240,02240,Southeast Fairbanks,base.state_us_2
county_us_02275,02275,Wrangell,base.state_us_2
county_us_02282,02282,Yakutat,base.state_us_2
county_us_02290,02290,Yukon-Koyukuk,base.state_us_2
county_us_04001,04001,Apache,base.state_us_3
county_us_04003,04003,Cochise,base.state_us_3
county_us_04005,04005,Coconino,base.state_us_3
county_us_04007,04007,Gila,base.state_us_3
county_us_04009,04009,Graham,base.state_us_3
county_us_04011,04011,Greenlee,base.state_us_3
county_us_04012,04012,La Paz,base.state_us_3
county_us_04013,04013,Maricopa,base.state_us_3
county_us_04015,04015,Mohave,base.state_us_3
county_us_04017,04017,Navajo,base.state_us_3
county_us_04019,04019,Pima,base.state_us_3
county_us_04021,04021,Pinal,base.state_us_3
county_us_04023,04023,Santa Cruz,base.state_us_3
county_us_04025,04025,Yavapai,base.state_us_3
county_us_04027,04027,Yuma,base.state_us_3
county_us_05001,05001,Arkansas,base.state_us_4
county_us_05003,05003,Ashley,base.state_us_4
county_us_05005,05005,Baxter,base.state_us_4
county_us_05007,05007,Benton,base.state_us_4
county_us_05009,05009,Boone,base.state_us_4
county_us_05011,05011,Bradley,base.state_us_4
county_us_05013,05013,Calhoun,base.state_us_4
county_us_05015,05015,Carroll,base.state_us_4
county_us_05017,05017,Chicot,base.state_us_4
county_us_05019,05019,Clark,base.state_us_4
county_us_05021,05021,Clay,base.state_us_4
county_us_05023,05023,Cleburne,base.state_us_4
county_us_05025,05025,Cleveland,base.state_us_4
county_us_05027,05027,Columbia,base.state_us_4
county_us_05029,05029,Conway,base.state_us_4
county_us_05031,05031,Craighead,base.state_us_4
county_us_05033,05033,Crawford,base.state_us_4
county_us_05035,05035,Crittenden,base.state_us_4
county_us_05037,05037,Cross,base.state_us_4
county_us_05039,05039,Dallas,base.state_us_4
county_us_05041,05041,Desha,base.state_us_4
county_us_05043,05043,Drew,base.state_us_4
county_us_05045,05045,Faulkner,base.state_us_4
county_us_05047,05047,Franklin,base.state_us_4
county_us_05049,05049,Fulton,base.state_us_4
county_us_05051,05051,Garland,base.state_us_4
county_us_05053,05053,Grant,base.state_us_4
county_us_05055,05055,Greene,base.state_us_4
county_us_05057,05057,Hempstead,base.state_us_4
county_us_05059,05059,Hot Spring,base.state_us_4
county_us_05061,05061,Howard,base.state_us_4
county_us_05063,05063,Independence,base.state_us_4
county_us_05065,05065,Izard,base.state_us_4
county_us_05067,05067,Jackson,base.state_us_4
county_us_05069,05069,Jefferson,base.state_us_4
county_us_05071,05071,Johnson,base.state_us_4
county_us_05073,05073,Lafayette,base.state_us_4
county_us_05075,05075,Lawrence,base.state_us_4
county_us_05077,05077,Lee,base.state_us_4
county_us_05079,05079,Lincoln,base.state_us_4
county_us_05081,05081,Little River,base.state_us_4
county_us_05083,05083,Logan,base.state_us_4
county_us_05085,05085,Lonoke,base.state_us_4
county_us_05087,05087,Madison,base.state_us_4
county_us_05089,05089,Marion,base.state_us_4
county_us_05091,05091,Miller,base.state_us_4
county_us_05093,05093,Mississippi,base.state_us_4
county_us_05095,05095,Monroe,base.state_us_4
county_us_05097,05097,Montgomery,base.state_us_4
county_us_05099,05099,Nevada,base.state_us_4
county_us_05101,05101,Newton,base.state_us_4
county_us_05103,05103,Ouachita,base.state_us_4
county_us_05105,05105,Perry,base.state_us_4
county_us_05107,05107,Phillips,base.state_us_4
county_us_05109,05109,Pike,base.state_us_4
county_us_05111,05111,Poinsett,base.state_us_4
county_us_05113,05113,Polk,base.state_us_4
county_us_05115,05115,Pope,base.state_us_4
county_us_05117,05117,Prairie,base.state_us_4
county_us_05119,05119,Pulaski,base.state_us_4
county_us_05121,05121,Randolph,base.state_us_4
county_us_05125,05125,Saline,base.state_us_4
county_us_05127,05127,Scott,base.state_us_4
county_us_05129,05129,Searcy,base.state_us_4
county_us_05131,05131,Sebastian,base.state_us_4
county_us_05133,05133,Sevier,base.state_us_4
county_us_05135,05135,Sharp,base.state_us_4
county_us_05123,05123,St. Francis,base.state_us_4
county_us_05137,05137,Stone,base.state_us_4
county_us_05139,05139,Union,base.state_us_4
county_us_05141,05141,Van Buren,base.state_us_4
county_us_05143,05143,Washington,base.state_us_4
county_us_05145,05145,White,base.state_us_4
county_us_05147,05147,Woodruff,base.state_us_4
county_us_05149,05149,Yell,base.state_us_4
county_us_06001,06001,Alameda,base.state_us_5
county_us_06003,06003,Alpine,base.state_us_5
county_us_06005,06005,Amador,base.state_us_5
county_us_06007,06007,Butte,base.state_us_5
county_us_06009,06009,Calaveras,base.state_us_5
county_us_06011,06011,Colusa,base.state_us_5
county_us_06013,06013,Contra Costa,base.state_us_5
county_us_06015,06015,Del Norte,base.state_us_5
county_us_06017,06017,El Dorado,base.state_us_5
county_us_06019,06019,Fresno,base.state_us_5
county_us_06021,06021,Glenn,base.state_us_5
county_us_06023,06023,Humboldt,base.state_us_5
county_us_06025,06025,Imperial,base.state_us_5
county_us_06027,06027,Inyo,base.state_us_5
county_us_06029,06029,Kern,base.state_us_5
county_us_06031,06031,Kings,base.state_us_5
county_us_06033,06033,Lake,base.state_us_5
county_us_06035,06035,Lassen,base.state_us_5
county_us_06037,06037,Los Angeles,base.state_us_5
county_us_06039,06039,Madera,base.state_us_5
county_us_06041,06041,Marin,base.state_us_5
county_us_06043,06043,Mariposa,base.state_us_5
county_us_06045,06045,Mendocino,base.state_us_5
county_us_06047,06047,Merced,base.state_us_5
county_us_06049,06049,Modoc,base.state_us_5
county_us_06051,06051,Mono,base.state_us_5
county_us_06053,06053,Monterey,base.state_us_5
county_us_06055,06055,Napa,base.state_us_5
county_us_06057,06057,Nevada,base.state_us_5
county_us_06059,06059,Orange,base.state_us_5
county_us_06061,06061,Placer,base.state_us_5
county_us_06063,06063,Plumas,base.state_us_5
county_us_06065,06065,Riverside,base.state_us_5
county_us_06067,06067,Sacramento,base.state_us_5
county_us_06069,06069,San Benito,base.state_us_5
county_us_06071,06071,San Bernardino,base.state_us_5
county_us_06073,06073,San Diego,base.state_us_5
county_us_06075,06075,San Francisco,base.state_us_5
county_us_06077,06077,San Joaquin,base.state_us_5
county_us_06079,06079,San Luis Obispo,base.state_us_5
county_us_06081,06081,San Mateo,base.state_us_5
county_us_06083,06083,Santa Barbara,base.state_us_5
county_us_06085,06085,Santa Clara,base.state_us_5
county_us_06087,06087,Santa Cruz,base.state_us_5
county_us_06089,06089,Shasta,base.state_us_5
county_us_06091,06091,Sierra,base.state_us_5
county_us_06093,06093,Siskiyou,base.state_us_5
county_us_06095,06095,Solano,base.state_us_5
county_us_06097,06097,Sonoma,base.state_us_5
county_us_06099,06099,Stanislaus,base.state_us_5
county_us_06101,06101,Sutter,base.state_us_5
county_us_06103,06103,Tehama,base.state_us_5
county_us_06105,06105,Trinity,base.state_us_5
county_us_06107,06107,Tulare,base.state_us_5
county_us_06109,06109,Tuolumne,base.state_us_5
county_us_06111,06111,Ventura,base.state_us_5
county_us_06113,06113,Yolo,base.state_us_5
county_us_06115,06115,Yuba,base.state_us_5
county_us_08001,08001,Adams,base.state_us_6
county_us_08003,08003,Alamosa,base.state_us_6
county_us_08005,08005,Arapahoe,base.state_us_6
county_us_08007,08007,Archuleta,base.state_us_6
county_us_08009,08009,Baca,base.state_us_6
county_us_08011,08011,Bent,base.state_us_6
county_us_08013,08013,Boulder,base.state_us_6
county_us_08014,08014,Broomfield,base.state_us_6
county_us_08015,08015,Chaffee,base.state_us_6
county_us_08017,08017,Cheyenne,base.state_us_6
county_us_08019,08019,Clear Creek,base.state_us_6
county_us_08021,08021,Conejos,base.state_us_6
county_us_08023,08023,Costilla,base.state_us_6
county_us_08025,08025,Crowley,base.state_us_6
county_us_08027,08027,Custer,base.state_us_6
county_us_08029,08029,Delta,base.state_us_6
county_us_08031,08031,Denver,base.state_us_6
county_us_08033,08033,Dolores,base.state_us_6
county_us_08035,08035,Douglas,base.state_us_6
county_us_08037,08037,Eagle,base.state_us_6
county_us_08041,08041,El Paso,base.state_us_6
county_us_08039,08039,Elbert,base.state_us_6
county_us_08043,08043,Fremont,base.state_us_6
county_us_08045,08045,Garfield,base.state_us_6
county_us_08047,08047,Gilpin,base.state_us_6
county_us_08049,08049,Grand,base.state_us_6
county_us_08051,08051,Gunnison,base.state_us_6
county_us_08053,08053,Hinsdale,base.state_us_6
county_us_08055,08055,Huerfano,base.state_us_6
county_us_08057,08057,Jackson,base.state_us_6
county_us_08059,08059,Jefferson,base.state_us_6
county_us_08061,08061,Kiowa,base.state_us_6
county_us_08063,08063,Kit Carson,base.state_us_6
county_us_08067,08067,La Plata,base.state_us_6
county_us_08065,08065,Lake,base.state_us_6
county_us_08069,08069,Larimer,base.state_us_6
county_us_08071,08071,Las Animas,base.state_us_6
county_us_08073,08073,Lincoln,base.state_us_6
county_us_08075,08075,Logan,base.state_us_6
county_us_08077,08077,Mesa,base.state_us_6
county_us_08079,08079,Mineral,base.state_us_6
county_us_08081,08081,Moffat,base.state_us_6
county_us_08083,08083,Montezuma,base.state_us_6
county_us_08085,08085,Montrose,base.state_us_6
county_us_08087,08087,Morgan,base.state_us_6
county_us_08089,08089,Otero,base.state_us_6
county_us_08091,08091,Ouray,base.state_us_6
county_us_08093,08093,Park,base.state_us_6
county_us_08095,08095,Phillips,base.state_us_6
county_us_08097,08097,Pitkin,base.state_us_6
county_us_08099,08099,Prowers,base.state_us_6
county_us_08101,08101,Pueblo,base.state_us_6
county_us_08103,08103,Rio Blanco,base.state_us_6
county_us_08105,08105,Rio Grande,base.state_us_6
county_us_08107,08107,Routt,base.state_us_6
county_us_08109,08109,Saguache,base.state_us_6
county_us_08111,08111,San Juan,base.state_us_6
county_us_08113,08113,San Miguel,base.state_us_6
county_us_08115,08115,Sedgwick,base.state_us_6
county_us_08117,08117,Summit,base.state_us_6
county_us_08119,08119,Teller,base.state_us_6
county_us_08121,08121,Washington,base.state_us_6
county_us_08123,08123,Weld,base.state_us_6
county_us_08125,08125,Yuma,base.state_us_6
county_us_09110,09110,Capitol,base.state_us_7
county_us_09120,09120,Greater Bridgeport,base.state_us_7
county_us_09130,09130,Lower Connecticut River Valley,base.state_us_7
county_us_09140,09140,Naugatuck Valley,base.state_us_7
county_us_09150,09150,Northeastern Connecticut,base.state_us_7
county_us_09160,09160,Northwest Hills,base.state_us_7
county_us_09170,09170,South Central Connecticut,base.state_us_7
county_us_09180,09180,Southeastern Connecticut,base.state_us_7
county_us_09190,09190,Western Connecticut,base.state_us_7
county_us_10001,10001,Kent,base.state_us_8
county_us_10003,10003,New Castle,base.state_us_8
county_us_10005,10005,Sussex,base.state_us_8
county_us_11001,11001,District of Columbia,base.state_us_9
county_us_12001,12001,Alachua,base.state_us_10
county_us_12003,12003,Baker,base.state_us_10
county_us_12005,12005,Bay,base.state_us_10
county_us_12007,12007,Bradford,base.state_us_10
county_us_12009,12009,Brevard,base.state_us_10
county_us_12011,12011,Broward,base.state_us_10
county_us_12013,12013,Calhoun,base.state_us_10
county_us_12015,12015,Charlotte,base.state_us_10
county_us_12017,12017,Citrus,base.state_us_10
county_us_12019,12019,Clay,base.state_us_10
county_us_12021,12021,Collier,base.state_us_10
county_us_12023,12023,Columbia,base.state_us_10
county_us_12027,12027,DeSoto,base.state_us_10
county_us_12029,12029,Dixie,base.state_us_10
county_us_12031,12031,Duval,base.state_us_10
county_us_12033,12033,Escambia,base.state_us_10
county_us_12035,12035,Flagler,base.state_us_10
county_us_12037,12037,Franklin,base.state_us_10
county_us_12039,12039,Gadsden,base.state_us_10
county_us_12041,12041,Gilchrist,base.state_us_10
county_us_12043,12043,Glades,base.state_us_10
county_us_12045,12045,Gulf,base.state_us_10
county_us_12047,12047,Hamilton,base.state_us_10
county_us_12049,12049,Hardee,base.state_us_10
county_us_12051,12051,Hendry,base.state_us_10
county_us_12053,12053,Hernando,base.state_us_10
county_us_12055,12055,Highlands,base.state_us_10
county_us_12057,12057,Hillsborough,base.state_us_10
county_us_12059,12059,Holmes,base.state_us_10
county_us_12061,12061,Indian River,base.state_us_10
county_us_12063,12063,Jackson,base.state_us_10
county_us_12065,12065,Jefferson,base.state_us_10
county_us_12067,12067,Lafayette,base.state_us_10
county_us_12069,12069,Lake,base.state_us_10
county_us_12071,12071,Lee,base.state_us_10
county_us_12073,12073,Leon,base.state_us_10
county_us_12075,12075,Levy,base.state_us_10
county_us_12077,12077,Liberty,base.state_us_10
county_us_12079,12079,Madison,base.state_us_10
county_us_12081,12081,Manatee,base.state_us_10
county_us_12083,12083,Marion,base.state_us_10
county_us_12085,12085,Martin,base.state_us_10
county_us_12086,12086,Miami-Dade,base.state_us_10
county_us_12087,12087,Monroe,base.state_us_10
county_us_12089,12089,Nassau,base.state_us_10
county_us_12091,12091,Okaloosa,base.state_us_10
county_us_12093,12093,Okeechobee,base.state_us_10
county_us_12095,12095,Orange,base.state_us_10
county_us_12097,12097,Osceola,base.state_us_10
county_us_12099,12099,Palm Beach,base.state_us_10
county_us_12101,12101,Pasco,base.state_us_10
county_us_12103,12103,Pinellas,base.state_us_10
county_us_12105,12105,Polk,base.state_us_10
county_us_12107,12107,Putnam,base.state_us_10
county_us_12113,12113,Santa Rosa,base.state_us_10
county_us_12115,12115,Sarasota,base.state_us_10
county_us_12117,12117,Seminole,base.state_us_10
county_us_12109,12109,St. Johns,base.state_us_10
county_us_12111,12111,St. Lucie,base.state_us_10
county_us_12119,12119,Sumter,base.state_us_10
county_us_12121,12121,Suwannee,base.state_us_10
county_us_12123,12123,Taylor,base.state_us_10
county_us_12125,12125,Union,base.state_us_10
county_us_12127,12127,Volusia,base.state_us_10
county_us_12129,12129,Wakulla,base.state_us_10
county_us_12131,12131,Walton,base.state_us_10
county_us_12133,12133,Washington,base.state_us_10
county_us_13001,13001,Appling,base.state_us_11
county_us_13003,13003,Atkinson,base.state_us_11
county_us_13005,13005,Bacon,base.state_us_11
county_us_13007,13007,Baker,base.state_us_11
county_us_13009,13009,Baldwin,base.state_us_11
county_us_13011,13011,Banks,base.state_us_11
county_us_13013,13013,Barrow,base.state_us_11
county_us_13015,13015,Bartow,base.state_us_11
county_us_13017,13017,Ben Hill,base.state_us_11
county_us_13019,13019,Berrien,base.state_us_11
county_us_13021,13021,Bibb,base.state_us_11
county_us_13023,13023,Bleckley,base.state_us_11
county_us_13025,13025,Brantley,base.state_us_11
county_us_13027,13027,Brooks,base.state_us_11
county_us_13029,13029,Bryan,base.state_us_11
county_us_13031,13031,Bulloch,base.state_us_11
county_us_13033,13033,Burke,base.state_us_11
county_us_13035,13035,Butts,base.state_us_11
county_us_13037,13037,Calhoun,base.state_us_11
county_us_13039,13039,Camden,base.state_us_11
county_us_13043,13043,Candler,base.state_us_11
county_us_13045,13045,Carroll,base.state_us_11
county_us_13047,13047,Catoosa,base.state_us_11
county_us_13049,13049,Charlton,base.state_us_11
county_us_13051,13051,Chatham,base.state_us_11
county_us_13053,13053,Chattahoochee,base.state_us_11
county_us_13055,13055,Chattooga,base.state_us_11
county_us_13057,13057,Cherokee,base.state_us_11
county_us_13059,13059,Clarke,base.state_us_11
county_us_13061,13061,Clay,base.state_us_11
county_us_13063,13063,Clayton,base.state_us_11
county_us_13065,13065,Clinch,base.state_us_11
county_us_13067,13067,Cobb,base.state_us_11
county_us_13069,13069,Coffee,base.state_us_11
county_us_13071,13071,Colquitt,base.state_us_11
county_us_13073,13073,Columbia,base.state_us_11
county_us_13075,13075,Cook,base.state_us_11
county_us_13077,13077,Coweta,base.state_us_11
county_us_13079,13079,Crawford,base.state_us_11
county_us_13081,13081,Crisp,base.state_us_11
county_us_13083,13083,Dade,base.state_us_11
county_us_13085,13085,Dawson,base.state_us_11
county_us_13089,13089,DeKalb,base.state_us_11
county_us_13087,13087,Decatur,base.state_us_11
county_us_13091,13091,Dodge,base.state_us_11
county_us_13093,13093,Dooly,base.state_us_11
county_us_13095,13095,Dougherty,base.state_us_11
county_us_13097,13097,Douglas,base.state_us_11
county_us_13099,13099,Early,base.state_us_11
county_us_13103,13103,Effingham,base.state_us_11
county_us_13105,13105,Elbert,base.state_us_11
county_us_13107,13107,Emanuel,base.state_us_11
county_us_13109,13109,Evans,base.state_us_11
county_us_13111,13111,Fannin,base.state_us_11
county_us_13113,13113,Fayette,base.state_us_11
county_us_13115,13115,Floyd,base.state_us_11
county_us_13117,13117,Forsyth,base.state_us_11
county_us_13119,13119,Franklin,base.state_us_11
county_us_13121,13121,Fulton,base.state_us_11
county_us_13123,13123,Gilmer,base.state_us_11
county_us_13125,13125,Glascock,base.state_us_11
county_us_13127,13127,Glynn,base.state_us_11
county_us_13129,13129,Gordon,base.state_us_11
county_us_13131,13131,Grady,base.state_us_11
county_us_13133,13133,Greene,base.state_us_11
county_us_13135,13135,Gwinnett,base.state_us_11
county_us_13137,13137,Habersham,base.state_us_11
county_us_13139,13139,Hall,base.state_us_11
county_us_13141,13141,Hancock,base.state_us_11
county_us_13143,13143,Haralson,base.state_us_11
county_us_13145,13145,Harris,base.state_us_11
county_us_13147,13147,Hart,base.state_us_11
county_us_13149,13149,Heard,base.state_us_11
county_us_13151,13151,Henry,base.state_us_11
county_us_13153,13153,Houston,base.state_us_11
county_us_13155,13155,Irwin,base.state_us_11
county_us_13157,13157,Jackson,base.state_us_11
county_us_13159,13159,Jasper,base.state_us_11
county_us_13161,13161,Jeff Davis,base.state_us_11
county_us_13163,13163,Jefferson,base.state_us_11
county_us_13165,13165,Jenkins,base.state_us_11
county_us_13167,13167,Johnson,base.state_us_11
county_us_13169,13169,Jones,base.state_us_11
county_us_13171,13171,Lamar,base.state_us_11
county_us_13173,13173,Lanier,base.state_us_11
county_us_13175,13175,Laurens,base.state_us_11
county_us_13177,13177,Lee,base.state_us_11
county_us_13179,13179,Liberty,base.state_us_11
county_us_13181,13181,Lincoln,base.state_us_11
county_us_13183,13183,Long,base.state_us_11
county_us_13185,13185,Lowndes,base.state_us_11
county_us_13187,13187,Lumpkin,base.state_us_11
county_us_13193,13193,Macon,base.state_us_11
county_us_13195,13195,Madison,base.state_us_11
county_us_13197,13197,Marion,base.state_us_11
county_us_13189,13189,McDuffie,base.state_us_11
county_us_13191,13191,McIntosh,base.state_us_11
county_us_13199,13199,Meriwether,base.state_us_11
county_us_13201,13201,Miller,base.state_us_11
county_us_13205,13205,Mitchell,base.state_us_11
county_us_13207,13207,Monroe,base.state_us_11
county_us_13209,13209,Montgomery,base.state_us_11
county_us_13211,13211,Morgan,base.state_us_11
county_us_13213,13213,Murray,base.state_us_11
county_us_13215,13215,Muscogee,base.state_us_11
county_us_13217,13217,Newton,base.state_us_11
county_us_13219,13219,Oconee,base.state_us_11
county_us_13221,13221,Oglethorpe,base.state_us_11
county_us_13223,13223,Paulding,base.state_us_11
county_us_13225,13225,Peach,base.state_us_11
county_us_13227,13227,Pickens,base.state_us_11
county_us_13229,13229,Pierce,base.state_us_11
county_us_13231,13231,Pike,base.state_us_11
county_us_13233,13233,Polk,base.state_us_11
county_us_13235,13235,Pulaski,base.state_us_11
county_us_13237,13237,Putnam,base.state_us_11
county_us_13241,13241,Rabun,base.state_us_11
county_us_13243,13243,Randolph,base.state_us_11
county_us_13245,13245,Richmond,base.state_us_11
county_us_13247,13247,Rockdale,base.state_us_11
county_us_13249,13249,Schley,base.state_us_11
county_us_13251,13251,Screven,base.state_us_11
county_us_13253,13253,Seminole,base.state_us_11
county_us_13255,13255,Spalding,base.state_us_11
county_us_13257,13257,Stephens,base.state_us_11
county_us_13259,13259,Stewart,base.state_us_11
county_us_13261,13261,Sumter,base.state_us_11
county_us_13263,13263,Talbot,base.state_us_11
county_us_13265,13265,Taliaferro,base.state_us_11
county_us_13267,13267,Tattnall,base.state_us_11
county_us_13269,13269,Taylor,base.state_us_11
county_us_13271,13271,Telfair,base.state_us_11
county_us_13273,13273,Terrell,base.state_us_11
county_us_13275,13275,Thomas,base.state_us_11
county_us_13277,13277,Tift,base.state_us_11
county_us_13279,13279,Toombs,base.state_us_11
county_us_13281,13281,Towns,base.state_us_11
county_us_13283,13283,Treutlen,base.state_us_11
county_us_13285,13285,Troup,base.state_us_11
county_us_13287,13287,Turner,base.state_us_11
county_us_13289,13289,Twiggs,base.state_us_11
county_us_13291,13291,Union,base.state_us_11
county_us_13293,13293,Upson,base.state_us_11
county_us_13295,13295,Walker,base.state_us_11
county_us_13297,13297,Walton,base.state_us_11
county_us_13299,13299,Ware,base.state_us_11
county_us_13301,13301,Warren,base.state_us_11
county_us_13303,13303,Washington,base.state_us_11
county_us_13305,13305,Wayne,base.state_us_11
county_us_13309,13309,Wheeler,base.state_us_11
county_us_13311,13311,White,base.state_us_11
county_us_13313,13313,Whitfield,base.state_us_11
county_us_13315,13315,Wilcox,base.state_us_11
county_us_13317,13317,Wilkes,base.state_us_11
county_us_13319,13319,Wilkinson,base.state_us_11
county_us_13321,13321,Worth,base.state_us_11
county_us_15001,15001,Hawaii,base.state_us_12
county_us_15003,15003,Honolulu,base.state_us_12
county_us_15007,15007,Kauai,base.state_us_12
county_us_15009,15009,Maui,base.state_us_12
county_us_16001,16001,Ada,base.state_us_13
county_us_16003,16003,Adams,base.state_us_13
county_us_16005,16005,Bannock,base.state_us_13
county_us_16007,16007,Bear Lake,base.state_us_13
county_us_16009,16009,Benewah,base.state_us_13
county_us_16011,16011,Bingham,base.state_us_13
county_us_16013,16013,Blaine,base.state_us_13
county_us_16015,16015,Boise,base.state_us_13
county_us_16017,16017,Bonner,base.state_us_13
county_us_16019,16019,Bonneville,base.state_us_13
county_us_16021,16021,Boundary,base.state_us_13
county_us_16023,16023,Butte,base.state_us_13
county_us_16025,16025,Camas,base.state_us_13
county_us_16027,16027,Canyon,base.state_us_13
county_us_16029,16029,Caribou,base.state_us_13
county_us_16031,16031,Cassia,base.state_us_13
county_us_16033,16033,Clark,base.state_us_13
county_us_16035,16035,Clearwater,base.state_us_13
county_us_16037,16037,Custer,base.state_us_13
county_us_16039,16039,Elmore,base.state_us_13
county_us_16041,16041,Franklin,base.state_us_13
county_us_16043,16043,Fremont,base.state_us_13
county_us_16045,16045,Gem,base.state_us_13
county_us_16047,16047,Gooding,base.state_us_13
county_us_16049,16049,Idaho,base.state_us_13
county_us_16051,16051,Jefferson,base.state_us_13
county_us_16053,16053,Jerome,base.state_us_13
county_us_16055,16055,Kootenai,base.state_us_13
county_us_16057,16057,Latah,base.state_us_13
county_us_16059,16059,Lemhi,base.state_us_13
county_us_16061,16061,Lewis,base.state_us_13
county_us_16063,16063,Lincoln,base.state_us_13
county_us_16065,16065,Madison,base.state_us_13
county_us_16067,16067,Minidoka,base.state_us_13
county_us_16069,16069,Nez Perce,base.state_us_13
county_us_16071,16071,Oneida,base.state_us_13
county_us_16073,16073,Owyhee,base.state_us_13
county_us_16075,16075,Payette,base.state_us_13
county_us_16077,16077,Power,base.state_us_13
county_us_16079,16079,Shoshone,base.state_us_13
county_us_16081,16081,Teton,base.state_us_13
county_us_16083,16083,Twin Falls,base.state_us_13
county_us_16085,16085,Valley,base.state_us_13
county_us_16087,16087,Washington,base.state_us_13
county_us_17001,17001,Adams,base.state_us_14
county_us_17003,17003,Alexander,base.state_us_14
county_us_17005,17005,Bond,base.state_us_14
county_us_17007,17007,Boone,base.state_us_14
county_us_17009,17009,Brown,base.state_us_14
county_us_17011,17011,Bureau,base.state_us_14
county_us_17013,17013,Calhoun,base.state_us_14
county_us_17015,17015,Carroll,base.state_us_14
county_us_17017,17017,Cass,base.state_us_14
county_us_17019,17019,Champaign,base.state_us_14
county_us_17021,17021,Christian,base.state_us_14
county_us_17023,17023,Clark,base.state_us_14
county_us_17025,17025,Clay,base.state_us_14
county_us_17027,17027,Clinton,base.state_us_14
county_us_17029,17029,Coles,base.state_us_14
county_us_17031,17031,Cook,base.state_us_14
county_us_17033,17033,Crawford,base.state_us_14
county_us_17035,17035,Cumberland,base.state_us_14
county_us_17039,17039,De Witt,base.state_us_14
county_us_17037,17037,DeKalb,base.state_us_14
county_us_17041,17041,Douglas,base.state_us_14
county_us_17043,17043,DuPage,base.state_us_14
county_us_17045,17045,Edgar,base.state_us_14
county_us_17047,17047,Edwards,base.state_us_14
county_us_17049,17049,Effingham,base.state_us_14
county_us_17051,17051,Fayette,base.state_us_14
county_us_17053,17053,Ford,base.state_us_14
county_us_17055,17055,Franklin,base.state_us_14
county_us_17057,17057,Fulton,base.state_us_14
county_us_17059,17059,Gallatin,base.state_us_14
county_us_17061,17061,Greene,base.state_us_14
county_us_17063,17063,Grundy,base.state_us_14
county_us_17065,17065,Hamilton,base.state_us_14
county_us_17067,17067,Hancock,base.state_us_14
county_us_17069,17069,Hardin,base.state_us_14
county_us_17071,17071,Henderson,base.state_us_14
county_us_17073,17073,Henry,base.state_us_14
county_us_17075,17075,Iroquois,base.state_us_14
county_us_17077,17077,Jackson,base.state_us_14
county_us_17079,17079,Jasper,base.state_us_14
county_us_17081,17081,Jefferson,base.state_us_14
county_us_17083,17083,Jersey,base.state_us_14
county_us_17085,17085,Jo Daviess,base.state_us_14
county_us_17087,17087,Johnson,base.state_us_14
county_us_17089,17089,Kane,base.state_us_14
county_us_17091,17091,Kankakee,base.state_us_14
county_us_17093,17093,Kendall,base.state_us_14
county_us_17095,17095,Knox,base.state_us_14
county_us_17099,17099,LaSalle,base.state_us_14
county_us_17097,17097,Lake,base.state_us_14
county_us_17101,17101,Lawrence,base.state_us_14
county_us_17103,17103,Lee,base.state_us_14
county_us_17105,17105,Livingston,base.state_us_14
county_us_17107,17107,Logan,base.state_us_14
county_us_17115,17115,Macon,base.state_us_14
county_us_17117,17117,Macoupin,base.state_us_14
county_us_17119,17119,Madison,base.state_us_14
county_us_17121,17121,Marion,base.state_us_14
county_us_17123,17123,Marshall,base.state_us_14
county_us_17125,17125,Mason,base.state_us_14
county_us_17127,17127,Massac,base.state_us_14
county_us_17109,17109,McDonough,base.state_us_14
county_us_17111,17111,McHenry,base.state_us_14
county_us_17113,17113,McLean,base.state_us_14
county_us_17129,17129,Menard,base.state_us_14
county_us_17131,17131,Mercer,base.state_us_14
county_us_17133,17133,Monroe,base.state_us_14
county_us_17135,17135,Montgomery,base.state_us_14
county_us_17137,17137,Morgan,base.state_us_14
county_us_17139,17139,Moultrie,base.state_us_14
county_us_17141,17141,Ogle,base.state_us_14
county_us_17143,17143,Peoria,base.state_us_14
county_us_17145,17145,Perry,base.state_us_14
county_us_17147,17147,Piatt,base.state_us_14
county_us_17149,17149,Pike,base.state_us_14
county_us_17151,17151,Pope,base.state_us_14
county_us_17153,17153,Pulaski,base.state_us_14
county_us_17155,17155,Putnam,base.state_us_14
county_us_17157,17157,Randolph,base.state_us_14
county_us_17159,17159,Richland,base.state_us_14
county_us_17161,17161,Rock Island,base.state_us_14
county_us_17165,17165,Saline,base.state_us_14
county_us_17167,17167,Sangamon,base.state_us_14
county_us_17169,17169,Schuyler,base.state_us_14
county_us_17171,17171,Scott,base.state_us_14
county_us_17173,17173,Shelby,base.state_us_14
county_us_17163,17163,St. Clair,base.state_us_14
county_us_17175,17175,Stark,base.state_us_14
county_us_17177,17177,Stephenson,base.state_us_14
county_us_17179,17179,Tazewell,base.state_us_14
county_us_17181,17181,Union,base.state_us_14
county_us_17183,17183,Vermilion,base.state_us_14
county_us_17185,17185,Wabash,base.state_us_14
county_us_17187,17187,Warren,base.state_us_14
county_us_17189,17189,Washington,base.state_us_14
county_us_17191,17191,Wayne,base.state_us_14
county_us_17193,17193,White,base.state_us_14
county_us_17195,17195,Whiteside,base.state_us_14
county_us_17197,17197,Will,base.state_us_14
county_us_17199,17199,Williamson,base.state_us_14
county_us_17201,17201,Winnebago,base.state_us_14
county_us_17203,17203,Woodford,base.state_us_14
county_us_18001,18001,Adams,base.state_us_15
county_us_18003,18003,Allen,base.state_us_15
county_us_18005,18005,Bartholomew,base.state_us_15
county_us_18007,18007,Benton,base.state_us_15
county_us_18009,18009,Blackford,base.state_us_15
county_us_18011,18011,Boone,base.state_us_15
county_us_18013,18013,Brown,base.state_us_15
county_us_18015,18015,Carroll,base.state_us_15
county_us_18017,18017,Cass,base.state_us_15
county_us_18019,18019,Clark,base.state_us_15
county_us_18021,18021,Clay,base.state_us_15
county_us_18023,18023,Clinton,base.state_us_15
county_us_18025,18025,Crawford,base.state_us_15
county_us_18027,18027,Daviess,base.state_us_15
county_us_18033,18033,DeKalb,base.state_us_15
county_us_18029,18029,Dearborn,base.state_us_15
county_us_18031,18031,Decatur,base.state_us_15
county_us_18035,18035,Delaware,base.state_us_15
county_us_18037,18037,Dubois,base.state_us_15
county_us_18039,18039,Elkhart,base.state_us_15
county_us_18041,18041,Fayette,base.state_us_15
county_us_18043,18043,Floyd,base.state_us_15
county_us_18045,18045,Fountain,base.state_us_15
county_us_18047,18047,Franklin,base.state_us_15
county_us_18049,18049,Fulton,base.state_us_15
county_us_18051,18051,Gibson,base.state_us_15
county_us_18053,18053,Grant,base.state_us_15
county_us_18055,18055,Greene,base.state_us_15
county_us_18057,18057,Hamilton,base.state_us_15
county_us_18059,18059,Hancock,base.state_us_15
county_us_18061,18061,Harrison,base.state_us_15
county_us_18063,18063,Hendricks,base.state_us_15
county_us_18065,18065,Henry,base.state_us_15
county_us_18067,18067,Howard,base.state_us_15
county_us_18069,18069,Huntington,base.state_us_15
county_us_18071,18071,Jackson,base.state_us_15
county_us_18073,18073,Jasper,base.state_us_15
county_us_18075,18075,Jay,base.state_us_15
county_us_18077,18077,Jefferson,base.state_us_15
county_us_18079,18079,Jennings,base.state_us_15
county_us_18081,18081,Johnson,base.state_us_15
county_us_18083,18083,Knox,base.state_us_15
county_us_18085,18085,Kosciusko,base.state_us_15
county_us_18087,18087,LaGrange,base.state_us_15
county_us_18091,18091,LaPorte,base.state_us_15
county_us_18089,18089,Lake,base.state_us_15
county_us_18093,18093,Lawrence,base.state_us_15
county_us_18095,18095,Madison,base.state_us_15
county_us_18097,18097,Marion,base.state_us_15
county_us_18099,18099,Marshall,base.state_us_15
county_us_18101,18101,Martin,base.state_us_15
county_us_18103,18103,Miami,base.state_us_15
county_us_18105,18105,Monroe,base.state_us_15
county_us_18107,18107,Montgomery,base.state_us_15
county_us_18109,18109,Morgan,base.state_us_15
county_us_18111,18111,Newton,base.state_us_15
county_us_18113,18113,Noble,base.state_us_15
county_us_18115,18115,Ohio,base.state_us_15
county_us_18117,18117,Orange,base.state_us_15
county_us_18119,18119,Owen,base.state_us_15
county_us_18121,18121,Parke,base.state_us_15
county_us_18123,18123,Perry,base.state_us_15
county_us_18125,18125,Pike,base.state_us_15
county_us_18127,18127,Porter,base.state_us_15
county_us_18129,18129,Posey,base.state_us_15
county_us_18131,18131,Pulaski,base.state_us_15
county_us_18133,18133,Putnam,base.state_us_15
county_us_18135,18135,Randolph,base.state_us_15
county_us_18137,18137,Ripley,base.state_us_15
county_us_18139,18139,Rush,base.state_us_15
county_us_18143,18143,Scott,base.state_us_15
county_us_18145,18145,Shelby,base.state_us_15
county_us_18147,18147,Spencer,base.state_us_15
county_us_18141,18141,St. Joseph,base.state_us_15
county_us_18149,18149,Starke,base.state_us_15
county_us_18151,18151,Steuben,base.state_us_15
county_us_18153,18153,Sullivan,base.state_us_15
county_us_18155,18155,Switzerland,base.state_us_15
county_us_18157,18157,Tippecanoe,base.state_us_15
county_us_18159,18159,Tipton,base.state_us_15
county_us_18161,18161,Union,base.state_us_15
county_us_18163,18163,Vanderburgh,base.state_us_15
county_us_18165,18165,Vermillion,base.state_us_15
county_us_18167,18167,Vigo,base.state_us_15
county_us_18169,18169,Wabash,base.state_us_15
county_us_18171,18171,Warren,base.state_us_15
county_us_18173,18173,Warrick,base.state_us_15
county_us_18175,18175,Washington,base.state_us_15
county_us_18177,18177,Wayne,base.state_us_15
county_us_18179,18179,Wells,base.state_us_15
county_us_18181,18181,White,base.state_us_15
county_us_18183,18183,Whitley,base.state_us_15
county_us_19001,19001,Adair,base.state_us_16
county_us_19003,19003,Adams,base.state_us_16
county_us_19005,19005,Allamakee,base.state_us_16
county_us_19007,19007,Appanoose,base.state_us_16
county_us_19009,19009,Audubon,base.state_us_16
county_us_19011,19011,Benton,base.state_us_16
county_us_19013,19013,Black Hawk,base.state_us_16
county_us_19015,19015,Boone,base.state_us_16
county_us_19017,19017,Bremer,base.state_us_16
county_us_19019,19019,Buchanan,base.state_us_16
county_us_19021,19021,Buena Vista,base.state_us_16
county_us_19023,19023,Butler,base.state_us_16
county_us_19025,19025,Calhoun,base.state_us_16
county_us_19027,19027,Carroll,base.state_us_16
county_us_19029,19029,Cass,base.state_us_16
county_us_19031,19031,Cedar,base.state_us_16
county_us_19033,19033,Cerro Gordo,base.state_us_16
county_us_19035,19035,Cherokee,base.state_us_16
county_us_19037,19037,Chickasaw,base.state_us_16
county_us_19039,19039,Clarke,base.state_us_16
county_us_19041,19041,Clay,base.state_us_16
county_us_19043,19043,Clayton,base.state_us_16
county_us_19045,19045,Clinton,base.state_us_16
county_us_19047,19047,Crawford,base.state_us_16
county_us_19049,19049,Dallas,base.state_us_16
county_us_19051,19051,Davis,base.state_us_16
county_us_19053,19053,Decatur,base.state_us_16
county_us_19055,19055,Delaware,base.state_us_16
county_us_19057,19057,Des Moines,base.state_us_16
county_us_19059,19059,Dickinson,base.state_us_16
county_us_19061,19061,Dubuque,base.state_us_16
county_us_19063,19063,Emmet,base.state_us_16
county_us_19065,19065,Fayette,base.state_us_16
county_us_19067,19067,Floyd,base.state_us_16
county_us_19069,19069,Franklin,base.state_us_16
county_us_19071,19071,Fremont,base.state_us_16
county_us_19073,19073,Greene,base.state_us_16
county_us_19075,19075,Grundy,base.state_us_16
county_us_19077,19077,Guthrie,base.state_us_16
county_us_19079,19079,Hamilton,base.state_us_16
county_us_19081,19081,Hancock,base.state_us_16
county_us_19083,19083,Hardin,base.state_us_16
county_us_19085,19085,Harrison,base.state_us_16
county_us_19087,19087,Henry,base.state_us_16
county_us_19089,19089,Howard,base.state_us_16
county_us_19091,19091,Humboldt,base.state_us_16
county_us_19093,19093,Ida,base.state_us_16
county_us_19095,19095,Iowa,base.state_us_16
county_us_19097,19097,Jackson,base.state_us_16
county_us_19099,19099,Jasper,base.state_us_16
county_us_19101,19101,Jefferson,base.state_us_16
county_us_19103,19103,Johnson,base.state_us_16
county_us_19105,19105,Jones,base.state_us_16
county_us_19107,19107,Keokuk,base.state_us_16
county_us_19109,19109,Kossuth,base.state_us_16
county_us_19111,19111,Lee,base.state_us_16
county_us_19113,19113,Linn,base.state_us_16
county_us_19115,19115,Louisa,base.state_us_16
county_us_19117,19117,Lucas,base.state_us_16
county_us_19119,19119,Lyon,base.state_us_16
county_us_19121,19121,Madison,base.state_us_16
county_us_19123,19123,Mahaska,base.state_us_16
county_us_19125,19125,Marion,base.state_us_16
county_us_19127,19127,Marshall,base.state_us_16
county_us_19129,19129,Mills,base.state_us_16
county_us_19131,19131,Mitchell,base.state_us_16
county_us_19133,19133,Monona,base.state_us_16
county_us_19135,19135,Monroe,base.state_us_16
county_us_19137,19137,Montgomery,base.state_us_16
county_us_19139,19139,Muscatine,base.state_us_16
county_us_19141,19141,O'Brien,base.state_us_16
county_us_19143,19143,Osceola,base.state_us_16
county_us_19145,19145,Page,base.state_us_16
county_us_19147,19147,Palo Alto,base.state_us_16
county_us_19149,19149,Plymouth,base.state_us_16
county_us_19151,19151,Pocahontas,base.state_us_16
county_us_19153,19153,Polk,base.state_us_16
county_us_19155,19155,Pottawattamie,base.state_us_16
county_us_19157,19157,Poweshiek,base.state_us_16
county_us_19159,19159,Ringgold,base.state_us_16
county_us_19161,19161,Sac,base.state_us_16
county_us_19163,19163,Scott,base.state_us_16
county_us_19165,19165,Shelby,base.state_us_16
county_us_19167,19167,Sioux,base.state_us_16
county_us_19169,19169,Story,base.state_us_16
county_us_19171,19171,Tama,base.state_us_16
county_us_19173,19173,Taylor,base.state_us_16
county_us_19175,19175,Union,base.state_us_16
county_us_19177,19177,Van Buren,base.state_us_16
county_us_19179,19179,Wapello,base.state_us_16
county_us_19181,19181,Warren,base.state_us_16
county_us_19183,19183,Washington,base.state_us_16
county_us_19185,19185,Wayne,base.state_us_16
county_us_19187,19187,Webster,base.state_us_16
county_us_19189,19189,Winnebago,base.state_us_16
county_us_19191,19191,Winneshiek,base.state_us_16
county_us_19193,19193,Woodbury,base.state_us_16
county_us_19195,19195,Worth,base.state_us_16
county_us_19197,19197,Wright,base.state_us_16
county_us_20001,20001,Allen,base.state_us_17
county_us_20003,20003,Anderson,base.state_us_17
county_us_20005,20005,Atchison,base.state_us_17
county_us_20007,20007,Barber,base.state_us_17
county_us_20009,20009,Barton,base.state_us_17
county_us_20011,20011,Bourbon,base.state_us_17
county_us_20013,20013,Brown,base.state_us_17
county_us_20015,20015,Butler,base.state_us_17
county_us_20017,20017,Chase,base.state_us_17
county_us_20019,20019,Chautauqua,base.state_us_17
county_us_20021,20021,Cherokee,base.state_us_17
county_us_20023,20023,Cheyenne,base.state_us_17
county_us_20025,20025,Clark,base.state_us_17
county_us_20027,20027,Clay,base.state_us_17
county_us_20029,20029,Cloud,base.state_us_17
county_us_20031,20031,Coffey,base.state_us_17
county_us_20033,20033,Comanche,base.state_us_17
county_us_20035,20035,Cowley,base.state_us_17
county_us_20037,20037,Crawford,base.state_us_17
county_us_20039,20039,Decatur,base.state_us_17
county_us_20041,20041,Dickinson,base.state_us_17
county_us_20043,20043,Doniphan,base.state_us_17
county_us_20045,20045,Douglas,base.state_us_17
county_us_20047,20047,Edwards,base.state_us_17
county_us_20049,20049,Elk,base.state_us_17
county_us_20051,20051,Ellis,base.state_us_17
county_us_20053,20053,Ellsworth,base.state_us_17
county_us_20055,20055,Finney,base.state_us_17
county_us_20057,20057,Ford,base.state_us_17
county_us_20059,20059,Franklin,base.state_us_17
county_us_20061,20061,Geary,base.state_us_17
county_us_20063,20063,Gove,base.state_us_17
county_us_20065,20065,Graham,base.state_us_17
county_us_20067,20067,Grant,base.state_us_17
county_us_20069,20069,Gray,base.state_us_17
county_us_20071,20071,Greeley,base.state_us_17
county_us_20073,20073,Greenwood,base.state_us_17
county_us_20075,20075,Hamilton,base.state_us_17
county_us_20077,20077,Harper,base.state_us_17
county_us_20079,20079,Harvey,base.state_us_17
county_us_20081,20081,Haskell,base.state_us_17
county_us_20083,20083,Hodgeman,base.state_us_17
county_us_20085,20085,Jackson,base.state_us_17
county_us_20087,20087,Jefferson,base.state_us_17
county_us_20089,20089,Jewell,base.state_us_17
county_us_20091,20091,Johnson,base.state_us_17
county_us_20093,20093,Kearny,base.state_us_17
county_us_20095,20095,Kingman,base.state_us_17
county_us_20097,20097,Kiowa,base.state_us_17
county_us_20099,20099,Labette,base.state_us_17
county_us_20101,20101,Lane,base.state_us_17
county_us_20103,20103,Leavenworth,base.state_us_17
county_us_20105,20105,Lincoln,base.state_us_17
county_us_20107,20107,Linn,base.state_us_17
county_us_20109,20109,Logan,base.state_us_17
county_us_20111,20111,Lyon,base.state_us_17
county_us_20115,20115,Marion,base.state_us_17
county_us_20117,20117,Marshall,base.state_us_17
county_us_20113,20113,McPherson,base.state_us_17
county_us_20119,20119,Meade,base.state_us_17
county_us_20121,20121,Miami,base.state_us_17
county_us_20123,20123,Mitchell,base.state_us_17
county_us_20125,20125,Montgomery,base.state_us_17
county_us_20127,20127,Morris,base.state_us_17
county_us_20129,20129,Morton,base.state_us_17
county_us_20131,20131,Nemaha,base.state_us_17
county_us_20133,20133,Neosho,base.state_us_17
county_us_20135,20135,Ness,base.state_us_17
county_us_20137,20137,Norton,base.state_us_17
county_us_20139,20139,Osage,base.state_us_17
county_us_20141,20141,Osborne,base.state_us_17
county_us_20143,20143,Ottawa,base.state_us_17
county_us_20145,20145,Pawnee,base.state_us_17
county_us_20147,20147,Phillips,base.state_us_17
county_us_20149,20149,Pottawatomie,base.state_us_17
county_us_20151,20151,Pratt,base.state_us_17
county_us_20153,20153,Rawlins,base.state_us_17
county_us_20155,20155,Reno,base.state_us_17
county_us_20157,20157,Republic,base.state_us_17
county_us_20159,20159,Rice,base.state_us_17
county_us_20161,20161,Riley,base.state_us_17
county_us_20163,20163,Rooks,base.state_us_17
county_us_20165,20165,Rush,base.state_us_17
county_us_20167,20167,Russell,base.state_us_17
county_us_20169,20169,Saline,base.state_us_17
county_us_20171,20171,Scott,base.state_us_17
county_us_20173,20173,Sedgwick,base.state_us_17
county_us_20175,20175,Seward,base.state_us_17
county_us_20177,20177,Shawnee,base.state_us_17
county_us_20179,20179,Sheridan,base.state_us_17
county_us_20181,20181,Sherman,base.state_us_17
county_us_20183,20183,Smith,base.state_us_17
county_us_20185,20185,Stafford,base.state_us_17
county_us_20187,20187,Stanton,base.state_us_17
county_us_20189,20189,Stevens,base.state_us_17
county_us_20191,20191,Sumner,base.state_us_17
county_us_20193,20193,Thomas,base.state_us_17
county_us_20195,20195,Trego,base.state_us_17
county_us_20197,20197,Wabaunsee,base.state_us_17
county_us_20199,20199,Wallace,base.state_us_17
county_us_20201,20201,Washington,base.state_us_17
county_us_20203,20203,Wichita,base.state_us_17
county_us_20205,20205,Wilson,base.state_us_17
county_us_20207,20207,Woodson,base.state_us_17
county_us_20209,20209,Wyandotte,base.state_us_17
county_us_21001,21001,Adair,base.state_us_18
county_us_21003,21003,Allen,base.state_us_18
county_us_21005,21005,Anderson,base.state_us_18
county_us_21007,21007,Ballard,base.state_us_18
county_us_21009,21009,Barren,base.state_us_18
county_us_21011,21011,Bath,base.state_us_18
county_us_21013,21013,Bell,base.state_us_18
county_us_21015,21015,Boone,base.state_us_18
county_us_21017,21017,Bourbon,base.state_us_18
county_us_21019,21019,Boyd,base.state_us_18
county_us_21021,21021,Boyle,base.state_us_18
county_us_21023,21023,Bracken,base.state_us_18
county_us_21025,21025,Breathitt,base.state_us_18
county_us_21027,21027,Breckinridge,base.state_us_18
county_us_21029,21029,Bullitt,base.state_us_18
county_us_21031,21031,Butler,base.state_us_18
county_us_21033,21033,Caldwell,base.state_us_18
county_us_21035,21035,Calloway,base.state_us_18
county_us_21037,21037,Campbell,base.state_us_18
county_us_21039,21039,Carlisle,base.state_us_18
county_us_21041,21041,Carroll,base.state_us_18
county_us_21043,21043,Carter,base.state_us_18
county_us_21045,21045,Casey,base.state_us_18
county_us_21047,21047,Christian,base.state_us_18
county_us_21049,21049,Clark,base.state_us_18
county_us_21051,21051,Clay,base.state_us_18
county_us_21053,21053,Clinton,base.state_us_18
county_us_21055,21055,Crittenden,base.state_us_18
county_us_21057,21057,Cumberland,base.state_us_18
county_us_21059,21059,Daviess,base.state_us_18
county_us_21061,21061,Edmonson,base.state_us_18
county_us_21063,21063,Elliott,base.state_us_18
county_us_21065,21065,Estill,base.state_us_18
county_us_21067,21067,Fayette,base.state_us_18
county_us_21069,21069,Fleming,base.state_us_18
county_us_21071,21071,Floyd,base.state_us_18
county_us_21073,21073,Franklin,base.state_us_18
county_us_21075,21075,Fulton,base.state_us_18
county_us_21077,21077,Gallatin,base.state_us_18
county_us_21079,21079,Garrard,base.state_us_18
county_us_21081,21081,Grant,base.state_us_18
county_us_21083,21083,Graves,base.state_us_18
county_us_21085,21085,Grayson,base.state_us_18
county_us_21087,21087,Green,base.state_us_18
county_us_21089,21089,Greenup,base.state_us_18
county_us_21091,21091,Hancock,base.state_us_18
county_us_21093,21093,Hardin,base.state_us_18
county_us_21095,21095,Harlan,base.state_us_18
county_us_21097,21097,Harrison,base.state_us_18
county_us_21099,21099,Hart,base.state_us_18
county_us_21101,21101,Henderson,base.state_us_18
county_us_21103,21103,Henry,base.state_us_18
county_us_21105,21105,Hickman,base.state_us_18
county_us_21107,21107,Hopkins,base.state_us_18
county_us_21109,21109,Jackson,base.state_us_18
county_us_21111,21111,Jefferson,base.state_us_18
county_us_21113,21113,Jessamine,base.state_us_18
county_us_21115,21115,Johnson,base.state_us_18
county_us_21117,21117,Kenton,base.state_us_18
county_us_21119,21119,Knott,base.state_us_18
county_us_21121,21121,Knox,base.state_us_18
county_us_21123,21123,Larue,base.state_us_18
county_us_21125,21125,Laurel,base.state_us_18
county_us_21127,21127,Lawrence,base.state_us_18
county_us_21129,21129,Lee,base.state_us_18
county_us_21131,21131,Leslie,base.state_us_18
county_us_21133,21133,Letcher,base.state_us_18
county_us_21135,21135,Lewis,base.state_us_18
county_us_21137,21137,Lincoln,base.state_us_18
county_us_21139,21139,Livingston,base.state_us_18
county_us_21141,21141,Logan,base.state_us_18
county_us_21143,21143,Lyon,base.state_us_18
county_us_21151,21151,Madison,base.state_us_18
county_us_21153,21153,Magoffin,base.state_us_18
county_us_21155,21155,Marion,base.state_us_18
county_us_21157,21157,Marshall,base.state_us_18
county_us_21159,21159,Martin,base.state_us_18
county_us_21161,21161,Mason,base.state_us_18
county_us_21145,21145,McCracken,base.state_us_18
county_us_21147,21147,McCreary,base.state_us_18
county_us_21149,21149,McLean,base.state_us_18
county_us_21163,21163,Meade,base.state_us_18
county_us_21165,21165,Menifee,base.state_us_18
county_us_21167,21167,Mercer,base.state_us_18
county_us_21169,21169,Metcalfe,base.state_us_18
county_us_21171,21171,Monroe,base.state_us_18
county_us_21173,21173,Montgomery,base.state_us_18
county_us_21175,21175,Morgan,base.state_us_18
county_us_21177,21177,Muhlenberg,base.state_us_18
county_us_21179,21179,Nelson,base.state_us_18
county_us_21181,21181,Nicholas,base.state_us_18
county_us_21183,21183,Ohio,base.state_us_18
county_us_21185,21185,Oldham,base.state_us_18
county_us_21187,21187,Owen,base.state_us_18
county_us_21189,21189,Owsley,base.state_us_18
county_us_21191,21191,Pendleton,base.state_us_18
county_us_21193,21193,Perry,base.state_us_18
county_us_21195,21195,Pike,base.state_us_18
county_us_21197,21197,Powell,base.state_us_18
county_us_21199,21199,Pulaski,base.state_us_18
county_us_21201,21201,Robertson,base.state_us_18
county_us_21203,21203,Rockcastle,base.state_us_18
county_us_21205,21205,Rowan,base.state_us_18
county_us_21207,21207,Russell,base.state_us_18
county_us_21209,21209,Scott,base.state_us_18
county_us_21211,21211,Shelby,base.state_us_18
county_us_21213,21213,Simpson,base.state_us_18
county_us_21215,21215,Spencer,base.state_us_18
county_us_21217,21217,Taylor,base.state_us_18
county_us_21219,21219,Todd,base.state_us_18
county_us_21221,21221,Trigg,base.state_us_18
county_us_21223,21223,Trimble,base.state_us_18
county_us_21225,21225,Union,base.state_us_18
county_us_21227,21227,Warren,base.state_us_18
county_us_21229,21229,Washington,base.state_us_18
county_us_21231,21231,Wayne,base.state_us_18
county_us_21233,21233,Webster,base.state_us_18
county_us_21235,21235,Whitley,base.state_us_18
county_us_21237,21237,Wolfe,base.state_us_18
county_us_21239,21239,Woodford,base.state_us_18
county_us_22001,22001,Acadia,base.state_us_19
county_us_22003,22003,Allen,base.state_us_19
county_us_22005,22005,Ascension,base.state_us_19
county_us_22007,22007,Assumption,base.state_us_19
county_us_22009,22009,Avoyelles,base.state_us_19
county_us_22011,22011,Beauregard,base.state_us_19
county_us_22013,22013,Bienville,base.state_us_19
county_us_22015,22015,Bossier,base.state_us_19
county_us_22017,22017,Caddo,base.state_us_19
county_us_22019,22019,Calcasieu,base.state_us_19
county_us_22021,22021,Caldwell,base.state_us_19
county_us_22023,22023,Cameron,base.state_us_19
county_us_22025,22025,Catahoula,base.state_us_19
county_us_22027,22027,Claiborne,base.state_us_19
county_us_22029,22029,Concordia,base.state_us_19
county_us_22031,22031,De Soto,base.state_us_19
county_us_22033,22033,East Baton Rouge,base.state_us_19
county_us_22035,22035,East Carroll,base.state_us_19
county_us_22037,22037,East Feliciana,base.state_us_19
county_us_22039,22039,Evangeline,base.state_us_19
county_us_22041,22041,Franklin,base.state_us_19
county_us_22043,22043,Grant,base.state_us_19
county_us_22045,22045,Iberia,base.state_us_19
county_us_22047,22047,Iberville,base.state_us_19
county_us_22049,22049,Jackson,base.state_us_19
county_us_22051,22051,Jefferson,base.state_us_19
county_us_22053,22053,Jefferson Davis,base.state_us_19
county_us_22059,22059,LaSalle,base.state_us_19
county_us_22055,22055,Lafayette,base.state_us_19
county_us_22057,22057,Lafourche,base.state_us_19
county_us_22061,22061,Lincoln,base.state_us_19
county_us_22063,22063,Livingston,base.state_us_19
county_us_22065,22065,Madison,base.state_us_19
county_us_22067,22067,Morehouse,base.state_us_19
county_us_22069,22069,Natchitoches,base.state_us_19
county_us_22071,22071,Orleans,base.state_us_19
county_us_22073,22073,Ouachita,base.state_us_19
county_us_22075,22075,Plaquemines,base.state_us_19
county_us_22077,22077,Pointe Coupee,base.state_us_19
county_us_22079,22079,Rapides,base.state_us_19
county_us_22081,22081,Red River,base.state_us_19
county_us_22083,22083,Richland,base.state_us_19
county_us_22085,22085,Sabine,base.state_us_19
county_us_22087,22087,St. Bernard,base.state_us_19
county_us_22089,22089,St. Charles,base.state_us_19
county_us_22091,22091,St. Helena,base.state_us_19
county_us_22093,22093,St. James,base.state_us_19
county_us_22095,22095,St. John the Baptist,base.state_us_19
county_us_22097,22097,St. Landry,base.state_us_19
county_us_22099,22099,St. Martin,base.state_us_19
county_us_22101,22101,St. Mary,base.state_us_19
county_us_22103,22103,St. Tammany,base.state_us_19
county_us_22105,22105,Tangipahoa,base.state_us_19
county_us_22107,22107,Tensas,base.state_us_19
county_us_22109,22109,Terrebonne,base.state_us_19
county_us_22111,22111,Union,base.state_us_19
county_us_22113,22113,Vermilion,base.state_us_19
county_us_22115,22115,Vernon,base.state_us_19
county_us_22117,22117,Washington,base.state_us_19
county_us_22119,22119,Webster,base.state_us_19
county_us_22121,22121,West Baton Rouge,base.state_us_19
county_us_22123,22123,West Carroll,base.state_us_19
county_us_22125,22125,West Feliciana,base.state_us_19
county_us_22127,22127,Winn,base.state_us_19
county_us_23001,23001,Androscoggin,base.state_us_20
county_us_23003,23003,Aroostook,base.state_us_20
county_us_23005,23005,Cumberland,base.state_us_20
county_us_23007,23007,Franklin,base.state_us_20
county_us_23009,23009,Hancock,base.state_us_20
county_us_23011,23011,Kennebec,base.state_us_20
county_us_23013,23013,Knox,base.state_us_20
county_us_23017,23017,Oxford,base.state_us_20
county_us_23019,23019,Penobscot,base.state_us_20
county_us_23021,23021,Piscataquis,base.state_us_20
county_us_23023,23023,Sagadahoc,base.state_us_20
county_us_23025,23025,Somerset,base.state_us_20
county_us_23027,23027,Waldo,base.state_us_20
county_us_23029,23029,Washington,base.state_us_20
county_us_23031,23031,York,base.state_us_20
county_us_24001,24001,Allegany,base.state_us_33
county_us_24003,24003,Anne Arundel,base.state_us_33
county_us_24005,24005,Baltimore,base.state_us_33
county_us_24009,24009,Calvert,base.state_us_33
county_us_24011,24011,Caroline,base.state_us_33
county_us_24013,24013,Carroll,base.state_us_33
county_us_24015,24015,Cecil,base.state_us_33
county_us_24017,24017,Charles,base.state_us_33
county_us_24019,24019,Dorchester,base.state_us_33
county_us_24021,24021,Frederick,base.state_us_33
county_us_24023,24023,Garrett,base.state_us_33
county_us_24025,24025,Harford,base.state_us_33
county_us_24027,24027,Howard,base.state_us_33
county_us_24029,24029,Kent,base.state_us_33
county_us_24031,24031,Montgomery,base.state_us_33
county_us_24033,24033,Prince George's,base.state_us_33
county_us_24035,24035,Queen Anne's,base.state_us_33
county_us_24039,24039,Somerset,base.state_us_33
county_us_24037,24037,St. Mary's,base.state_us_33
county_us_24041,24041,Talbot,base.state_us_33
county_us_24043,24043,Washington,base.state_us_33
county_us_24045,24045,Wicomico,base.state_us_33
county_us_24047,24047,Worcester,base.state_us_33
county_us_25001,25001,Barnstable,base.state_us_34
county_us_25003,25003,Berkshire,base.state_us_34
county_us_25005,25005,Bristol,base.state_us_34
county_us_25007,25007,Dukes,base.state_us_34
county_us_25009,25009,Essex,base.state_us_34
county_us_25011,25011,Franklin,base.state_us_34
county_us_25013,25013,Hampden,base.state_us_34
county_us_25015,25015,Hampshire,base.state_us_34
county_us_25017,25017,Middlesex,base.state_us_34
county_us_25019,25019,Nantucket,base.state_us_34
county_us_25021,25021,Norfolk,base.state_us_34
county_us_25023,25023,Plymouth,base.state_us_34
county_us_25025,25025,Suffolk,base.state_us_34
county_us_25027,25027,Worcester,base.state_us_34
county_us_26001,26001,Alcona,base.state_us_35
county_us_26003,26003,Alger,base.state_us_35
county_us_26005,26005,Allegan,base.state_us_35
county_us_26007,26007,Alpena,base.state_us_35
county_us_26009,26009,Antrim,base.state_us_35
county_us_26011,26011,Arenac,base.state_us_35
county_us_26013,26013,Baraga,base.state_us_35
county_us_26015,26015,Barry,base.state_us_35
county_us_26017,26017,Bay,base.state_us_35
county_us_26019,26019,Benzie,base.state_us_35
county_us_26021,26021,Berrien,base.state_us_35
county_us_26023,26023,Branch,base.state_us_35
county_us_26025,26025,Calhoun,base.state_us_35
county_us_26027,26027,Cass,base.state_us_35
county_us_26029,26029,Charlevoix,base.state_us_35
county_us_26031,26031,Cheboygan,base.state_us_35
county_us_26033,26033,Chippewa,base.state_us_35
county_us_26035,26035,Clare,base.state_us_35
county_us_26037,26037,Clinton,base.state_us_35
county_us_26039,26039,Crawford,base.state_us_35
county_us_26041,26041,Delta,base.state_us_35
county_us_26043,26043,Dickinson,base.state_us_35
county_us_26045,26045,Eaton,base.state_us_35
county_us_26047,26047,Emmet,base.state_us_35
county_us_26049,26049,Genesee,base.state_us_35
county_us_26051,26051,Gladwin,base.state_us_35
county_us_26053,26053,Gogebic,base.state_us_35
county_us_26055,26055,Grand Traverse,base.state_us_35
county_us_26057,26057,Gratiot,base.state_us_35
county_us_26059,26059,Hillsdale,base.state_us_35
county_us_26061,26061,Houghton,base.state_us_35
county_us_26063,26063,Huron,base.state_us_35
county_us_26065,26065,Ingham,base.state_us_35
county_us_26067,26067,Ionia,base.state_us_35
county_us_26069,26069,Iosco,base.state_us_35
county_us_26071,26071,Iron,base.state_us_35
county_us_26073,26073,Isabella,base.state_us_35
county_us_26075,26075,Jackson,base.state_us_35
county_us_26077,26077,Kalamazoo,base.state_us_35
county_us_26079,26079,Kalkaska,base.state_us_35
county_us_26081,26081,Kent,base.state_us_35
county_us_26083,26083,Keweenaw,base.state_us_35
county_us_26085,26085,Lake,base.state_us_35
county_us_26087,26087,Lapeer,base.state_us_35
county_us_26089,26089,Leelanau,base.state_us_35
county_us_26091,26091,Lenawee,base.state_us_35
county_us_26093,26093,Livingston,base.state_us_35
county_us_26095,26095,Luce,base.state_us_35
county_us_26097,26097,Mackinac,base.state_us_35
county_us_26099,26099,Macomb,base.state_us_35
county_us_26101,26101,Manistee,base.state_us_35
county_us_26103,26103,Marquette,base.state_us_35
county_us_26105,26105,Mason,base.state_us_35
county_us_26107,26107,Mecosta,base.state_us_35
county_us_26109,26109,Menominee,base.state_us_35
county_us_26111,26111,Midland,base.state_us_35
county_us_26113,26113,Missaukee,base.state_us_35
county_us_26115,26115,Monroe,base.state_us_35
county_us_26117,26117,Montcalm,base.state_us_35
county_us_26119,26119,Montmorency,base.state_us_35
county_us_26121,26121,Muskegon,base.state_us_35
county_us_26123,26123,Newaygo,base.state_us_35
county_us_26125,26125,Oakland,base.state_us_35
county_us_26127,26127,Oceana,base.state_us_35
county_us_26129,26129,Ogemaw,base.state_us_35
county_us_26131,26131,Ontonagon,base.state_us_35
county_us_26133,26133,Osceola,base.state_us_35
county_us_26135,26135,Oscoda,base.state_us_35
county_us_26137,26137,Otsego,base.state_us_35
county_us_26139,26139,Ottawa,base.state_us_35
county_us_26141,26141,Presque Isle,base.state_us_35
county_us_26143,26143,Roscommon,base.state_us_35
county_us_26145,26145,Saginaw,base.state_us_35
county_us_26151,26151,Sanilac,base.state_us_35
county_us_26153,26153,Schoolcraft,base.state_us_35
county_us_26155,26155,Shiawassee,base.state_us_35
county_us_26147,26147,St. Clair,base.state_us_35
county_us_26149,26149,St. Joseph,base.state_us_35
county_us_26157,26157,Tuscola,base.state_us_35
county_us_26159,26159,Van Buren,base.state_us_35
county_us_26161,26161,Washtenaw,base.state_us_35
county_us_26163,26163,Wayne,base.state_us_35
county_us_26165,26165,Wexford,base.state_us_35
county_us_27001,27001,Aitkin,base.state_us_36
county_us_27003,27003,Anoka,base.state_us_36
county_us_27005,27005,Becker,base.state_us_36
county_us_27007,27007,Beltrami,base.state_us_36
county_us_27009,27009,Benton,base.state_us_36
county_us_27011,27011,Big Stone,base.state_us_36
county_us_27013,27013,Blue Earth,base.state_us_36
county_us_27015,27015,Brown,base.state_us_36
county_us_27017,27017,Carlton,base.state_us_36
county_us_27019,27019,Carver,base.state_us_36
county_us_27021,27021,Cass,base.state_us_36
county_us_27023,27023,Chippewa,base.state_us_36
county_us_27025,27025,Chisago,base.state_us_36
county_us_27027,27027,Clay,base.state_us_36
county_us_27029,27029,Clearwater,base.state_us_36
county_us_27031,27031,Cook,base.state_us_36
county_us_27033,27033,Cottonwood,base.state_us_36
county_us_27035,27035,Crow Wing,base.state_us_36
county_us_27037,27037,Dakota,base.state_us_36
county_us_27039,27039,Dodge,base.state_us_36
county_us_27041,27041,Douglas,base.state_us_36
county_us_27043,27043,Faribault,base.state_us_36
county_us_27045,27045,Fillmore,base.state_us_36
county_us_27047,27047,Freeborn,base.state_us_36
county_us_27049,27049,Goodhue,base.state_us_36
county_us_27051,27051,Grant,base.state_us_36
county_us_27053,27053,Hennepin,base.state_us_36
county_us_27055,27055,Houston,base.state_us_36
county_us_27057,27057,Hubbard,base.state_us_36
county_us_27059,27059,Isanti,base.state_us_36
county_us_27061,27061,Itasca,base.state_us_36
county_us_27063,27063,Jackson,base.state_us_36
county_us_27065,27065,Kanabec,base.state_us_36
county_us_27067,27067,Kandiyohi,base.state_us_36
county_us_27069,27069,Kittson,base.state_us_36
county_us_27071,27071,Koochiching,base.state_us_36
county_us_27073,27073,Lac qui Parle,base.state_us_36
county_us_27075,27075,Lake,base.state_us_36
county_us_27077,27077,Lake of the Woods,base.state_us_36
county_us_27079,27079,Le Sueur,base.state_us_36
county_us_27081,27081,Lincoln,base.state_us_36
county_us_27083,27083,Lyon,base.state_us_36
county_us_27087,27087,Mahnomen,base.state_us_36
county_us_27089,27089,Marshall,base.state_us_36
county_us_27091,27091,Martin,base.state_us_36
county_us_27085,27085,McLeod,base.state_us_36
county_us_27093,27093,Meeker,base.state_us_36
county_us_27095,27095,Mille Lacs,base.state_us_36
county_us_27097,27097,Morrison,base.state_us_36
county_us_27099,27099,Mower,base.state_us_36
county_us_27101,27101,Murray,base.state_us_36
county_us_27103,27103,Nicollet,base.state_us_36
county_us_27105,27105,Nobles,base.state_us_36
county_us_27107,27107,Norman,base.state_us_36
county_us_27109,27109,Olmsted,base.state_us_36
county_us_27111,27111,Otter Tail,base.state_us_36
county_us_27113,27113,Pennington,base.state_us_36
county_us_27115,27115,Pine,base.state_us_36
county_us_27117,27117,Pipestone,base.state_us_36
county_us_27119,27119,Polk,base.state_us_36
county_us_27121,27121,Pope,base.state_us_36
county_us_27123,27123,Ramsey,base.state_us_36
county_us_27125,27125,Red Lake,base.state_us_36
county_us_27127,27127,Redwood,base.state_us_36
county_us_27129,27129,Renville,base.state_us_36
county_us_27131,27131,Rice,base.state_us_36
county_us_27133,27133,Rock,base.state_us_36
county_us_27135,27135,Roseau,base.state_us_36
county_us_27139,27139,Scott,base.state_us_36
county_us_27141,27141,Sherburne,base.state_us_36
county_us_27143,27143,Sibley,base.state_us_36
county_us_27137,27137,St. Louis,base.state_us_36
county_us_27145,27145,Stearns,base.state_us_36
county_us_27147,27147,Steele,base.state_us_36
county_us_27149,27149,Stevens,base.state_us_36
county_us_27151,27151,Swift,base.state_us_36
county_us_27153,27153,Todd,base.state_us_36
county_us_27155,27155,Traverse,base.state_us_36
county_us_27157,27157,Wabasha,base.state_us_36
county_us_27159,27159,Wadena,base.state_us_36
county_us_27161,27161,Waseca,base.state_us_36
county_us_27163,27163,Washington,base.state_us_36
county_us_27165,27165,Watonwan,base.state_us_36
county_us_27167,27167,Wilkin,base.state_us_36
county_us_27169,27169,Winona,base.state_us_36
county_us_27171,27171,Wright,base.state_us_36
county_us_27173,27173,Yellow Medicine,base.state_us_36
county_us_28001,28001,Adams,base.state_us_37
county_us_28003,28003,Alcorn,base.state_us_37
county_us_28005,28005,Amite,base.state_us_37
county_us_28007,28007,Attala,base.state_us_37
county_us_28009,28009,Benton,base.state_us_37
county_us_28011,28011,Bolivar,base.state_us_37
county_us_28013,28013,Calhoun,base.state_us_37
county_us_28015,28015,Carroll,base.state_us_37
county_us_28017,28017,Chickasaw,base.state_us_37
county_us_28019,28019,Choctaw,base.state_us_37
county_us_28021,28021,Claiborne,base.state_us_37
county_us_28023,28023,Clarke,base.state_us_37
county_us_28025,28025,Clay,base.state_us_37
county_us_28027,28027,Coahoma,base.state_us_37
county_us_28029,28029,Copiah,base.state_us_37
county_us_28031,28031,Covington,base.state_us_37
county_us_28033,28033,DeSoto,base.state_us_37
county_us_28035,28035,Forrest,base.state_us_37
county_us_28037,28037,Franklin,base.state_us_37
county_us_28039,28039,George,base.state_us_37
county_us_28041,28041,Greene,base.state_us_37
county_us_28043,28043,Grenada,base.state_us_37
county_us_28045,28045,Hancock,base.state_us_37
county_us_28047,28047,Harrison,base.state_us_37
county_us_28049,28049,Hinds,base.state_us_37
county_us_28051,28051,Holmes,base.state_us_37
county_us_28053,28053,Humphreys,base.state_us_37
county_us_28055,28055,Issaquena,base.state_us_37
county_us_28057,28057,Itawamba,base.state_us_37
county_us_28059,28059,Jackson,base.state_us_37
county_us_28061,28061,Jasper,base.state_us_37
county_us_28063,28063,Jefferson,base.state_us_37
county_us_28065,28065,Jefferson Davis,base.state_us_37
county_us_28067,28067,Jones,base.state_us_37
county_us_28069,28069,Kemper,base.state_us_37
county_us_28071,28071,Lafayette,base.state_us_37
county_us_28073,28073,Lamar,base.state_us_37
county_us_28075,28075,Lauderdale,base.state_us_37
county_us_28077,28077,Lawrence,base.state_us_37
county_us_28079,28079,Leake,base.state_us_37
county_us_28081,28081,Lee,base.state_us_37
county_us_28083,28083,Leflore,base.state_us_37
county_us_28085,28085,Lincoln,base.state_us_37
county_us_28087,28087,Lowndes,base.state_us_37
county_us_28089,28089,Madison,base.state_us_37
county_us_28091,28091,Marion,base.state_us_37
county_us_28093,28093,Marshall,base.state_us_37
county_us_28095,28095,Monroe,base.state_us_37
county_us_28097,28097,Montgomery,base.state_us_37
county_us_28099,28099,Neshoba,base.state_us_37
county_us_28101,28101,Newton,base.state_us_37
county_us_28103,28103,Noxubee,base.state_us_37
county_us_28105,28105,Oktibbeha,base.state_us_37
county_us_28107,28107,Panola,base.state_us_37
county_us_28109,28109,Pearl River,base.state_us_37
county_us_28111,28111,Perry,base.state_us_37
county_us_28113,28113,Pike,base.state_us_37
county_us_28115,28115,Pontotoc,base.state_us_37
county_us_28117,28117,Prentiss,base.state_us_37
county_us_28119,28119,Quitman,base.state_us_37
county_us_28121,28121,Rankin,base.state_us_37
county_us_28123,28123,Scott,base.state_us_37
county_us_28125,28125,Sharkey,base.state_us_37
county_us_28127,28127,Simpson,base.state_us_37
county_us_28129,28129,Smith,base.state_us_37
county_us_28131,28131,Stone,base.state_us_37
county_us_28133,28133,Sunflower,base.state_us_37
county_us_28135,28135,Tallahatchie,base.state_us_37
county_us_28137,28137,Tate,base.state_us_37
county_us_28139,28139,Tippah,base.state_us_37
county_us_28141,28141,Tishomingo,base.state_us_37
county_us_28143,28143,Tunica,base.state_us_37
county_us_28145,28145,Union,base.state_us_37
county_us_28147,28147,Walthall,base.state_us_37
county_us_28149,28149,Warren,base.state_us_37
county_us_28151,28151,Washington,base.state_us_37
county_us_28153,28153,Wayne,base.state_us_37
county_us_28155,28155,Webster,base.state_us_37
county_us_28157,28157,Wilkinson,base.state_us_37
county_us_28159,28159,Winston,base.state_us_37
county_us_28161,28161,Yalobusha,base.state_us_37
county_us_28163,28163,Yazoo,base.state_us_37
county_us_29001,29001,Adair,base.state_us_38
county_us_29003,29003,Andrew,base.state_us_38
county_us_29005,29005,Atchison,base.state_us_38
county_us_29007,29007,Audrain,base.state_us_38
county_us_29009,29009,Barry,base.state_us_38
county_us_29011,29011,Barton,base.state_us_38
county_us_29013,29013,Bates,base.state_us_38
county_us_29015,29015,Benton,base.state_us_38
county_us_29017,29017,Bollinger,base.state_us_38
county_us_29019,29019,Boone,base.state_us_38
county_us_29021,29021,Buchanan,base.state_us_38
county_us_29023,29023,Butler,base.state_us_38
county_us_29025,29025,Caldwell,base.state_us_38
county_us_29027,29027,Callaway,base.state_us_38
county_us_29029,29029,Camden,base.state_us_38
county_us_29031,29031,Cape Girardeau,base.state_us_38
county_us_29033,29033,Carroll,base.state_us_38
county_us_29035,29035,Carter,base.state_us_38
county_us_29037,29037,Cass,base.state_us_38
county_us_29039,29039,Cedar,base.state_us_38
county_us_29041,29041,Chariton,base.state_us_38
county_us_29043,29043,Christian,base.state_us_38
county_us_29045,29045,Clark,base.state_us_38
county_us_29047,29047,Clay,base.state_us_38
county_us_29049,29049,Clinton,base.state_us_38
county_us_29051,29051,Cole,base.state_us_38
county_us_29053,29053,Cooper,base.state_us_38
county_us_29055,29055,Crawford,base.state_us_38
county_us_29057,29057,Dade,base.state_us_38
county_us_29059,29059,Dallas,base.state_us_38
county_us_29061,29061,Daviess,base.state_us_38
county_us_29063,29063,DeKalb,base.state_us_38
county_us_29065,29065,Dent,base.state_us_38
county_us_29067,29067,Douglas,base.state_us_38
county_us_29069,29069,Dunklin,base.state_us_38
county_us_29071,29071,Franklin,base.state_us_38
county_us_29073,29073,Gasconade,base.state_us_38
county_us_29075,29075,Gentry,base.state_us_38
county_us_29077,29077,Greene,base.state_us_38
county_us_29079,29079,Grundy,base.state_us_38
county_us_29081,29081,Harrison,base.state_us_38
county_us_29083,29083,Henry,base.state_us_38
county_us_29085,29085,Hickory,base.state_us_38
county_us_29087,29087,Holt,base.state_us_38
county_us_29089,29089,Howard,base.state_us_38
county_us_29091,29091,Howell,base.state_us_38
county_us_29093,29093,Iron,base.state_us_38
county_us_29095,29095,Jackson,base.state_us_38
county_us_29097,29097,Jasper,base.state_us_38
county_us_29099,29099,Jefferson,base.state_us_38
county_us_29101,29101,Johnson,base.state_us_38
county_us_29103,29103,Knox,base.state_us_38
county_us_29105,29105,Laclede,base.state_us_38
county_us_29107,29107,Lafayette,base.state_us_38
county_us_29109,29109,Lawrence,base.state_us_38
county_us_29111,29111,Lewis,base.state_us_38
county_us_29113,29113,Lincoln,base.state_us_38
county_us_29115,29115,Linn,base.state_us_38
county_us_29117,29117,Livingston,base.state_us_38
county_us_29121,29121,Macon,base.state_us_38
county_us_29123,29123,Madison,base.state_us_38
county_us_29125,29125,Maries,base.state_us_38
county_us_29127,29127,Marion,base.state_us_38
county_us_29119,29119,McDonald,base.state_us_38
county_us_29129,29129,Mercer,base.state_us_38
county_us_29131,29131,Miller,base.state_us_38
county_us_29133,29133,Mississippi,base.state_us_38
county_us_29135,29135,Moniteau,base.state_us_38
county_us_29137,29137,Monroe,base.state_us_38
county_us_29139,29139,Montgomery,base.state_us_38
county_us_29141,29141,Morgan,base.state_us_38
county_us_29143,29143,New Madrid,base.state_us_38
county_us_29145,29145,Newton,base.state_us_38
county_us_29147,29147,Nodaway,base.state_us_38
county_us_29149,29149,Oregon,base.state_us_38
county_us_29151,29151,Osage,base.state_us_38
county_us_29153,29153,Ozark,base.state_us_38
county_us_29155,29155,Pemiscot,base.state_us_38
county_us_29157,29157,Perry,base.state_us_38
county_us_29159,29159,Pettis,base.state_us_38
county_us_29161,29161,Phelps,base.state_us_38
county_us_29163,29163,Pike,base.state_us_38
county_us_29165,29165,Platte,base.state_us_38
county_us_29167,29167,Polk,base.state_us_38
county_us_29169,29169,Pulaski,base.state_us_38
county_us_29171,29171,Putnam,base.state_us_38
county_us_29173,29173,Ralls,base.state_us_38
county_us_29175,29175,Randolph,base.state_us_38
county_us_29177,29177,Ray,base.state_us_38
county_us_29179,29179,Reynolds,base.state_us_38
county_us_29181,29181,Ripley,base.state_us_38
county_us_29195,29195,Saline,base.state_us_38
county_us_29197,29197,Schuyler,base.state_us_38
county_us_29199,29199,Scotland,base.state_us_38
county_us_29201,29201,Scott,base.state_us_38
county_us_29203,29203,Shannon,base.state_us_38
county_us_29205,29205,Shelby,base.state_us_38
county_us_29183,29183,St. Charles,base.state_us_38
county_us_29185,29185,St. Clair,base.state_us_38
county_us_29187,29187,St. Francois,base.state_us_38
county_us_29189,29189,St. Louis,base.state_us_38
county_us_29186,29186,Ste. Genevieve,base.state_us_38
county_us_29207,29207,Stoddard,base.state_us_38
county_us_29209,29209,Stone,base.state_us_38
county_us_29211,29211,Sullivan,base.state_us_38
county_us_29213,29213,Taney,base.state_us_38
county_us_29215,29215,Texas,base.state_us_38
county_us_29217,29217,Vernon,base.state_us_38
county_us_29219,29219,Warren,base.state_us_38
county_us_29221,29221,Washington,base.state_us_38
county_us_29223,29223,Wayne,base.state_us_38
county_us_29225,29225,Webster,base.state_us_38
county_us_29227,29227,Worth,base.state_us_38
county_us_29229,29229,Wright,base.state_us_38
county_us_30001,30001,Beaverhead,base.state_us_21
county_us_30003,30003,Big Horn,base.state_us_21
county_us_30005,30005,Blaine,base.state_us_21
county_us_30007,30007,Broadwater,base.state_us_21
county_us_30009,30009,Carbon,base.state_us_21
county_us_30011,30011,Carter,base.state_us_21
county_us_30013,30013,Cascade,base.state_us_21
county_us_30015,30015,Chouteau,base.state_us_21
county_us_30017,30017,Custer,base.state_us_21
county_us_30019,30019,Daniels,base.state_us_21
county_us_30021,30021,Dawson,base.state_us_21
county_us_30023,30023,Deer Lodge,base.state_us_21
county_us_30025,30025,Fallon,base.state_us_21
county_us_30027,30027,Fergus,base.state_us_21
county_us_30029,30029,Flathead,base.state_us_21
county_us_30031,30031,Gallatin,base.state_us_21
county_us_30033,30033,Garfield,base.state_us_21
county_us_30035,30035,Glacier,base.state_us_21
county_us_30037,30037,Golden Valley,base.state_us_21
county_us_30039,30039,Granite,base.state_us_21
county_us_30041,30041,Hill,base.state_us_21
county_us_30043,30043,Jefferson,base.state_us_21
county_us_30045,30045,Judith Basin,base.state_us_21
county_us_30047,30047,Lake,base.state_us_21
county_us_30049,30049,Lewis and Clark,base.state_us_21
county_us_30051,30051,Liberty,base.state_us_21
county_us_30053,30053,Lincoln,base.state_us_21
county_us_30057,30057,Madison,base.state_us_21
county_us_30055,30055,McCone,base.state_us_21
county_us_30059,30059,Meagher,base.state_us_21
county_us_30061,30061,Mineral,base.state_us_21
county_us_30063,30063,Missoula,base.state_us_21
county_us_30065,30065,Musselshell,base.state_us_21
county_us_30067,30067,Park,base.state_us_21
county_us_30069,30069,Petroleum,base.state_us_21
county_us_30071,30071,Phillips,base.state_us_21
county_us_30073,30073,Pondera,base.state_us_21
county_us_30075,30075,Powder River,base.state_us_21
county_us_30077,30077,Powell,base.state_us_21
county_us_30079,30079,Prairie,base.state_us_21
county_us_30081,30081,Ravalli,base.state_us_21
county_us_30083,30083,Richland,base.state_us_21
county_us_30085,30085,Roosevelt,base.state_us_21
county_us_30087,30087,Rosebud,base.state_us_21
county_us_30089,30089,Sanders,base.state_us_21
county_us_30091,30091,Sheridan,base.state_us_21
county_us_30093,30093,Silver Bow,base.state_us_21
county_us_30095,30095,Stillwater,base.state_us_21
county_us_30097,30097,Sweet Grass,base.state_us_21
county_us_30099,30099,Teton,base.state_us_21
county_us_30101,30101,Toole,base.state_us_21
county_us_30103,30103,Treasure,base.state_us_21
county_us_30105,30105,Valley,base.state_us_21
county_us_30107,30107,Wheatland,base.state_us_21
county_us_30109,30109,Wibaux,base.state_us_21
county_us_30111,30111,Yellowstone,base.state_us_21
county_us_31001,31001,Adams,base.state_us_22
county_us_31003,31003,Antelope,base.state_us_22
county_us_31005,31005,Arthur,base.state_us_22
county_us_31007,31007,Banner,base.state_us_22
county_us_31009,31009,Blaine,base.state_us_22
county_us_31011,31011,Boone,base.state_us_22
county_us_31013,31013,Box Butte,base.state_us_22
county_us_31015,31015,Boyd,base.state_us_22
county_us_31017,31017,Brown,base.state_us_22
county_us_31019,31019,Buffalo,base.state_us_22
county_us_31021,31021,Burt,base.state_us_22
county_us_31023,31023,Butler,base.state_us_22
county_us_31025,31025,Cass,base.state_us_22
county_us_31027,31027,Cedar,base.state_us_22
county_us_31029,31029,Chase,base.state_us_22
county_us_31031,31031,Cherry,base.state_us_22
county_us_31033,31033,Cheyenne,base.state_us_22
county_us_31035,31035,Clay,base.state_us_22
county_us_31037,31037,Colfax,base.state_us_22
county_us_31039,31039,Cuming,base.state_us_22
county_us_31041,31041,Custer,base.state_us_22
county_us_31043,31043,Dakota,base.state_us_22
county_us_31045,31045,Dawes,base.state_us_22
county_us_31047,31047,Dawson,base.state_us_22
county_us_31049,31049,Deuel,base.state_us_22
county_us_31051,31051,Dixon,base.state_us_22
county_us_31053,31053,Dodge,base.state_us_22
county_us_31055,31055,Douglas,base.state_us_22
county_us_31057,31057,Dundy,base.state_us_22
county_us_31059,31059,Fillmore,base.state_us_22
county_us_31061,31061,Franklin,base.state_us_22
county_us_31063,31063,Frontier,base.state_us_22
county_us_31065,31065,Furnas,base.state_us_22
county_us_31067,31067,Gage,base.state_us_22
county_us_31069,31069,Garden,base.state_us_22
county_us_31071,31071,Garfield,base.state_us_22
county_us_31073,31073,Gosper,base.state_us_22
county_us_31075,31075,Grant,base.state_us_22
county_us_31077,31077,Greeley,base.state_us_22
county_us_31079,31079,Hall,base.state_us_22
county_us_31081,31081,Hamilton,base.state_us_22
county_us_31083,31083,Harlan,base.state_us_22
county_us_31085,31085,Hayes,base.state_us_22
county_us_31087,31087,Hitchcock,base.state_us_22
county_us_31089,31089,Holt,base.state_us_22
county_us_31091,31091,Hooker,base.state_us_22
county_us_31093,31093,Howard,base.state_us_22
county_us_31095,31095,Jefferson,base.state_us_22
county_us_31097,31097,Johnson,base.state_us_22
county_us_31099,31099,Kearney,base.state_us_22
county_us_31101,31101,Keith,base.state_us_22
county_us_31103,31103,Keya Paha,base.state_us_22
county_us_31105,31105,Kimball,base.state_us_22
county_us_31107,31107,Knox,base.state_us_22
county_us_31109,31109,Lancaster,base.state_us_22
county_us_31111,31111,Lincoln,base.state_us_22
county_us_31113,31113,Logan,base.state_us_22
county_us_31115,31115,Loup,base.state_us_22
county_us_31119,31119,Madison,base.state_us_22
county_us_31117,31117,McPherson,base.state_us_22
county_us_31121,31121,Merrick,base.state_us_22
county_us_31123,31123,Morrill,base.state_us_22
county_us_31125,31125,Nance,base.state_us_22
county_us_31127,31127,Nemaha,base.state_us_22
county_us_31129,31129,Nuckolls,base.state_us_22
county_us_31131,31131,Otoe,base.state_us_22
county_us_31133,31133,Pawnee,base.state_us_22
county_us_31135,31135,Perkins,base.state_us_22
county_us_31137,31137,Phelps,base.state_us_22
county_us_31139,31139,Pierce,base.state_us_22
county_us_31141,31141,Platte,base.state_us_22
county_us_31143,31143,Polk,base.state_us_22
county_us_31145,31145,Red Willow,base.state_us_22
county_us_31147,31147,Richardson,base.state_us_22
county_us_31149,31149,Rock,base.state_us_22
county_us_31151,31151,Saline,base.state_us_22
county_us_31153,31153,Sarpy,base.state_us_22
county_us_31155,31155,Saunders,base.state_us_22
county_us_31157,31157,Scotts Bluff,base.state_us_22
county_us_31159,31159,Seward,base.state_us_22
county_us_31161,31161,Sheridan,base.state_us_22
county_us_31163,31163,Sherman,base.state_us_22
county_us_31165,31165,Sioux,base.state_us_22
county_us_31167,31167,Stanton,base.state_us_22
county_us_31169,31169,Thayer,base.state_us_22
county_us_31171,31171,Thomas,base.state_us_22
county_us_31173,31173,Thurston,base.state_us_22
county_us_31175,31175,Valley,base.state_us_22
county_us_31177,31177,Washington,base.state_us_22
county_us_31179,31179,Wayne,base.state_us_22
county_us_31181,31181,Webster,base.state_us_22
county_us_31183,31183,Wheeler,base.state_us_22
county_us_31185,31185,York,base.state_us_22
county_us_32001,32001,Churchill,base.state_us_23
county_us_32003,32003,Clark,base.state_us_23
county_us_32005,32005,Douglas,base.state_us_23
county_us_32007,32007,Elko,base.state_us_23
county_us_32009,32009,Esmeralda,base.state_us_23
county_us_32011,32011,Eureka,base.state_us_23
county_us_32013,32013,Humboldt,base.state_us_23
county_us_32015,32015,Lander,base.state_us_23
county_us_32017,32017,Lincoln,base.state_us_23
county_us_32019,32019,Lyon,base.state_us_23
county_us_32021,32021,Mineral,base.state_us_23
county_us_32023,32023,Nye,base.state_us_23
county_us_32027,32027,Pershing,base.state_us_23
county_us_32029,32029,Storey,base.state_us_23
county_us_32031,32031,Washoe,base.state_us_23
county_us_32033,32033,White Pine,base.state_us_23
county_us_33001,33001,Belknap,base.state_us_24
county_us_33003,33003,Carroll,base.state_us_24
county_us_33005,33005,Cheshire,base.state_us_24
county_us_33007,33007,Coos,base.state_us_24
county_us_33009,33009,Grafton,base.state_us_24
county_us_33011,33011,Hillsborough,base.state_us_24
county_us_33013,33013,Merrimack,base.state_us_24
county_us_33015,33015,Rockingham,base.state_us_24
county_us_33017,33017,Strafford,base.state_us_24
county_us_33019,33019,Sullivan,base.state_us_24
county_us_34001,34001,Atlantic,base.state_us_25
county_us_34003,34003,Bergen,base.state_us_25
county_us_34005,34005,Burlington,base.state_us_25
county_us_34007,34007,Camden,base.state_us_25
county_us_34009,34009,Cape May,base.state_us_25
county_us_34011,34011,Cumberland,base.state_us_25
county_us_34013,34013,Essex,base.state_us_25
county_us_34015,34015,Gloucester,base.state_us_25
county_us_34017,34017,Hudson,base.state_us_25
county_us_34019,34019,Hunterdon,base.state_us_25
county_us_34021,34021,Mercer,base.state_us_25
county_us_34023,34023,Middlesex,base.state_us_25
county_us_34025,34025,Monmouth,base.state_us_25
county_us_34027,34027,Morris,base.state_us_25
county_us_34029,34029,Ocean,base.state_us_25
county_us_34031,34031,Passaic,base.state_us_25
county_us_34033,34033,Salem,base.state_us_25
county_us_34035,34035,Somerset,base.state_us_25
county_us_34037,34037,Sussex,base.state_us_25
county_us_34039,34039,Union,base.state_us_25
county_us_34041,34041,Warren,base.state_us_25
county_us_35001,35001,Bernalillo,base.state_us_26
county_us_35003,35003,Catron,base.state_us_26
county_us_35005,35005,Chaves,base.state_us_26
county_us_35006,35006,Cibola,base.state_us_26
county_us_35007,35007,Colfax,base.state_us_26
county_us_35009,35009,Curry,base.state_us_26
county_us_35011,35011,De Baca,base.state_us_26
county_us_35013,35013,Doña Ana,base.state_us_26
county_us_35015,35015,Eddy,base.state_us_26
county_us_35017,35017,Grant,base.state_us_26
county_us_35019,35019,Guadalupe,base.state_us_26
county_us_35021,35021,Harding,base.state_us_26
county_us_35023,35023,Hidalgo,base.state_us_26
county_us_35025,35025,Lea,base.state_us_26
county_us_35027,35027,Lincoln,base.state_us_26
county_us_35028,35028,Los Alamos,base.state_us_26
county_us_35029,35029,Luna,base.state_us_26
county_us_35031,35031,McKinley,base.state_us_26
county_us_35033,35033,Mora,base.state_us_26
county_us_35035,35035,Otero,base.state_us_26
county_us_35037,35037,Quay,base.state_us_26
county_us_35039,35039,Rio Arriba,base.state_us_26
county_us_35041,35041,Roosevelt,base.state_us_26
county_us_35045,35045,San Juan,base.state_us_26
county_us_35047,35047,San Miguel,base.state_us_26
county_us_35043,35043,Sandoval,base.state_us_26
county_us_35049,35049,Santa Fe,base.state_us_26
county_us_35051,35051,Sierra,base.state_us_26
county_us_35053,35053,Socorro,base.state_us_26
county_us_35055,35055,Taos,base.state_us_26
county_us_35057,35057,Torrance,base.state_us_26
county_us_35059,35059,Union,base.state_us_26
county_us_35061,35061,Valencia,base.state_us_26
county_us_36001,36001,Albany,base.state_us_27
county_us_36003,36003,Allegany,base.state_us_27
county_us_36005,36005,Bronx,base.state_us_27
county_us_36007,36007,Broome,base.state_us_27
county_us_36009,36009,Cattaraugus,base.state_us_27
county_us_36011,36011,Cayuga,base.state_us_27
county_us_36013,36013,Chautauqua,base.state_us_27
county_us_36015,36015,Chemung,base.state_us_27
county_us_36017,36017,Chenango,base.state_us_27
county_us_36019,36019,Clinton,base.state_us_27
county_us_36021,36021,Columbia,base.state_us_27
county_us_36023,36023,Cortland,base.state_us_27
county_us_36025,36025,Delaware,base.state_us_27
county_us_36027,36027,Dutchess,base.state_us_27
county_us_36029,36029,Erie,base.state_us_27
county_us_36031,36031,Essex,base.state_us_27
county_us_36033,36033,Franklin,base.state_us_27
county_us_36035,36035,Fulton,base.state_us_27
county_us_36037,36037,Genesee,base.state_us_27
county_us_36039,36039,Greene,base.state_us_27
county_us_36041,36041,Hamilton,base.state_us_27
county_us_36043,36043,Herkimer,base.state_us_27
county_us_36045,36045,Jefferson,base.state_us_27
county_us_36047,36047,Kings,base.state_us_27
county_us_36049,36049,Lewis,base.state_us_27
county_us_36051,36051,Livingston,base.state_us_27
county_us_36053,36053,Madison,base.state_us_27
county_us_36055,36055,Monroe,base.state_us_27
county_us_36057,36057,Montgomery,base.state_us_27
county_us_36059,36059,Nassau,base.state_us_27
county_us_36061,36061,New York,base.state_us_27
county_us_36063,36063,Niagara,base.state_us_27
county_us_36065,36065,Oneida,base.state_us_27
county_us_36067,36067,Onondaga,base.state_us_27
county_us_36069,36069,Ontario,base.state_us_27
county_us_36071,36071,Orange,base.state_us_27
county_us_36073,36073,Orleans,base.state_us_27
county_us_36075,36075,Oswego,base.state_us_27
county_us_36077,36077,Otsego,base.state_us_27
county_us_36079,36079,Putnam,base.state_us_27
county_us_36081,36081,Queens,base.state_us_27
county_us_36083,36083,Rensselaer,base.state_us_27
county_us_36085,36085,Richmond,base.state_us_27
county_us_36087,36087,Rockland,base.state_us_27
county_us_36091,36091,Saratoga,base.state_us_27
county_us_36093,36093,Schenectady,base.state_us_27
county_us_36095,36095,Schoharie,base.state_us_27
county_us_36097,36097,Schuyler,base.state_us_27
county_us_36099,36099,Seneca,base.state_us_27
county_us_36089,36089,St. Lawrence,base.state_us_27
county_us_36101,36101,Steuben,base.state_us_27
county_us_36103,36103,Suffolk,base.state_us_27
county_us_36105,36105,Sullivan,base.state_us_27
county_us_36107,36107,Tioga,base.state_us_27
county_us_36109,36109,Tompkins,base.state_us_27
county_us_36111,36111,Ulster,base.state_us_27
county_us_36113,36113,Warren,base.state_us_27
county_us_36115,36115,Washington,base.state_us_27
county_us_36117,36117,Wayne,base.state_us_27
county_us_36119,36119,Westchester,base.state_us_27
county_us_36121,36121,Wyoming,base.state_us_27
county_us_36123,36123,Yates,base.state_us_27
county_us_37001,37001,Alamance,base.state_us_28
county_us_37003,37003,Alexander,base.state_us_28
county_us_37005,37005,Alleghany,base.state_us_28
county_us_37007,37007,Anson,base.state_us_28
county_us_37009,37009,Ashe,base.state_us_28
county_us_37011,37011,Avery,base.state_us_28
county_us_37013,37013,Beaufort,base.state_us_28
county_us_37015,37015,Bertie,base.state_us_28
county_us_37017,37017,Bladen,base.state_us_28
county_us_37019,37019,Brunswick,base.state_us_28
county_us_37021,37021,Buncombe,base.state_us_28
county_us_37023,37023,Burke,base.state_us_28
county_us_37025,37025,Cabarrus,base.state_us_28
county_us_37027,37027,Caldwell,base.state_us_28
county_us_37029,37029,Camden,base.state_us_28
county_us_37031,37031,Carteret,base.state_us_28
county_us_37033,37033,Caswell,base.state_us_28
county_us_37035,37035,Catawba,base.state_us_28
county_us_37037,37037,Chatham,base.state_us_28
county_us_37039,37039,Cherokee,base.state_us_28
county_us_37041,37041,Chowan,base.state_us_28
county_us_37043,37043,Clay,base.state_us_28
county_us_37045,37045,Cleveland,base.state_us_28
county_us_37047,37047,Columbus,base.state_us_28
county_us_37049,37049,Craven,base.state_us_28
county_us_37051,37051,Cumberland,base.state_us_28
county_us_37053,37053,Currituck,base.state_us_28
county_us_37055,37055,Dare,base.state_us_28
county_us_37057,37057,Davidson,base.state_us_28
county_us_37059,37059,Davie,base.state_us_28
county_us_37061,37061,Duplin,base.state_us_28
county_us_37063,37063,Durham,base.state_us_28
county_us_37065,37065,Edgecombe,base.state_us_28
county_us_37067,37067,Forsyth,base.state_us_28
county_us_37069,37069,Franklin,base.state_us_28
county_us_37071,37071,Gaston,base.state_us_28
county_us_37073,37073,Gates,base.state_us_28
county_us_37075,37075,Graham,base.state_us_28
county_us_37077,37077,Granville,base.state_us_28
county_us_37079,37079,Greene,base.state_us_28
county_us_37081,37081,Guilford,base.state_us_28
county_us_37083,37083,Halifax,base.state_us_28
county_us_37085,37085,Harnett,base.state_us_28
county_us_37087,37087,Haywood,base.state_us_28
county_us_37089,37089,Henderson,base.state_us_28
county_us_37091,37091,Hertford,base.state_us_28
county_us_37093,37093,Hoke,base.state_us_28
county_us_37095,37095,Hyde,base.state_us_28
county_us_37097,37097,Iredell,base.state_us_28
county_us_37099,37099,Jackson,base.state_us_28
county_us_37101,37101,Johnston,base.state_us_28
county_us_37103,37103,Jones,base.state_us_28
county_us_37105,37105,Lee,base.state_us_28
county_us_37107,37107,Lenoir,base.state_us_28
county_us_37109,37109,Lincoln,base.state_us_28
county_us_37113,37113,Macon,base.state_us_28
county_us_37115,37115,Madison,base.state_us_28
county_us_37117,37117,Martin,base.state_us_28
county_us_37111,37111,McDowell,base.state_us_28
county_us_37119,37119,Mecklenburg,base.state_us_28
county_us_37121,37121,Mitchell,base.state_us_28
county_us_37123,37123,Montgomery,base.state_us_28
county_us_37125,37125,Moore,base.state_us_28
county_us_37127,37127,Nash,base.state_us_28
county_us_37129,37129,New Hanover,base.state_us_28
county_us_37131,37131,Northampton,base.state_us_28
county_us_37133,37133,Onslow,base.state_us_28
county_us_37135,37135,Orange,base.state_us_28
county_us_37137,37137,Pamlico,base.state_us_28
county_us_37139,37139,Pasquotank,base.state_us_28
county_us_37141,37141,Pender,base.state_us_28
county_us_37143,37143,Perquimans,base.state_us_28
county_us_37145,37145,Person,base.state_us_28
county_us_37147,37147,Pitt,base.state_us_28
county_us_37149,37149,Polk,base.state_us_28
county_us_37151,37151,Randolph,base.state_us_28
county_us_37153,37153,Richmond,base.state_us_28
county_us_37155,37155,Robeson,base.state_us_28
county_us_37157,37157,Rockingham,base.state_us_28
county_us_37159,37159,Rowan,base.state_us_28
county_us_37161,37161,Rutherford,base.state_us_28
county_us_37163,37163,Sampson,base.state_us_28
county_us_37165,37165,Scotland,base.state_us_28
county_us_37167,37167,Stanly,base.state_us_28
county_us_37169,37169,Stokes,base.state_us_28
county_us_37171,37171,Surry,base.state_us_28
county_us_37173,37173,Swain,base.state_us_28
county_us_37175,37175,Transylvania,base.state_us_28
county_us_37177,37177,Tyrrell,base.state_us_28
county_us_37179,37179,Union,base.state_us_28
county_us_37181,37181,Vance,base.state_us_28
county_us_37183,37183,Wake,base.state_us_28
county_us_37185,37185,Warren,base.state_us_28
county_us_37187,37187,Washington,base.state_us_28
county_us_37189,37189,Watauga,base.state_us_28
county_us_37191,37191,Wayne,base.state_us_28
county_us_37193,37193,Wilkes,base.state_us_28
county_us_37195,37195,Wilson,base.state_us_28
county_us_37197,37197,Yadkin,base.state_us_28
county_us_37199,37199,Yancey,base.state_us_28
county_us_38001,38001,Adams,base.state_us_29
county_us_38003,38003,Barnes,base.state_us_29
county_us_38005,38005,Benson,base.state_us_29
county_us_38007,38007,Billings,base.state_us_29
county_us_38009,38009,Bottineau,base.state_us_29
county_us_38011,38011,Bowman,base.state_us_29
county_us_38013,38013,Burke,base.state_us_29
county_us_38015,38015,Burleigh,base.state_us_29
county_us_38017,38017,Cass,base.state_us_29
county_us_38019,38019,Cavalier,base.state_us_29
county_us_38021,38021,Dickey,base.state_us_29
county_us_38023,38023,Divide,base.state_us_29
county_us_38025,38025,Dunn,base.state_us_29
county_us_38027,38027,Eddy,base.state_us_29
county_us_38029,38029,Emmons,base.state_us_29
county_us_38031,38031,Foster,base.state_us_29
county_us_38033,38033,Golden Valley,base.state_us_29
county_us_38035,38035,Grand Forks,base.state_us_29
county_us_38037,38037,Grant,base.state_us_29
county_us_38039,38039,Griggs,base.state_us_29
county_us_38041,38041,Hettinger,base.state_us_29
county_us_38043,38043,Kidder,base.state_us_29
county_us_38045,38045,LaMoure,base.state_us_29
county_us_38047,38047,Logan,base.state_us_29
county_us_38049,38049,McHenry,base.state_us_29
county_us_38051,38051,McIntosh,base.state_us_29
county_us_38053,38053,McKenzie,base.state_us_29
county_us_38055,38055,McLean,base.state_us_29
county_us_38057,38057,Mercer,base.state_us_29
county_us_38059,38059,Morton,base.state_us_29
county_us_38061,38061,Mountrail,base.state_us_29
county_us_38063,38063,Nelson,base.state_us_29
county_us_38065,38065,Oliver,base.state_us_29
county_us_38067,38067,Pembina,base.state_us_29
county_us_38069,38069,Pierce,base.state_us_29
county_us_38071,38071,Ramsey,base.state_us_29
county_us_38073,38073,Ransom,base.state_us_29
county_us_38075,38075,Renville,base.state_us_29
county_us_38077,38077,Richland,base.state_us_29
county_us_38079,38079,Rolette,base.state_us_29
county_us_38081,38081,Sargent,base.state_us_29
county_us_38083,38083,Sheridan,base.state_us_29
county_us_38085,38085,Sioux,base.state_us_29
county_us_38087,38087,Slope,base.state_us_29
county_us_38089,38089,Stark,base.state_us_29
county_us_38091,38091,Steele,base.state_us_29
county_us_38093,38093,Stutsman,base.state_us_29
county_us_38095,38095,Towner,base.state_us_29
county_us_38097,38097,Traill,base.state_us_29
county_us_38099,38099,Walsh,base.state_us_29
county_us_38101,38101,Ward,base.state_us_29
county_us_38103,38103,Wells,base.state_us_29
county_us_38105,38105,Williams,base.state_us_29
county_us_39001,39001,Adams,base.state_us_30
county_us_39003,39003,Allen,base.state_us_30
county_us_39005,39005,Ashland,base.state_us_30
county_us_39007,39007,Ashtabula,base.state_us_30
county_us_39009,39009,Athens,base.state_us_30
county_us_39011,39011,Auglaize,base.state_us_30
county_us_39013,39013,Belmont,base.state_us_30
county_us_39015,39015,Brown,base.state_us_30
county_us_39017,39017,Butler,base.state_us_30
county_us_39019,39019,Carroll,base.state_us_30
county_us_39021,39021,Champaign,base.state_us_30
county_us_39023,39023,Clark,base.state_us_30
county_us_39025,39025,Clermont,base.state_us_30
county_us_39027,39027,Clinton,base.state_us_30
county_us_39029,39029,Columbiana,base.state_us_30
county_us_39031,39031,Coshocton,base.state_us_30
county_us_39033,39033,Crawford,base.state_us_30
county_us_39035,39035,Cuyahoga,base.state_us_30
county_us_39037,39037,Darke,base.state_us_30
county_us_39039,39039,Defiance,base.state_us_30
county_us_39041,39041,Delaware,base.state_us_30
county_us_39043,39043,Erie,base.state_us_30
county_us_39045,39045,Fairfield,base.state_us_30
county_us_39047,39047,Fayette,base.state_us_30
county_us_39049,39049,Franklin,base.state_us_30
county_us_39051,39051,Fulton,base.state_us_30
county_us_39053,39053,Gallia,base.state_us_30
county_us_39055,39055,Geauga,base.state_us_30
county_us_39057,39057,Greene,base.state_us_30
county_us_39059,39059,Guernsey,base.state_us_30
county_us_39061,39061,Hamilton,base.state_us_30
county_us_39063,39063,Hancock,base.state_us_30
county_us_39065,39065,Hardin,base.state_us_30
county_us_39067,39067,Harrison,base.state_us_30
county_us_39069,39069,Henry,base.state_us_30
county_us_39071,39071,Highland,base.state_us_30
county_us_39073,39073,Hocking,base.state_us_30
county_us_39075,39075,Holmes,base.state_us_30
county_us_39077,39077,Huron,base.state_us_30
county_us_39079,39079,Jackson,base.state_us_30
county_us_39081,39081,Jefferson,base.state_us_30
county_us_39083,39083,Knox,base.state_us_30
county_us_39085,39085,Lake,base.state_us_30
county_us_39087,39087,Lawrence,base.state_us_30
county_us_39089,39089,Licking,base.state_us_30
county_us_39091,39091,Logan,base.state_us_30
county_us_39093,39093,Lorain,base.state_us_30
county_us_39095,39095,Lucas,base.state_us_30
county_us_39097,39097,Madison,base.state_us_30
county_us_39099,39099,Mahoning,base.state_us_30
county_us_39101,39101,Marion,base.state_us_30
county_us_39103,39103,Medina,base.state_us_30
county_us_39105,39105,Meigs,base.state_us_30
county_us_39107,39107,Mercer,base.state_us_30
county_us_39109,39109,Miami,base.state_us_30
county_us_39111,39111,Monroe,base.state_us_30
county_us_39113,39113,Montgomery,base.state_us_30
county_us_39115,39115,Morgan,base.state_us_30
county_us_39117,39117,Morrow,base.state_us_30
county_us_39119,39119,Muskingum,base.state_us_30
county_us_39121,39121,Noble,base.state_us_30
county_us_39123,39123,Ottawa,base.state_us_30
county_us_39125,39125,Paulding,base.state_us_30
county_us_39127,39127,Perry,base.state_us_30
county_us_39129,39129,Pickaway,base.state_us_30
county_us_39131,39131,Pike,base.state_us_30
county_us_39133,39133,Portage,base.state_us_30
county_us_39135,39135,Preble,base.state_us_30
county_us_39137,39137,Putnam,base.state_us_30
county_us_39139,39139,Richland,base.state_us_30
county_us_39141,39141,Ross,base.state_us_30
county_us_39143,39143,Sandusky,base.state_us_30
county_us_39145,39145,Scioto,base.state_us_30
county_us_39147,39147,Seneca,base.state_us_30
county_us_39149,39149,Shelby,base.state_us_30
county_us_39151,39151,Stark,base.state_us_30
county_us_39153,39153,Summit,base.state_us_30
county_us_39155,39155,Trumbull,base.state_us_30
county_us_39157,39157,Tuscarawas,base.state_us_30
county_us_39159,39159,Union,base.state_us_30
county_us_39161,39161,Van Wert,base.state_us_30
county_us_39163,39163,Vinton,base.state_us_30
county_us_39165,39165,Warren,base.state_us_30
county_us_39167,39167,Washington,base.state_us_30
county_us_39169,39169,Wayne,base.state_us_30
county_us_39171,39171,Williams,base.state_us_30
county_us_39173,39173,Wood,base.state_us_30
county_us_39175,39175,Wyandot,base.state_us_30
county_us_40001,40001,Adair,base.state_us_31
county_us_40003,40003,Alfalfa,base.state_us_31
county_us_40005,40005,Atoka,base.state_us_31
county_us_40007,40007,Beaver,base.state_us_31
county_us_40009,40009,Beckham,base.state_us_31
county_us_40011,40011,Blaine,base.state_us_31
county_us_40013,40013,Bryan,base.state_us_31
county_us_40015,40015,Caddo,base.state_us_31
county_us_40017,40017,Canadian,base.state_us_31
county_us_40019,40019,Carter,base.state_us_31
county_us_40021,40021,Cherokee,base.state_us_31
county_us_40023,40023,Choctaw,base.state_us_31
county_us_40025,40025,Cimarron,base.state_us_31
county_us_40027,40027,Cleveland,base.state_us_31
county_us_40029,40029,Coal,base.state_us_31
county_us_40031,40031,Comanche,base.state_us_31
county_us_40033,40033,Cotton,base.state_us_31
county_us_40035,40035,Craig,base.state_us_31
county_us_40037,40037,Creek,base.state_us_31
county_us_40039,40039,Custer,base.state_us_31
county_us_40041,40041,Delaware,base.state_us_31
county_us_40043,40043,Dewey,base.state_us_31
county_us_40045,40045,Ellis,base.state_us_31
county_us_40047,40047,Garfield,base.state_us_31
county_us_40049,40049,Garvin,base.state_us_31
county_us_40051,40051,Grady,base.state_us_31
county_us_40053,40053,Grant,base.state_us_31
county_us_40055,40055,Greer,base.state_us_31
county_us_40057,40057,Harmon,base.state_us_31
county_us_40059,40059,Harper,base.state_us_31
county_us_40061,40061,Haskell,base.state_us_31
county_us_40063,40063,Hughes,base.state_us_31
county_us_40065,40065,Jackson,base.state_us_31
county_us_40067,40067,Jefferson,base.state_us_31
county_us_40069,40069,Johnston,base.state_us_31
county_us_40071,40071,Kay,base.state_us_31
county_us_40073,40073,Kingfisher,base.state_us_31
county_us_40075,40075,Kiowa,base.state_us_31
county_us_40077,40077,Latimer,base.state_us_31
county_us_40079,40079,Le Flore,base.state_us_31
county_us_40081,40081,Lincoln,base.state_us_31
county_us_40083,40083,Logan,base.state_us_31
county_us_40085,40085,Love,base.state_us_31
county_us_40093,40093,Major,base.state_us_31
county_us_40095,40095,Marshall,base.state_us_31
county_us_40097,40097,Mayes,base.state_us_31
county_us_40087,40087,McClain,base.state_us_31
county_us_40089,40089,McCurtain,base.state_us_31
county_us_40091,40091,McIntosh,base.state_us_31
county_us_40099,40099,Murray,base.state_us_31
county_us_40101,40101,Muskogee,base.state_us_31
county_us_40103,40103,Noble,base.state_us_31
county_us_40105,40105,Nowata,base.state_us_31
county_us_40107,40107,Okfuskee,base.state_us_31
county_us_40109,40109,Oklahoma,base.state_us_31
county_us_40111,40111,Okmulgee,base.state_us_31
county_us_40113,40113,Osage,base.state_us_31
county_us_40115,40115,Ottawa,base.state_us_31
county_us_40117,40117,Pawnee,base.state_us_31
county_us_40119,40119,Payne,base.state_us_31
county_us_40121,40121,Pittsburg,base.state_us_31
county_us_40123,40123,Pontotoc,base.state_us_31
county_us_40125,40125,Pottawatomie,base.state_us_31
county_us_40127,40127,Pushmataha,base.state_us_31
county_us_40129,40129,Roger Mills,base.state_us_31
county_us_40131,40131,Rogers,base.state_us_31
county_us_40133,40133,Seminole,base.state_us_31
county_us_40135,40135,Sequoyah,base.state_us_31
county_us_40137,40137,Stephens,base.state_us_31
county_us_40139,40139,Texas,base.state_us_31
county_us_40141,40141,Tillman,base.state_us_31
county_us_40143,40143,Tulsa,base.state_us_31
county_us_40145,40145,Wagoner,base.state_us_31
county_us_40147,40147,Washington,base.state_us_31
county_us_40149,40149,Washita,base.state_us_31
county_us_40151,40151,Woods,base.state_us_31
county_us_40153,40153,Woodward,base.state_us_31
county_us_41001,41001,Baker,base.state_us_32
county_us_41003,41003,Benton,base.state_us_32
county_us_41005,41005,Clackamas,base.state_us_32
county_us_41007,41007,Clatsop,base.state_us_32
county_us_41009,41009,Columbia,base.state_us_32
county_us_41011,41011,Coos,base.state_us_32
county_us_41013,41013,Crook,base.state_us_32
county_us_41015,41015,Curry,base.state_us_32
county_us_41017,41017,Deschutes,base.state_us_32
county_us_41019,41019,Douglas,base.state_us_32
county_us_41021,41021,Gilliam,base.state_us_32
county_us_41023,41023,Grant,base.state_us_32
county_us_41025,41025,Harney,base.state_us_32
county_us_41027,41027,Hood River,base.state_us_32
county_us_41029,41029,Jackson,base.state_us_32
county_us_41031,41031,Jefferson,base.state_us_32
county_us_41033,41033,Josephine,base.state_us_32
county_us_41035,41035,Klamath,base.state_us_32
county_us_41037,41037,Lake,base.state_us_32
county_us_41039,41039,Lane,base.state_us_32
county_us_41041,41041,Lincoln,base.state_us_32
county_us_41043,41043,Linn,base.state_us_32
county_us_41045,41045,Malheur,base.state_us_32
county_us_41047,41047,Marion,base.state_us_32
county_us_41049,41049,Morrow,base.state_us_32
county_us_41051,41051,Multnomah,base.state_us_32
county_us_41053,41053,Polk,base.state_us_32
county_us_41055,41055,Sherman,base.state_us_32
county_us_41057,41057,Tillamook,base.state_us_32
county_us_41059,41059,Umatilla,base.state_us_32
county_us_41061,41061,Union,base.state_us_32
county_us_41063,41063,Wallowa,base.state_us_32
county_us_41065,41065,Wasco,base.state_us_32
county_us_41067,41067,Washington,base.state_us_32
county_us_41069,41069,Wheeler,base.state_us_32
county_us_41071,41071,Yamhill,base.state_us_32
county_us_42001,42001,Adams,base.state_us_39
county_us_42003,42003,Allegheny,base.state_us_39
county_us_42005,42005,Armstrong,base.state_us_39
county_us_42007,42007,Beaver,base.state_us_39
county_us_42009,42009,Bedford,base.state_us_39
county_us_42011,42011,Berks,base.state_us_39
county_us_42013,42013,Blair,base.state_us_39
county_us_42015,42015,Bradford,base.state_us_39
county_us_42017,42017,Bucks,base.state_us_39
county_us_42019,42019,Butler,base.state_us_39
county_us_42021,42021,Cambria,base.state_us_39
county_us_42023,42023,Cameron,base.state_us_39
county_us_42025,42025,Carbon,base.state_us_39
county_us_42027,42027,Centre,base.state_us_39
county_us_42029,42029,Chester,base.state_us_39
county_us_42031,42031,Clarion,base.state_us_39
county_us_42033,42033,Clearfield,base.state_us_39
county_us_42035,42035,Clinton,base.state_us_39
county_us_42037,42037,Columbia,base.state_us_39
county_us_42039,42039,Crawford,base.state_us_39
county_us_42041,42041,Cumberland,base.state_us_39
county_us_42043,42043,Dauphin,base.state_us_39
county_us_42045,42045,Delaware,base.state_us_39
county_us_42047,42047,Elk,base.state_us_39
county_us_42049,42049,Erie,base.state_us_39
county_us_42051,42051,Fayette,base.state_us_39
county_us_42053,42053,Forest,base.state_us_39
county_us_42055,42055,Franklin,base.state_us_39
county_us_42057,42057,Fulton,base.state_us_39
county_us_42059,42059,Greene,base.state_us_39
county_us_42061,42061,Huntingdon,base.state_us_39
county_us_42063,42063,Indiana,base.state_us_39
county_us_42065,42065,Jefferson,base.state_us_39
county_us_42067,42067,Juniata,base.state_us_39
county_us_42069,42069,Lackawanna,base.state_us_39
county_us_42071,42071,Lancaster,base.state_us_39
county_us_42073,42073,Lawrence,base.state_us_39
county_us_42075,42075,Lebanon,base.state_us_39
county_us_42077,42077,Lehigh,base.state_us_39
county_us_42079,42079,Luzerne,base.state_us_39
county_us_42081,42081,Lycoming,base.state_us_39
county_us_42083,42083,McKean,base.state_us_39
county_us_42085,42085,Mercer,base.state_us_39
county_us_42087,42087,Mifflin,base.state_us_39
county_us_42089,42089,Monroe,base.state_us_39
county_us_42091,42091,Montgomery,base.state_us_39
county_us_42093,42093,Montour,base.state_us_39
county_us_42095,42095,Northampton,base.state_us_39
county_us_42097,42097,Northumberland,base.state_us_39
county_us_42099,42099,Perry,base.state_us_39
county_us_42101,42101,Philadelphia,base.state_us_39
county_us_42103,42103,Pike,base.state_us_39
county_us_42105,42105,Potter,base.state_us_39
county_us_42107,42107,Schuylkill,base.state_us_39
county_us_42109,42109,Snyder,base.state_us_39
county_us_42111,42111,Somerset,base.state_us_39
county_us_42113,42113,Sullivan,base.state_us_39
county_us_42115,42115,Susquehanna,base.state_us_39
county_us_42117,42117,Tioga,base.state_us_39
county_us_42119,42119,Union,base.state_us_39
county_us_42121,42121,Venango,base.state_us_39
county_us_42123,42123,Warren,base.state_us_39
county_us_42125,42125,Washington,base.state_us_39
county_us_42127,42127,Wayne,base.state_us_39
county_us_42129,42129,Westmoreland,base.state_us_39
county_us_42131,42131,Wyoming,base.state_us_39
county_us_42133,42133,York,base.state_us_39
county_us_72001,72001,Adjuntas,base.state_us_pr
county_us_72003,72003,Aguada,base.state_us_pr
county_us_72005,72005,Aguadilla,base.state_us_pr
county_us_72007,72007,Aguas Buenas,base.state_us_pr
county_us_72009,72009,Aibonito,base.state_us_pr
county_us_72013,72013,Arecibo,base.state_us_pr
county_us_72015,72015,Arroyo,base.state_us_pr
county_us_72011,72011,Añasco,base.state_us_pr
county_us_72017,72017,Barceloneta,base.state_us_pr
county_us_72019,72019,Barranquitas,base.state_us_pr
county_us_72021,72021,Bayamón,base.state_us_pr
county_us_72023,72023,Cabo Rojo,base.state_us_pr
county_us_72025,72025,Caguas,base.state_us_pr
county_us_72027,72027,Camuy,base.state_us_pr
county_us_72029,72029,Canóvanas,base.state_us_pr
county_us_72031,72031,Carolina,base.state_us_pr
county_us_72033,72033,Cataño,base.state_us_pr
county_us_72035,72035,Cayey,base.state_us_pr
county_us_72037,72037,Ceiba,base.state_us_pr
county_us_72039,72039,Ciales,base.state_us_pr
county_us_72041,72041,Cidra,base.state_us_pr
county_us_72043,72043,Coamo,base.state_us_pr
county_us_72045,72045,Comerío,base.state_us_pr
county_us_72047,72047,Corozal,base.state_us_pr
county_us_72049,72049,Culebra,base.state_us_pr
county_us_72051,72051,Dorado,base.state_us_pr
county_us_72053,72053,Fajardo,base.state_us_pr
county_us_72054,72054,Florida,base.state_us_pr
county_us_72057,72057,Guayama,base.state_us_pr
county_us_72059,72059,Guayanilla,base.state_us_pr
county_us_72061,72061,Guaynabo,base.state_us_pr
county_us_72063,72063,Gurabo,base.state_us_pr
county_us_72055,72055,Guánica,base.state_us_pr
county_us_72065,72065,Hatillo,base.state_us_pr
county_us_72067,72067,Hormigueros,base.state_us_pr
county_us_72069,72069,Humacao,base.state_us_pr
county_us_72071,72071,Isabela,base.state_us_pr
county_us_72073,72073,Jayuya,base.state_us_pr
county_us_72075,72075,Juana Díaz,base.state_us_pr
county_us_72077,72077,Juncos,base.state_us_pr
county_us_72079,72079,Lajas,base.state_us_pr
county_us_72081,72081,Lares,base.state_us_pr
county_us_72085,72085,Las Piedras,base.state_us_pr
county_us_72087,72087,Loíza,base.state_us_pr
county_us_72089,72089,Luquillo,base.state_us_pr
county_us_72091,72091,Manatí,base.state_us_pr
county_us_72093,72093,Maricao,base.state_us_pr
county_us_72095,72095,Maunabo,base.state_us_pr
county_us_72097,72097,Mayagüez,base.state_us_pr
county_us_72099,72099,Moca,base.state_us_pr
county_us_72101,72101,Morovis,base.state_us_pr
county_us_72103,72103,Naguabo,base.state_us_pr
county_us_72105,72105,Naranjito,base.state_us_pr
county_us_72107,72107,Orocovis,base.state_us_pr
county_us_72109,72109,Patillas,base.state_us_pr
county_us_72111,72111,Peñuelas,base.state_us_pr
county_us_72113,72113,Ponce,base.state_us_pr
county_us_72115,72115,Quebradillas,base.state_us_pr
county_us_72117,72117,Rincón,base.state_us_pr
county_us_72119,72119,Río Grande,base.state_us_pr
county_us_72121,72121,Sabana Grande,base.state_us_pr
county_us_72123,72123,Salinas,base.state_us_pr
county_us_72125,72125,San Germán,base.state_us_pr
county_us_72127,72127,San Juan,base.state_us_pr
county_us_72129,72129,San Lorenzo,base.state_us_pr
county_us_72131,72131,San Sebastián,base.state_us_pr
county_us_72133,72133,Santa Isabel,base.state_us_pr
county_us_72135,72135,Toa Alta,base.state_us_pr
county_us_72137,72137,Toa Baja,base.state_us_pr
county_us_72139,72139,Trujillo Alto,base.state_us_pr
county_us_72141,72141,Utuado,base.state_us_pr
county_us_72143,72143,Vega Alta,base.state_us_pr
county_us_72145,72145,Vega Baja,base.state_us_pr
county_us_72147,72147,Vieques,base.state_us_pr
county_us_72149,72149,Villalba,base.state_us_pr
county_us_72151,72151,Yabucoa,base.state_us_pr
county_us_72153,72153,Yauco,base.state_us_pr
county_us_44003,44003,Kent,base.state_us_40
county_us_44005,44005,Newport,base.state_us_40
county_us_44007,44007,Providence,base.state_us_40
county_us_44009,44009,Washington,base.state_us_40
county_us_45001,45001,Abbeville,base.state_us_41
county_us_45003,45003,Aiken,base.state_us_41
county_us_45005,45005,Allendale,base.state_us_41
county_us_45007,45007,Anderson,base.state_us_41
county_us_45009,45009,Bamberg,base.state_us_41
county_us_45011,45011,Barnwell,base.state_us_41
county_us_45013,45013,Beaufort,base.state_us_41
county_us_45015,45015,Berkeley,base.state_us_41
county_us_45017,45017,Calhoun,base.state_us_41
county_us_45019,45019,Charleston,base.state_us_41
county_us_45021,45021,Cherokee,base.state_us_41
county_us_45023,45023,Chester,base.state_us_41
county_us_45025,45025,Chesterfield,base.state_us_41
county_us_45027,45027,Clarendon,base.state_us_41
county_us_45029,45029,Colleton,base.state_us_41
county_us_45031,45031,Darlington,base.state_us_41
county_us_45033,45033,Dillon,base.state_us_41
county_us_45035,45035,Dorchester,base.state_us_41
county_us_45037,45037,Edgefield,base.state_us_41
county_us_45039,45039,Fairfield,base.state_us_41
county_us_45041,45041,Florence,base.state_us_41
county_us_45043,45043,Georgetown,base.state_us_41
county_us_45045,45045,Greenville,base.state_us_41
county_us_45047,45047,Greenwood,base.state_us_41
county_us_45049,45049,Hampton,base.state_us_41
county_us_45051,45051,Horry,base.state_us_41
county_us_45053,45053,Jasper,base.state_us_41
county_us_45055,45055,Kershaw,base.state_us_41
county_us_45057,45057,Lancaster,base.state_us_41
county_us_45059,45059,Laurens,base.state_us_41
county_us_45061,45061,Lee,base.state_us_41
county_us_45063,45063,Lexington,base.state_us_41
county_us_45067,45067,Marion,base.state_us_41
county_us_45069,45069,Marlboro,base.state_us_41
county_us_45065,45065,McCormick,base.state_us_41
county_us_45071,45071,Newberry,base.state_us_41
county_us_45073,45073,Oconee,base.state_us_41
county_us_45075,45075,Orangeburg,base.state_us_41
county_us_45077,45077,Pickens,base.state_us_41
county_us_45079,45079,Richland,base.state_us_41
county_us_45081,45081,Saluda,base.state_us_41
county_us_45083,45083,Spartanburg,base.state_us_41
county_us_45085,45085,Sumter,base.state_us_41
county_us_45087,45087,Union,base.state_us_41
county_us_45089,45089,Williamsburg,base.state_us_41
county_us_45091,45091,York,base.state_us_41
county_us_46003,46003,Aurora,base.state_us_42
county_us_46005,46005,Beadle,base.state_us_42
county_us_46007,46007,Bennett,base.state_us_42
county_us_46009,46009,Bon Homme,base.state_us_42
county_us_46011,46011,Brookings,base.state_us_42
county_us_46013,46013,Brown,base.state_us_42
county_us_46015,46015,Brule,base.state_us_42
county_us_46017,46017,Buffalo,base.state_us_42
county_us_46019,46019,Butte,base.state_us_42
county_us_46021,46021,Campbell,base.state_us_42
county_us_46023,46023,Charles Mix,base.state_us_42
county_us_46025,46025,Clark,base.state_us_42
county_us_46027,46027,Clay,base.state_us_42
county_us_46029,46029,Codington,base.state_us_42
county_us_46031,46031,Corson,base.state_us_42
county_us_46033,46033,Custer,base.state_us_42
county_us_46035,46035,Davison,base.state_us_42
county_us_46037,46037,Day,base.state_us_42
county_us_46039,46039,Deuel,base.state_us_42
county_us_46041,46041,Dewey,base.state_us_42
county_us_46043,46043,Douglas,base.state_us_42
county_us_46045,46045,Edmunds,base.state_us_42
county_us_46047,46047,Fall River,base.state_us_42
county_us_46049,46049,Faulk,base.state_us_42
county_us_46051,46051,Grant,base.state_us_42
county_us_46053,46053,Gregory,base.state_us_42
county_us_46055,46055,Haakon,base.state_us_42
county_us_46057,46057,Hamlin,base.state_us_42
county_us_46059,46059,Hand,base.state_us_42
county_us_46061,46061,Hanson,base.state_us_42
county_us_46063,46063,Harding,base.state_us_42
county_us_46065,46065,Hughes,base.state_us_42
county_us_46067,46067,Hutchinson,base.state_us_42
county_us_46069,46069,Hyde,base.state_us_42
county_us_46071,46071,Jackson,base.state_us_42
county_us_46073,46073,Jerauld,base.state_us_42
county_us_46075,46075,Jones,base.state_us_42
county_us_46077,46077,Kingsbury,base.state_us_42
county_us_46079,46079,Lake,base.state_us_42
county_us_46081,46081,Lawrence,base.state_us_42
county_us_46083,46083,Lincoln,base.state_us_42
county_us_46085,46085,Lyman,base.state_us_42
county_us_46091,46091,Marshall,base.state_us_42
county_us_46087,46087,McCook,base.state_us_42
county_us_46089,46089,McPherson,base.state_us_42
county_us_46093,46093,Meade,base.state_us_42
county_us_46095,46095,Mellette,base.state_us_42
county_us_46097,46097,Miner,base.state_us_42
county_us_46099,46099,Minnehaha,base.state_us_42
county_us_46101,46101,Moody,base.state_us_42
county_us_46102,46102,Oglala Lakota,base.state_us_42
county_us_46103,46103,Pennington,base.state_us_42
county_us_46105,46105,Perkins,base.state_us_42
county_us_46107,46107,Potter,base.state_us_42
county_us_46109,46109,Roberts,base.state_us_42
county_us_46111,46111,Sanborn,base.state_us_42
county_us_46115,46115,Spink,base.state_us_42
county_us_46117,46117,Stanley,base.state_us_42
county_us_46119,46119,Sully,base.state_us_42
county_us_46121,46121,Todd,base.state_us_42
county_us_46123,46123,Tripp,base.state_us_42
county_us_46125,46125,Turner,base.state_us_42
county_us_46127,46127,Union,base.state_us_42
county_us_46129,46129,Walworth,base.state_us_42
county_us_46135,46135,Yankton,base.state_us_42
county_us_46137,46137,Ziebach,base.state_us_42
county_us_47001,47001,Anderson,base.state_us_43
county_us_47003,47003,Bedford,base.state_us_43
county_us_47005,47005,Benton,base.state_us_43
county_us_47007,47007,Bledsoe,base.state_us_43
county_us_47009,47009,Blount,base.state_us_43
county_us_47011,47011,Bradley,base.state_us_43
county_us_47013,47013,Campbell,base.state_us_43
county_us_47015,47015,Cannon,base.state_us_43
county_us_47017,47017,Carroll,base.state_us_43
county_us_47019,47019,Carter,base.state_us_43
county_us_47021,47021,Cheatham,base.state_us_43
county_us_47023,47023,Chester,base.state_us_43
county_us_47025,47025,Claiborne,base.state_us_43
county_us_47027,47027,Clay,base.state_us_43
county_us_47029,47029,Cocke,base.state_us_43
county_us_47031,47031,Coffee,base.state_us_43
county_us_47033,47033,Crockett,base.state_us_43
county_us_47035,47035,Cumberland,base.state_us_43
county_us_47037,47037,Davidson,base.state_us_43
county_us_47041,47041,DeKalb,base.state_us_43
county_us_47039,47039,Decatur,base.state_us_43
county_us_47043,47043,Dickson,base.state_us_43
county_us_47045,47045,Dyer,base.state_us_43
county_us_47047,47047,Fayette,base.state_us_43
county_us_47049,47049,Fentress,base.state_us_43
county_us_47051,47051,Franklin,base.state_us_43
county_us_47053,47053,Gibson,base.state_us_43
county_us_47055,47055,Giles,base.state_us_43
county_us_47057,47057,Grainger,base.state_us_43
county_us_47059,47059,Greene,base.state_us_43
county_us_47061,47061,Grundy,base.state_us_43
county_us_47063,47063,Hamblen,base.state_us_43
county_us_47065,47065,Hamilton,base.state_us_43
county_us_47067,47067,Hancock,base.state_us_43
county_us_47069,47069,Hardeman,base.state_us_43
county_us_47071,47071,Hardin,base.state_us_43
county_us_47073,47073,Hawkins,base.state_us_43
county_us_47075,47075,Haywood,base.state_us_43
county_us_47077,47077,Henderson,base.state_us_43
county_us_47079,47079,Henry,base.state_us_43
county_us_47081,47081,Hickman,base.state_us_43
county_us_47083,47083,Houston,base.state_us_43
county_us_47085,47085,Humphreys,base.state_us_43
county_us_47087,47087,Jackson,base.state_us_43
county_us_47089,47089,Jefferson,base.state_us_43
county_us_47091,47091,Johnson,base.state_us_43
county_us_47093,47093,Knox,base.state_us_43
county_us_47095,47095,Lake,base.state_us_43
county_us_47097,47097,Lauderdale,base.state_us_43
county_us_47099,47099,Lawrence,base.state_us_43
county_us_47101,47101,Lewis,base.state_us_43
county_us_47103,47103,Lincoln,base.state_us_43
county_us_47105,47105,Loudon,base.state_us_43
county_us_47111,47111,Macon,base.state_us_43
county_us_47113,47113,Madison,base.state_us_43
county_us_47115,47115,Marion,base.state_us_43
county_us_47117,47117,Marshall,base.state_us_43
county_us_47119,47119,Maury,base.state_us_43
county_us_47107,47107,McMinn,base.state_us_43
county_us_47109,47109,McNairy,base.state_us_43
county_us_47121,47121,Meigs,base.state_us_43
county_us_47123,47123,Monroe,base.state_us_43
county_us_47125,47125,Montgomery,base.state_us_43
county_us_47127,47127,Moore,base.state_us_43
county_us_47129,47129,Morgan,base.state_us_43
county_us_47131,47131,Obion,base.state_us_43
county_us_47133,47133,Overton,base.state_us_43
county_us_47135,47135,Perry,base.state_us_43
county_us_47137,47137,Pickett,base.state_us_43
county_us_47139,47139,Polk,base.state_us_43
county_us_47141,47141,Putnam,base.state_us_43
county_us_47143,47143,Rhea,base.state_us_43
county_us_47145,47145,Roane,base.state_us_43
county_us_47147,47147,Robertson,base.state_us_43
county_us_47149,47149,Rutherford,base.state_us_43
county_us_47151,47151,Scott,base.state_us_43
county_us_47153,47153,Sequatchie,base.state_us_43
county_us_47155,47155,Sevier,base.state_us_43
county_us_47157,47157,Shelby,base.state_us_43
county_us_47159,47159,Smith,base.state_us_43
county_us_47161,47161,Stewart,base.state_us_43
county_us_47163,47163,Sullivan,base.state_us_43
county_us_47165,47165,Sumner,base.state_us_43
county_us_47167,47167,Tipton,base.state_us_43
county_us_47169,47169,Trousdale,base.state_us_43
county_us_47171,47171,Unicoi,base.state_us_43
county_us_47173,47173,Union,base.state_us_43
county_us_47175,47175,Van Buren,base.state_us_43
county_us_47177,47177,Warren,base.state_us_43
county_us_47179,47179,Washington,base.state_us_43
county_us_47181,47181,Wayne,base.state_us_43
county_us_47183,47183,Weakley,base.state_us_43
county_us_47185,47185,White,base.state_us_43
county_us_47187,47187,Williamson,base.state_us_43
county_us_47189,47189,Wilson,base.state_us_43
county_us_48001,48001,Anderson,base.state_us_44
county_us_48003,48003,Andrews,base.state_us_44
county_us_48005,48005,Angelina,base.state_us_44
county_us_48007,48007,Aransas,base.state_us_44
county_us_48009,48009,Archer,base.state_us_44
county_us_48011,48011,Armstrong,base.state_us_44
county_us_48013,48013,Atascosa,base.state_us_44
county_us_48015,48015,Austin,base.state_us_44
county_us_48017,48017,Bailey,base.state_us_44
county_us_48019,48019,Bandera,base.state_us_44
county_us_48021,48021,Bastrop,base.state_us_44
county_us_48023,48023,Baylor,base.state_us_44
county_us_48025,48025,Bee,base.state_us_44
county_us_48027,48027,Bell,base.state_us_44
county_us_48029,48029,Bexar,base.state_us_44
county_us_48031,48031,Blanco,base.state_us_44
county_us_48033,48033,Borden,base.state_us_44
county_us_48035,48035,Bosque,base.state_us_44
county_us_48037,48037,Bowie,base.state_us_44
county_us_48039,48039,Brazoria,base.state_us_44
county_us_48041,48041,Brazos,base.state_us_44
county_us_48043,48043,Brewster,base.state_us_44
county_us_48045,48045,Briscoe,base.state_us_44
county_us_48047,48047,Brooks,base.state_us_44
county_us_48049,48049,Brown,base.state_us_44
county_us_48051,48051,Burleson,base.state_us_44
county_us_48053,48053,Burnet,base.state_us_44
county_us_48055,48055,Caldwell,base.state_us_44
county_us_48057,48057,Calhoun,base.state_us_44
county_us_48059,48059,Callahan,base.state_us_44
county_us_48061,48061,Cameron,base.state_us_44
county_us_48063,48063,Camp,base.state_us_44
county_us_48065,48065,Carson,base.state_us_44
county_us_48067,48067,Cass,base.state_us_44
county_us_48069,48069,Castro,base.state_us_44
county_us_48071,48071,Chambers,base.state_us_44
county_us_48073,48073,Cherokee,base.state_us_44
county_us_48075,48075,Childress,base.state_us_44
county_us_48077,48077,Clay,base.state_us_44
county_us_48079,48079,Cochran,base.state_us_44
county_us_48081,48081,Coke,base.state_us_44
county_us_48083,48083,Coleman,base.state_us_44
county_us_48085,48085,Collin,base.state_us_44
county_us_48087,48087,Collingsworth,base.state_us_44
county_us_48089,48089,Colorado,base.state_us_44
county_us_48091,48091,Comal,base.state_us_44
county_us_48093,48093,Comanche,base.state_us_44
county_us_48095,48095,Concho,base.state_us_44
county_us_48097,48097,Cooke,base.state_us_44
county_us_48099,48099,Coryell,base.state_us_44
county_us_48101,48101,Cottle,base.state_us_44
county_us_48103,48103,Crane,base.state_us_44
county_us_48105,48105,Crockett,base.state_us_44
county_us_48107,48107,Crosby,base.state_us_44
county_us_48109,48109,Culberson,base.state_us_44
county_us_48111,48111,Dallam,base.state_us_44
county_us_48113,48113,Dallas,base.state_us_44
county_us_48115,48115,Dawson,base.state_us_44
county_us_48123,48123,DeWitt,base.state_us_44
county_us_48117,48117,Deaf Smith,base.state_us_44
county_us_48119,48119,Delta,base.state_us_44
county_us_48121,48121,Denton,base.state_us_44
county_us_48125,48125,Dickens,base.state_us_44
county_us_48127,48127,Dimmit,base.state_us_44
county_us_48129,48129,Donley,base.state_us_44
county_us_48131,48131,Duval,base.state_us_44
county_us_48133,48133,Eastland,base.state_us_44
county_us_48135,48135,Ector,base.state_us_44
county_us_48137,48137,Edwards,base.state_us_44
county_us_48141,48141,El Paso,base.state_us_44
county_us_48139,48139,Ellis,base.state_us_44
county_us_48143,48143,Erath,base.state_us_44
county_us_48145,48145,Falls,base.state_us_44
county_us_48147,48147,Fannin,base.state_us_44
county_us_48149,48149,Fayette,base.state_us_44
county_us_48151,48151,Fisher,base.state_us_44
county_us_48153,48153,Floyd,base.state_us_44
county_us_48155,48155,Foard,base.state_us_44
county_us_48157,48157,Fort Bend,base.state_us_44
county_us_48159,48159,Franklin,base.state_us_44
county_us_48161,48161,Freestone,base.state_us_44
county_us_48163,48163,Frio,base.state_us_44
county_us_48165,48165,Gaines,base.state_us_44
county_us_48167,48167,Galveston,base.state_us_44
county_us_48169,48169,Garza,base.state_us_44
county_us_48171,48171,Gillespie,base.state_us_44
county_us_48173,48173,Glasscock,base.state_us_44
county_us_48175,48175,Goliad,base.state_us_44
county_us_48177,48177,Gonzales,base.state_us_44
county_us_48179,48179,Gray,base.state_us_44
county_us_48181,48181,Grayson,base.state_us_44
county_us_48183,48183,Gregg,base.state_us_44
county_us_48185,48185,Grimes,base.state_us_44
county_us_48187,48187,Guadalupe,base.state_us_44
county_us_48189,48189,Hale,base.state_us_44
county_us_48191,48191,Hall,base.state_us_44
county_us_48193,48193,Hamilton,base.state_us_44
county_us_48195,48195,Hansford,base.state_us_44
county_us_48197,48197,Hardeman,base.state_us_44
county_us_48199,48199,Hardin,base.state_us_44
county_us_48201,48201,Harris,base.state_us_44
county_us_48203,48203,Harrison,base.state_us_44
county_us_48205,48205,Hartley,base.state_us_44
county_us_48207,48207,Haskell,base.state_us_44
county_us_48209,48209,Hays,base.state_us_44
county_us_48211,48211,Hemphill,base.state_us_44
county_us_48213,48213,Henderson,base.state_us_44
county_us_48215,48215,Hidalgo,base.state_us_44
county_us_48217,48217,Hill,base.state_us_44
county_us_48219,48219,Hockley,base.state_us_44
county_us_48221,48221,Hood,base.state_us_44
county_us_48223,48223,Hopkins,base.state_us_44
county_us_48225,48225,Houston,base.state_us_44
county_us_48227,48227,Howard,base.state_us_44
county_us_48229,48229,Hudspeth,base.state_us_44
county_us_48231,48231,Hunt,base.state_us_44
county_us_48233,48233,Hutchinson,base.state_us_44
county_us_48235,48235,Irion,base.state_us_44
county_us_48237,48237,Jack,base.state_us_44
county_us_48239,48239,Jackson,base.state_us_44
county_us_48241,48241,Jasper,base.state_us_44
county_us_48243,48243,Jeff Davis,base.state_us_44
county_us_48245,48245,Jefferson,base.state_us_44
county_us_48247,48247,Jim Hogg,base.state_us_44
county_us_48249,48249,Jim Wells,base.state_us_44
county_us_48251,48251,Johnson,base.state_us_44
county_us_48253,48253,Jones,base.state_us_44
county_us_48255,48255,Karnes,base.state_us_44
county_us_48257,48257,Kaufman,base.state_us_44
county_us_48259,48259,Kendall,base.state_us_44
county_us_48261,48261,Kenedy,base.state_us_44
county_us_48263,48263,Kent,base.state_us_44
county_us_48265,48265,Kerr,base.state_us_44
county_us_48267,48267,Kimble,base.state_us_44
county_us_48269,48269,King,base.state_us_44
county_us_48271,48271,Kinney,base.state_us_44
county_us_48273,48273,Kleberg,base.state_us_44
county_us_48275,48275,Knox,base.state_us_44
county_us_48283,48283,La Salle,base.state_us_44
county_us_48277,48277,Lamar,base.state_us_44
county_us_48279,48279,Lamb,base.state_us_44
county_us_48281,48281,Lampasas,base.state_us_44
county_us_48285,48285,Lavaca,base.state_us_44
county_us_48287,48287,Lee,base.state_us_44
county_us_48289,48289,Leon,base.state_us_44
county_us_48291,48291,Liberty,base.state_us_44
county_us_48293,48293,Limestone,base.state_us_44
county_us_48295,48295,Lipscomb,base.state_us_44
county_us_48297,48297,Live Oak,base.state_us_44
county_us_48299,48299,Llano,base.state_us_44
county_us_48301,48301,Loving,base.state_us_44
county_us_48303,48303,Lubbock,base.state_us_44
county_us_48305,48305,Lynn,base.state_us_44
county_us_48313,48313,Madison,base.state_us_44
county_us_48315,48315,Marion,base.state_us_44
county_us_48317,48317,Martin,base.state_us_44
county_us_48319,48319,Mason,base.state_us_44
county_us_48321,48321,Matagorda,base.state_us_44
county_us_48323,48323,Maverick,base.state_us_44
county_us_48307,48307,McCulloch,base.state_us_44
county_us_48309,48309,McLennan,base.state_us_44
county_us_48311,48311,McMullen,base.state_us_44
county_us_48325,48325,Medina,base.state_us_44
county_us_48327,48327,Menard,base.state_us_44
county_us_48329,48329,Midland,base.state_us_44
county_us_48331,48331,Milam,base.state_us_44
county_us_48333,48333,Mills,base.state_us_44
county_us_48335,48335,Mitchell,base.state_us_44
county_us_48337,48337,Montague,base.state_us_44
county_us_48339,48339,Montgomery,base.state_us_44
county_us_48341,48341,Moore,base.state_us_44
county_us_48343,48343,Morris,base.state_us_44
county_us_48345,48345,Motley,base.state_us_44
county_us_48347,48347,Nacogdoches,base.state_us_44
county_us_48349,48349,Navarro,base.state_us_44
county_us_48351,48351,Newton,base.state_us_44
county_us_48353,48353,Nolan,base.state_us_44
county_us_48355,48355,Nueces,base.state_us_44
county_us_48357,48357,Ochiltree,base.state_us_44
county_us_48359,48359,Oldham,base.state_us_44
county_us_48361,48361,Orange,base.state_us_44
county_us_48363,48363,Palo Pinto,base.state_us_44
county_us_48365,48365,Panola,base.state_us_44
county_us_48367,48367,Parker,base.state_us_44
county_us_48369,48369,Parmer,base.state_us_44
county_us_48371,48371,Pecos,base.state_us_44
county_us_48373,48373,Polk,base.state_us_44
county_us_48375,48375,Potter,base.state_us_44
county_us_48377,48377,Presidio,base.state_us_44
county_us_48379,48379,Rains,base.state_us_44
county_us_48381,48381,Randall,base.state_us_44
county_us_48383,48383,Reagan,base.state_us_44
county_us_48385,48385,Real,base.state_us_44
county_us_48387,48387,Red River,base.state_us_44
county_us_48389,48389,Reeves,base.state_us_44
county_us_48391,48391,Refugio,base.state_us_44
county_us_48393,48393,Roberts,base.state_us_44
county_us_48395,48395,Robertson,base.state_us_44
county_us_48397,48397,Rockwall,base.state_us_44
county_us_48399,48399,Runnels,base.state_us_44
county_us_48401,48401,Rusk,base.state_us_44
county_us_48403,48403,Sabine,base.state_us_44
county_us_48405,48405,San Augustine,base.state_us_44
county_us_48407,48407,San Jacinto,base.state_us_44
county_us_48409,48409,San Patricio,base.state_us_44
county_us_48411,48411,San Saba,base.state_us_44
county_us_48413,48413,Schleicher,base.state_us_44
county_us_48415,48415,Scurry,base.state_us_44
county_us_48417,48417,Shackelford,base.state_us_44
county_us_48419,48419,Shelby,base.state_us_44
county_us_48421,48421,Sherman,base.state_us_44
county_us_48423,48423,Smith,base.state_us_44
county_us_48425,48425,Somervell,base.state_us_44
county_us_48427,48427,Starr,base.state_us_44
county_us_48429,48429,Stephens,base.state_us_44
county_us_48431,48431,Sterling,base.state_us_44
county_us_48433,48433,Stonewall,base.state_us_44
county_us_48435,48435,Sutton,base.state_us_44
county_us_48437,48437,Swisher,base.state_us_44
county_us_48439,48439,Tarrant,base.state_us_44
county_us_48441,48441,Taylor,base.state_us_44
county_us_48443,48443,Terrell,base.state_us_44
county_us_48445,48445,Terry,base.state_us_44
county_us_48447,48447,Throckmorton,base.state_us_44
county_us_48449,48449,Titus,base.state_us_44
county_us_48451,48451,Tom Green,base.state_us_44
county_us_48453,48453,Travis,base.state_us_44
county_us_48455,48455,Trinity,base.state_us_44
county_us_48457,48457,Tyler,base.state_us_44
county_us_48459,48459,Upshur,base.state_us_44
county_us_48461,48461,Upton,base.state_us_44
county_us_48463,48463,Uvalde,base.state_us_44
county_us_48465,48465,Val Verde,base.state_us_44
county_us_48467,48467,Van Zandt,base.state_us_44
county_us_48469,48469,Victoria,base.state_us_44
county_us_48471,48471,Walker,base.state_us_44
county_us_48473,48473,Waller,base.state_us_44
county_us_48475,48475,Ward,base.state_us_44
county_us_48477,48477,Washington,base.state_us_44
county_us_48479,48479,Webb,base.state_us_44
county_us_48481,48481,Wharton,base.state_us_44
county_us_48483,48483,Wheeler,base.state_us_44
county_us_48485,48485,Wichita,base.state_us_44
county_us_48487,48487,Wilbarger,base.state_us_44
county_us_48489,48489,Willacy,base.state_us_44
county_us_48491,48491,Williamson,base.state_us_44
county_us_48493,48493,Wilson,base.state_us_44
county_us_48495,48495,Winkler,base.state_us_44
county_us_48497,48497,Wise,base.state_us_44
county_us_48499,48499,Wood,base.state_us_44
county_us_48501,48501,Yoakum,base.state_us_44
county_us_48503,48503,Young,base.state_us_44
county_us_48505,48505,Zapata,base.state_us_44
county_us_48507,48507,Zavala,base.state_us_44
county_us_49001,49001,Beaver,base.state_us_45
county_us_49003,49003,Box Elder,base.state_us_45
county_us_49005,49005,Cache,base.state_us_45
county_us_49007,49007,Carbon,base.state_us_45
county_us_49009,49009,Daggett,base.state_us_45
county_us_49011,49011,Davis,base.state_us_45
county_us_49013,49013,Duchesne,base.state_us_45
county_us_49015,49015,Emery,base.state_us_45
county_us_49017,49017,Garfield,base.state_us_45
county_us_49019,49019,Grand,base.state_us_45
county_us_49021,49021,Iron,base.state_us_45
county_us_49023,49023,Juab,base.state_us_45
county_us_49025,49025,Kane,base.state_us_45
county_us_49027,49027,Millard,base.state_us_45
county_us_49029,49029,Morgan,base.state_us_45
county_us_49031,49031,Piute,base.state_us_45
county_us_49033,49033,Rich,base.state_us_45
county_us_49035,49035,Salt Lake,base.state_us_45
county_us_49037,49037,San Juan,base.state_us_45
county_us_49039,49039,Sanpete,base.state_us_45
county_us_49041,49041,Sevier,base.state_us_45
county_us_49043,49043,Summit,base.state_us_45
county_us_49045,49045,Tooele,base.state_us_45
county_us_49047,49047,Uintah,base.state_us_45
county_us_49049,49049,Utah,base.state_us_45
county_us_49051,49051,Wasatch,base.state_us_45
county_us_49053,49053,Washington,base.state_us_45
county_us_49055,49055,Wayne,base.state_us_45
county_us_49057,49057,Weber,base.state_us_45
county_us_50001,50001,Addison,base.state_us_46
county_us_50003,50003,Bennington,base.state_us_46
county_us_50005,50005,Caledonia,base.state_us_46
county_us_50007,50007,Chittenden,base.state_us_46
county_us_50009,50009,Essex,base.state_us_46
county_us_50011,50011,Franklin,base.state_us_46
county_us_50013,50013,Grand Isle,base.state_us_46
county_us_50015,50015,Lamoille,base.state_us_46
county_us_50017,50017,Orange,base.state_us_46
county_us_50019,50019,Orleans,base.state_us_46
county_us_50021,50021,Rutland,base.state_us_46
county_us_50023,50023,Washington,base.state_us_46
county_us_50025,50025,Windham,base.state_us_46
county_us_50027,50027,Windsor,base.state_us_46
county_us_51001,51001,Accomack,base.state_us_47
county_us_51003,51003,Albemarle,base.state_us_47
county_us_51005,51005,Alleghany,base.state_us_47
county_us_51007,51007,Amelia,base.state_us_47
county_us_51009,51009,Amherst,base.state_us_47
county_us_51011,51011,Appomattox,base.state_us_47
county_us_51013,51013,Arlington,base.state_us_47
county_us_51015,51015,Augusta,base.state_us_47
county_us_51017,51017,Bath,base.state_us_47
county_us_51019,51019,Bedford,base.state_us_47
county_us_51021,51021,Bland,base.state_us_47
county_us_51023,51023,Botetourt,base.state_us_47
county_us_51025,51025,Brunswick,base.state_us_47
county_us_51027,51027,Buchanan,base.state_us_47
county_us_51029,51029,Buckingham,base.state_us_47
county_us_51031,51031,Campbell,base.state_us_47
county_us_51033,51033,Caroline,base.state_us_47
county_us_51035,51035,Carroll,base.state_us_47
county_us_51036,51036,Charles City,base.state_us_47
county_us_51037,51037,Charlotte,base.state_us_47
county_us_51041,51041,Chesterfield,base.state_us_47
county_us_51043,51043,Clarke,base.state_us_47
county_us_51045,51045,Craig,base.state_us_47
county_us_51047,51047,Culpeper,base.state_us_47
county_us_51049,51049,Cumberland,base.state_us_47
county_us_51051,51051,Dickenson,base.state_us_47
county_us_51053,51053,Dinwiddie,base.state_us_47
county_us_51057,51057,Essex,base.state_us_47
county_us_51059,51059,Fairfax,base.state_us_47
county_us_51061,51061,Fauquier,base.state_us_47
county_us_51063,51063,Floyd,base.state_us_47
county_us_51065,51065,Fluvanna,base.state_us_47
county_us_51067,51067,Franklin,base.state_us_47
county_us_51069,51069,Frederick,base.state_us_47
county_us_51071,51071,Giles,base.state_us_47
county_us_51073,51073,Gloucester,base.state_us_47
county_us_51075,51075,Goochland,base.state_us_47
county_us_51077,51077,Grayson,base.state_us_47
county_us_51079,51079,Greene,base.state_us_47
county_us_51083,51083,Halifax,base.state_us_47
county_us_51085,51085,Hanover,base.state_us_47
county_us_51087,51087,Henrico,base.state_us_47
county_us_51089,51089,Henry,base.state_us_47
county_us_51091,51091,Highland,base.state_us_47
county_us_51093,51093,Isle of Wight,base.state_us_47
county_us_51099,51099,King George,base.state_us_47
county_us_51101,51101,King William,base.state_us_47
county_us_51097,51097,King and Queen,base.state_us_47
county_us_51103,51103,Lancaster,base.state_us_47
county_us_51105,51105,Lee,base.state_us_47
county_us_51107,51107,Loudoun,base.state_us_47
county_us_51109,51109,Louisa,base.state_us_47
county_us_51111,51111,Lunenburg,base.state_us_47
county_us_51113,51113,Madison,base.state_us_47
county_us_51115,51115,Mathews,base.state_us_47
county_us_51117,51117,Mecklenburg,base.state_us_47
county_us_51119,51119,Middlesex,base.state_us_47
county_us_51121,51121,Montgomery,base.state_us_47
county_us_51125,51125,Nelson,base.state_us_47
county_us_51127,51127,New Kent,base.state_us_47
county_us_51131,51131,Northampton,base.state_us_47
county_us_51133,51133,Northumberland,base.state_us_47
county_us_51135,51135,Nottoway,base.state_us_47
county_us_51137,51137,Orange,base.state_us_47
county_us_51139,51139,Page,base.state_us_47
county_us_51141,51141,Patrick,base.state_us_47
county_us_51143,51143,Pittsylvania,base.state_us_47
county_us_51145,51145,Powhatan,base.state_us_47
county_us_51147,51147,Prince Edward,base.state_us_47
county_us_51149,51149,Prince George,base.state_us_47
county_us_51153,51153,Prince William,base.state_us_47
county_us_51155,51155,Pulaski,base.state_us_47
county_us_51157,51157,Rappahannock,base.state_us_47
county_us_51159,51159,Richmond,base.state_us_47
county_us_51161,51161,Roanoke,base.state_us_47
county_us_51163,51163,Rockbridge,base.state_us_47
county_us_51165,51165,Rockingham,base.state_us_47
county_us_51167,51167,Russell,base.state_us_47
county_us_51169,51169,Scott,base.state_us_47
county_us_51171,51171,Shenandoah,base.state_us_47
county_us_51173,51173,Smyth,base.state_us_47
county_us_51175,51175,Southampton,base.state_us_47
county_us_51177,51177,Spotsylvania,base.state_us_47
county_us_51179,51179,Stafford,base.state_us_47
county_us_51181,51181,Surry,base.state_us_47
county_us_51183,51183,Sussex,base.state_us_47
county_us_51185,51185,Tazewell,base.state_us_47
county_us_51187,51187,Warren,base.state_us_47
county_us_51191,51191,Washington,base.state_us_47
county_us_51193,51193,Westmoreland,base.state_us_47
county_us_51195,51195,Wise,base.state_us_47
county_us_51197,51197,Wythe,base.state_us_47
county_us_51199,51199,York,base.state_us_47
county_us_53001,53001,Adams,base.state_us_48
county_us_53003,53003,Asotin,base.state_us_48
county_us_53005,53005,Benton,base.state_us_48
county_us_53007,53007,Chelan,base.state_us_48
county_us_53009,53009,Clallam,base.state_us_48
county_us_53011,53011,Clark,base.state_us_48
county_us_53013,53013,Columbia,base.state_us_48
county_us_53015,53015,Cowlitz,base.state_us_48
county_us_53017,53017,Douglas,base.state_us_48
county_us_53019,53019,Ferry,base.state_us_48
county_us_53021,53021,Franklin,base.state_us_48
county_us_53023,53023,Garfield,base.state_us_48
county_us_53025,53025,Grant,base.state_us_48
county_us_53027,53027,Grays Harbor,base.state_us_48
county_us_53029,53029,Island,base.state_us_48
county_us_53031,53031,Jefferson,base.state_us_48
county_us_53033,53033,King,base.state_us_48
county_us_53035,53035,Kitsap,base.state_us_48
county_us_53037,53037,Kittitas,base.state_us_48
county_us_53039,53039,Klickitat,base.state_us_48
county_us_53041,53041,Lewis,base.state_us_48
county_us_53043,53043,Lincoln,base.state_us_48
county_us_53045,53045,Mason,base.state_us_48
county_us_53047,53047,Okanogan,base.state_us_48
county_us_53049,53049,Pacific,base.state_us_48
county_us_53051,53051,Pend Oreille,base.state_us_48
county_us_53053,53053,Pierce,base.state_us_48
county_us_53055,53055,San Juan,base.state_us_48
county_us_53057,53057,Skagit,base.state_us_48
county_us_53059,53059,Skamania,base.state_us_48
county_us_53061,53061,Snohomish,base.state_us_48
county_us_53063,53063,Spokane,base.state_us_48
county_us_53065,53065,Stevens,base.state_us_48
county_us_53067,53067,Thurston,base.state_us_48
county_us_53069,53069,Wahkiakum,base.state_us_48
county_us_53071,53071,Walla Walla,base.state_us_48
county_us_53073,53073,Whatcom,base.state_us_48
county_us_53075,53075,Whitman,base.state_us_48
county_us_53077,53077,Yakima,base.state_us_48
county_us_54001,54001,Barbour,base.state_us_49
county_us_54003,54003,Berkeley,base.state_us_49
county_us_54005,54005,Boone,base.state_us_49
county_us_54007,54007,Braxton,base.state_us_49
county_us_54009,54009,Brooke,base.state_us_49
county_us_54011,54011,Cabell,base.state_us_49
county_us_54013,54013,Calhoun,base.state_us_49
county_us_54015,54015,Clay,base.state_us_49
county_us_54017,54017,Doddridge,base.state_us_49
county_us_54019,54019,Fayette,base.state_us_49
county_us_54021,54021,Gilmer,base.state_us_49
county_us_54023,54023,Grant,base.state_us_49
county_us_54025,54025,Greenbrier,base.state_us_49
county_us_54027,54027,Hampshire,base.state_us_49
county_us_54029,54029,Hancock,base.state_us_49
county_us_54031,54031,Hardy,base.state_us_49
county_us_54033,54033,Harrison,base.state_us_49
county_us_54035,54035,Jackson,base.state_us_49
county_us_54037,54037,Jefferson,base.state_us_49
county_us_54039,54039,Kanawha,base.state_us_49
county_us_54041,54041,Lewis,base.state_us_49
county_us_54043,54043,Lincoln,base.state_us_49
county_us_54045,54045,Logan,base.state_us_49
county_us_54049,54049,Marion,base.state_us_49
county_us_54051,54051,Marshall,base.state_us_49
county_us_54053,54053,Mason,base.state_us_49
county_us_54047,54047,McDowell,base.state_us_49
county_us_54055,54055,Mercer,base.state_us_49
county_us_54057,54057,Mineral,base.state_us_49
county_us_54059,54059,Mingo,base.state_us_49
county_us_54061,54061,Monongalia,base.state_us_49
county_us_54063,54063,Monroe,base.state_us_49
county_us_54065,54065,Morgan,base.state_us_49
county_us_54067,54067,Nicholas,base.state_us_49
county_us_54069,54069,Ohio,base.state_us_49
county_us_54071,54071,Pendleton,base.state_us_49
county_us_54073,54073,Pleasants,base.state_us_49
county_us_54075,54075,Pocahontas,base.state_us_49
county_us_54077,54077,Preston,base.state_us_49
county_us_54079,54079,Putnam,base.state_us_49
county_us_54081,54081,Raleigh,base.state_us_49
county_us_54083,54083,Randolph,base.state_us_49
county_us_54085,54085,Ritchie,base.state_us_49
county_us_54087,54087,Roane,base.state_us_49
county_us_54089,54089,Summers,base.state_us_49
county_us_54091,54091,Taylor,base.state_us_49
county_us_54093,54093,Tucker,base.state_us_49
county_us_54095,54095,Tyler,base.state_us_49
county_us_54097,54097,Upshur,base.state_us_49
county_us_54099,54099,Wayne,base.state_us_49
county_us_54101,54101,Webster,base.state_us_49
county_us_54103,54103,Wetzel,base.state_us_49
county_us_54105,54105,Wirt,base.state_us_49
county_us_54107,54107,Wood,base.state_us_49
county_us_54109,54109,Wyoming,base.state_us_49
county_us_55001,55001,Adams,base.state_us_50
county_us_55003,55003,Ashland,base.state_us_50
county_us_55005,55005,Barron,base.state_us_50
county_us_55007,55007,Bayfield,base.state_us_50
county_us_55009,55009,Brown,base.state_us_50
county_us_55011,55011,Buffalo,base.state_us_50
county_us_55013,55013,Burnett,base.state_us_50
county_us_55015,55015,Calumet,base.state_us_50
county_us_55017,55017,Chippewa,base.state_us_50
county_us_55019,55019,Clark,base.state_us_50
county_us_55021,55021,Columbia,base.state_us_50
county_us_55023,55023,Crawford,base.state_us_50
county_us_55025,55025,Dane,base.state_us_50
county_us_55027,55027,Dodge,base.state_us_50
county_us_55029,55029,Door,base.state_us_50
county_us_55031,55031,Douglas,base.state_us_50
county_us_55033,55033,Dunn,base.state_us_50
county_us_55035,55035,Eau Claire,base.state_us_50
county_us_55037,55037,Florence,base.state_us_50
county_us_55039,55039,Fond du Lac,base.state_us_50
county_us_55041,55041,Forest,base.state_us_50
county_us_55043,55043,Grant,base.state_us_50
county_us_55045,55045,Green,base.state_us_50
county_us_55047,55047,Green Lake,base.state_us_50
county_us_55049,55049,Iowa,base.state_us_50
county_us_55051,55051,Iron,base.state_us_50
county_us_55053,55053,Jackson,base.state_us_50
county_us_55055,55055,Jefferson,base.state_us_50
county_us_55057,55057,Juneau,base.state_us_50
county_us_55059,55059,Kenosha,base.state_us_50
county_us_55061,55061,Kewaunee,base.state_us_50
county_us_55063,55063,La Crosse,base.state_us_50
county_us_55065,55065,Lafayette,base.state_us_50
county_us_55067,55067,Langlade,base.state_us_50
county_us_55069,55069,Lincoln,base.state_us_50
county_us_55071,55071,Manitowoc,base.state_us_50
county_us_55073,55073,Marathon,base.state_us_50
county_us_55075,55075,Marinette,base.state_us_50
county_us_55077,55077,Marquette,base.state_us_50
county_us_55078,55078,Menominee,base.state_us_50
county_us_55079,55079,Milwaukee,base.state_us_50
county_us_55081,55081,Monroe,base.state_us_50
county_us_55083,55083,Oconto,base.state_us_50
county_us_55085,55085,Oneida,base.state_us_50
county_us_55087,55087,Outagamie,base.state_us_50
county_us_55089,55089,Ozaukee,base.state_us_50
county_us_55091,55091,Pepin,base.state_us_50
county_us_55093,55093,Pierce,base.state_us_50
county_us_55095,55095,Polk,base.state_us_50
county_us_55097,55097,Portage,base.state_us_50
county_us_55099,55099,Price,base.state_us_50
county_us_55101,55101,Racine,base.state_us_50
county_us_55103,55103,Richland,base.state_us_50
county_us_55105,55105,Rock,base.state_us_50
county_us_55107,55107,Rusk,base.state_us_50
county_us_55111,55111,Sauk,base.state_us_50
county_us_55113,55113,Sawyer,base.state_us_50
county_us_55115,55115,Shawano,base.state_us_50
county_us_55117,55117,Sheboygan,base.state_us_50
county_us_55109,55109,St. Croix,base.state_us_50
county_us_55119,55119,Taylor,base.state_us_50
county_us_55121,55121,Trempealeau,base.state_us_50
county_us_55123,55123,Vernon,base.state_us_50
county_us_55125,55125,Vilas,base.state_us_50
county_us_55127,55127,Walworth,base.state_us_50
county_us_55129,55129,Washburn,base.state_us_50
county_us_55131,55131,Washington,base.state_us_50
county_us_55133,55133,Waukesha,base.state_us_50
county_us_55135,55135,Waupaca,base.state_us_50
county_us_55137,55137,Waushara,base.state_us_50
county_us_55139,55139,Winnebago,base.state_us_50
county_us_55141,55141,Wood,base.state_us_50
county_us_56001,56001,Albany,base.state_us_51
county_us_56003,56003,Big Horn,base.state_us_51
county_us_56005,56005,Campbell,base.state_us_51
county_us_56007,56007,Carbon,base.state_us_51
county_us_56009,56009,Converse,base.state_us_51
county_us_56011,56011,Crook,base.state_us_51
county_us_56013,56013,Fremont,base.state_us_51
county_us_56015,56015,Goshen,base.state_us_51
county_us_56017,56017,Hot Springs,base.state_us_51
county_us_56019,56019,Johnson,base.state_us_51
county_us_56021,56021,Laramie,base.state_us_51
county_us_56023,56023,Lincoln,base.state_us_51
county_us_56025,56025,Natrona,base.state_us_51
county_us_56027,56027,Niobrara,base.state_us_51
county_us_56029,56029,Park,base.state_us_51
county_us_56031,56031,Platte,base.state_us_51
county_us_56033,56033,Sheridan,base.state_us_51
county_us_56035,56035,Sublette,base.state_us_51
county_us_56037,56037,Sweetwater,base.state_us_51
county_us_56039,56039,Teton,base.state_us_51
county_us_56041,56041,Uinta,base.state_us_51
county_us_56043,56043,Washakie,base.state_us_51
county_us_56045,56045,Weston,base.state_us_51
