city,county
city_us_01,county_us_36081
city_us_02,county_us_06037
city_us_03,county_us_17031
city_us_04,county_us_12086
city_us_05,county_us_48201
city_us_06,county_us_48113
city_us_07,county_us_42101
city_us_08,county_us_13121
city_us_09,county_us_11001
city_us_10,county_us_25025
city_us_11,county_us_04013
city_us_12,county_us_26163
city_us_13,county_us_53033
city_us_14,county_us_06075
city_us_15,county_us_06073
city_us_16,county_us_27053
city_us_17,county_us_12057
city_us_18,county_us_36047
city_us_19,county_us_08031
city_us_20,county_us_36081
city_us_21,county_us_06065
city_us_22,county_us_32003
city_us_25,county_us_41051
city_us_26,county_us_48029
city_us_27,county_us_06067
city_us_28,county_us_48453
city_us_29,county_us_12095
city_us_30,county_us_06085
city_us_31,county_us_42003
city_us_32,county_us_18097
city_us_33,county_us_36061
city_us_34,county_us_39061
city_us_35,county_us_29095
city_us_36,county_us_39035
city_us_37,county_us_39049
city_us_38,county_us_36005
city_us_40,county_us_37119
city_us_41,county_us_55079
city_us_42,county_us_44007
city_us_43,county_us_12031
city_us_44,county_us_47037
city_us_45,county_us_49035
city_us_46,county_us_37183
city_us_48,county_us_47157
city_us_49,county_us_40109
city_us_50,county_us_09110
city_us_51,county_us_21111
city_us_52,county_us_36029
city_us_53,county_us_22071
city_us_54,county_us_48439
city_us_55,county_us_09120
city_us_56,county_us_04019
city_us_57,county_us_48141
city_us_58,county_us_31055
city_us_59,county_us_48215
city_us_60,county_us_01073
city_us_61,county_us_35001
city_us_62,county_us_40143
city_us_63,county_us_06019
city_us_64,county_us_45019
city_us_65,county_us_36055
city_us_66,county_us_39113
city_us_67,county_us_12071
city_us_68,county_us_06059
city_us_69,county_us_08041
city_us_70,county_us_22033
city_us_71,county_us_42077
city_us_72,county_us_49057
city_us_73,county_us_49049
city_us_74,county_us_47093
city_us_75,county_us_26081
city_us_76,county_us_45079
city_us_77,county_us_36001
city_us_78,county_us_06029
city_us_79,county_us_09170
city_us_80,county_us_19153
city_us_81,county_us_39153
city_us_82,county_us_12009
city_us_83,county_us_06013
city_us_84,county_us_20173
city_us_85,county_us_04013
city_us_86,county_us_42043
city_us_87,county_us_36085
city_us_88,county_us_39095
city_us_89,county_us_25027
city_us_90,county_us_06037
city_us_91,county_us_12111
city_us_92,county_us_05119
city_us_93,county_us_32031
city_us_94,county_us_53063
city_us_95,county_us_55025
city_us_96,county_us_16001
city_us_97,county_us_12071
city_us_98,county_us_48121
city_us_99,county_us_06001
city_us_100,county_us_25013
city_us_101,county_us_13245
city_us_102,county_us_12097
city_us_103,county_us_37067
city_us_104,county_us_06077
city_us_105,county_us_36067
city_us_106,county_us_47065
city_us_107,county_us_42071
city_us_108,county_us_45045
city_us_109,county_us_37063
city_us_110,county_us_12033
city_us_111,county_us_05143
city_us_112,county_us_48439
city_us_113,county_us_08005
city_us_114,county_us_06111
city_us_115,county_us_06065
city_us_116,county_us_42069
city_us_117,county_us_06071
city_us_118,county_us_34021
city_us_119,county_us_06099
city_us_120,county_us_01089
city_us_121,county_us_15003
city_us_122,county_us_37081
city_us_123,county_us_06059
city_us_124,county_us_48355
city_us_125,county_us_18003
city_us_126,county_us_08069
city_us_127,county_us_28049
city_us_128,county_us_45051
city_us_129,county_us_37051
city_us_130,county_us_06013
city_us_131,county_us_26065
city_us_132,county_us_21067
city_us_133,county_us_01097
city_us_134,county_us_39099
city_us_135,county_us_32003
city_us_136,county_us_13051
city_us_137,county_us_36027
city_us_138,county_us_06059
city_us_139,county_us_26161
city_us_140,county_us_27123
city_us_141,county_us_34013
city_us_142,county_us_06059
city_us_143,county_us_06097
city_us_144,county_us_39151
city_us_145,county_us_37021
city_us_146,county_us_26049
city_us_147,county_us_12105
city_us_148,county_us_02020
city_us_149,county_us_31109
city_us_150,county_us_37025
city_us_151,county_us_34017
city_us_152,county_us_29077
city_us_153,county_us_48085
city_us_154,county_us_22017
city_us_155,county_us_19163
city_us_156,county_us_48303
city_us_157,county_us_12105
city_us_158,county_us_18141
city_us_159,county_us_06073
city_us_160,county_us_04013
city_us_161,county_us_17201
city_us_162,county_us_42011
city_us_163,county_us_41039
city_us_164,county_us_37129
city_us_165,county_us_06037
city_us_166,county_us_04013
city_us_167,county_us_41047
city_us_168,county_us_48027
city_us_169,county_us_17097
city_us_170,county_us_13215
city_us_171,county_us_32003
city_us_172,county_us_53005
city_us_173,county_us_12103
city_us_174,county_us_12073
city_us_175,county_us_48479
city_us_176,county_us_48113
city_us_177,county_us_17143
city_us_178,county_us_01101
city_us_180,county_us_04013
city_us_181,county_us_42133
city_us_182,county_us_33011
city_us_183,county_us_48113
city_us_184,county_us_04013
city_us_185,county_us_22055
city_us_187,county_us_51013
city_us_188,county_us_55087
city_us_189,county_us_45091
city_us_190,county_us_06001
city_us_191,county_us_38017
city_us_192,county_us_28047
city_us_193,county_us_53035
city_us_194,county_us_55009
city_us_195,county_us_32003
city_us_196,county_us_12086
city_us_197,county_us_12127
city_us_198,county_us_06071
city_us_199,county_us_12001
city_us_200,county_us_32003
city_us_201,county_us_53053
city_us_203,county_us_48061
city_us_204,county_us_48041
city_us_205,county_us_53067
city_us_206,county_us_47125
city_us_207,county_us_36119
city_us_208,county_us_06065
city_us_209,county_us_06111
city_us_210,county_us_23005
city_us_211,county_us_06071
city_us_212,county_us_37035
city_us_213,county_us_48375
city_us_214,county_us_46099
city_us_215,county_us_18163
city_us_216,county_us_54011
city_us_217,county_us_09140
city_us_218,county_us_48085
city_us_219,county_us_39093
city_us_220,county_us_26077
city_us_221,county_us_48167
city_us_222,county_us_45083
city_us_223,county_us_06083
city_us_224,county_us_32003
city_us_225,county_us_06059
city_us_226,county_us_48113
city_us_227,county_us_20091
city_us_228,county_us_48085
city_us_229,county_us_48309
city_us_230,county_us_24043
city_us_231,county_us_06037
city_us_232,county_us_16027
city_us_233,county_us_04013
city_us_234,county_us_19113
city_us_235,county_us_53011
city_us_236,county_us_32003
city_us_237,county_us_12083
city_us_238,county_us_42049
city_us_240,county_us_24021
city_us_241,county_us_47149
city_us_242,county_us_12011
city_us_243,county_us_17089
city_us_244,county_us_04013
city_us_245,county_us_09190
city_us_246,county_us_12053
city_us_247,county_us_37071
city_us_248,county_us_06053
city_us_250,county_us_06071
city_us_251,county_us_06067
city_us_252,county_us_13139
city_us_253,county_us_37183
city_us_254,county_us_06071
city_us_255,county_us_06073
city_us_256,county_us_06059
city_us_257,county_us_06037
city_us_258,county_us_06065
city_us_259,county_us_12011
city_us_260,county_us_12005
city_us_261,county_us_06095
city_us_262,county_us_33011
city_us_263,county_us_41029
city_us_264,county_us_45045
city_us_265,county_us_06087
city_us_266,county_us_06037
city_us_267,county_us_09180
city_us_268,county_us_26121
city_us_269,county_us_12069
city_us_270,county_us_37081
city_us_271,county_us_01125
city_us_272,county_us_06107
city_us_273,county_us_53061
city_us_274,county_us_06047
city_us_275,county_us_06001
city_us_276,county_us_18157
city_us_277,county_us_17167
city_us_278,county_us_06065
city_us_279,county_us_34031
city_us_281,county_us_13021
city_us_282,county_us_36007
city_us_283,county_us_08059
city_us_284,county_us_20209
city_us_285,county_us_48135
city_us_286,county_us_06085
city_us_287,county_us_25005
city_us_288,county_us_12011
city_us_289,county_us_26125
city_us_290,county_us_06073
city_us_291,county_us_22019
city_us_292,county_us_48201
city_us_293,county_us_53033
city_us_294,county_us_17197
city_us_295,county_us_17019
city_us_296,county_us_06037
city_us_297,county_us_06095
city_us_298,county_us_48113
city_us_299,county_us_18039
city_us_300,county_us_17043
city_us_301,county_us_49053
city_us_302,county_us_06061
city_us_303,county_us_20177
city_us_304,county_us_37001
city_us_305,county_us_13153
city_us_306,county_us_04013
city_us_307,county_us_06037
city_us_308,county_us_06083
city_us_309,county_us_13059
city_us_310,county_us_22109
city_us_311,county_us_29019
city_us_312,county_us_06059
city_us_313,county_us_20091
city_us_314,county_us_08001
city_us_315,county_us_08123
city_us_316,county_us_48245
city_us_317,county_us_35013
city_us_318,county_us_48329
city_us_319,county_us_22051
city_us_320,county_us_49035
city_us_321,county_us_06059
city_us_322,county_us_26099
city_us_323,county_us_08077
city_us_324,county_us_48423
city_us_325,county_us_06037
city_us_327,county_us_17113
city_us_328,county_us_34039
city_us_329,county_us_09190
city_us_330,county_us_04027
city_us_331,county_us_53033
city_us_332,county_us_12011
city_us_333,county_us_16055
city_us_334,county_us_12011
city_us_335,county_us_26099
city_us_336,county_us_06101
city_us_337,county_us_53077
city_us_338,county_us_48113
city_us_339,county_us_55101
city_us_340,county_us_47179
city_us_341,county_us_30111
city_us_342,county_us_19103
city_us_343,county_us_10001
city_us_344,county_us_53073
city_us_345,county_us_54039
city_us_347,county_us_06085
city_us_348,county_us_40027
city_us_349,county_us_37147
city_us_350,county_us_06111
city_us_351,county_us_05131
city_us_352,county_us_48441
city_us_353,county_us_48121
city_us_354,county_us_48039
city_us_355,county_us_12071
city_us_356,county_us_55059
city_us_357,county_us_06053
city_us_358,county_us_50007
city_us_359,county_us_08059
city_us_360,county_us_24017
city_us_361,county_us_29095
city_us_362,county_us_27109
city_us_363,county_us_49005
city_us_364,county_us_48061
city_us_365,county_us_06001
city_us_366,county_us_06019
city_us_367,county_us_48491
city_us_368,county_us_08101
city_us_369,county_us_48027
city_us_370,county_us_16001
city_us_371,county_us_27137
city_us_372,county_us_48339
city_us_373,county_us_08013
city_us_374,county_us_48113
city_us_375,county_us_25017
city_us_376,county_us_12099
city_us_377,county_us_48245
city_us_378,county_us_06037
city_us_379,county_us_06089
city_us_380,county_us_12103
city_us_381,county_us_22073
city_us_382,county_us_36065
city_us_383,county_us_27145
city_us_384,county_us_22103
city_us_385,county_us_49035
city_us_386,county_us_45019
city_us_387,county_us_06013
city_us_388,county_us_08001
city_us_389,county_us_26145
city_us_390,county_us_15003
city_us_391,county_us_12057
city_us_392,county_us_06073
city_us_393,county_us_25017
city_us_394,county_us_40143
city_us_395,county_us_17089
city_us_396,county_us_41051
city_us_397,county_us_48167
city_us_398,county_us_06037
city_us_399,county_us_19013
city_us_400,county_us_06065
city_us_401,county_us_25027
city_us_402,county_us_48183
city_us_403,county_us_37133
city_us_404,county_us_12011
city_us_405,county_us_41017
city_us_406,county_us_12086
city_us_407,county_us_06059
city_us_408,county_us_19193
city_us_409,county_us_53061
city_us_410,county_us_06085
city_us_411,county_us_06111
city_us_412,county_us_06065
city_us_413,county_us_48157
city_us_414,county_us_06007
city_us_415,county_us_55035
city_us_416,county_us_06037
city_us_417,county_us_16019
city_us_418,county_us_26163
city_us_419,county_us_18105
city_us_420,county_us_06037
city_us_421,county_us_32031
city_us_422,county_us_13121
city_us_423,county_us_08005
city_us_424,county_us_13121
city_us_425,county_us_06037
city_us_426,county_us_41067
city_us_427,county_us_24027
city_us_428,county_us_06037
city_us_429,county_us_12011
city_us_430,county_us_06073
city_us_431,county_us_06065
city_us_432,county_us_48085
city_us_433,county_us_01081
city_us_434,county_us_53033
city_us_435,county_us_26139
city_us_436,county_us_25023
city_us_437,county_us_35043
city_us_438,county_us_06081
city_us_439,county_us_06071
city_us_440,county_us_53063
city_us_442,county_us_06065
city_us_443,county_us_06081
city_us_444,county_us_48485
city_us_445,county_us_12057
city_us_446,county_us_06037
city_us_447,county_us_29095
city_us_448,county_us_08013
city_us_449,county_us_06095
city_us_450,county_us_08035
city_us_451,county_us_47163
city_us_452,county_us_04021
city_us_453,county_us_25021
city_us_454,county_us_48215
city_us_455,county_us_25009
city_us_456,county_us_48451
city_us_457,county_us_06071
city_us_458,county_us_21227
city_us_459,county_us_53033
city_us_460,county_us_18057
city_us_461,county_us_38015
city_us_462,county_us_18057
city_us_463,county_us_08013
city_us_464,county_us_06073
city_us_465,county_us_12099
city_us_466,county_us_12109
city_us_467,county_us_41067
city_us_468,county_us_04013
city_us_470,county_us_49049
city_us_471,county_us_12011
city_us_472,county_us_33015
city_us_473,county_us_06067
city_us_474,county_us_20045
city_us_475,county_us_49035
city_us_476,county_us_22103
city_us_477,county_us_04013
city_us_478,county_us_26163
city_us_481,county_us_06037
city_us_482,county_us_55063
city_us_483,county_us_40109
city_us_484,county_us_06037
city_us_485,county_us_06073
city_us_486,county_us_06077
city_us_487,county_us_04025
city_us_488,county_us_39017
city_us_489,county_us_25005
city_us_490,county_us_35049
city_us_491,county_us_12011
city_us_492,county_us_48091
city_us_493,county_us_13121
city_us_494,county_us_48339
city_us_495,county_us_06037
city_us_496,county_us_06037
city_us_497,county_us_53033
city_us_498,county_us_01073
city_us_499,county_us_29183
city_us_500,county_us_12095
city_us_501,county_us_12035
city_us_502,county_us_09190
city_us_503,county_us_40031
city_us_504,county_us_06071
city_us_505,county_us_45019
city_us_506,county_us_06077
city_us_507,county_us_06059
city_us_508,county_us_45041
city_us_509,county_us_29097
city_us_510,county_us_24031
city_us_511,county_us_06001
city_us_512,county_us_12057
city_us_513,county_us_34031
city_us_514,county_us_17097
city_us_515,county_us_27053
city_us_516,county_us_04013
city_us_517,county_us_48201
city_us_518,county_us_30063
city_us_519,county_us_12071
city_us_520,county_us_25017
city_us_521,county_us_25009
city_us_522,county_us_18035
city_us_523,county_us_46103
city_us_524,county_us_26125
city_us_525,county_us_06001
city_us_526,county_us_06067
city_us_527,county_us_06037
city_us_529,county_us_05143
city_us_530,county_us_06037
city_us_531,county_us_12011
city_us_532,county_us_17115
city_us_533,county_us_06013
city_us_534,county_us_34011
city_us_535,county_us_48215
city_us_536,county_us_53033
city_us_537,county_us_06059
city_us_538,county_us_06059
city_us_539,county_us_12009
city_us_540,county_us_27053
city_us_541,county_us_48041
city_us_542,county_us_26163
city_us_543,county_us_06055
city_us_544,county_us_48201
city_us_545,county_us_17031
city_us_546,county_us_18095
city_us_547,county_us_47187
city_us_548,county_us_26125
city_us_549,county_us_06059
city_us_550,county_us_13095
city_us_551,county_us_12095
city_us_552,county_us_42027
city_us_553,county_us_06081
city_us_554,county_us_44003
city_us_555,county_us_26075
city_us_556,county_us_44007
city_us_557,county_us_12103
city_us_558,county_us_12086
city_us_559,county_us_06037
city_us_560,county_us_13121
city_us_561,county_us_06085
city_us_562,county_us_24045
city_us_563,county_us_54061
city_us_564,county_us_24031
city_us_565,county_us_49011
city_us_566,county_us_39023
city_us_567,county_us_06037
city_us_568,county_us_01077
city_us_569,county_us_06067
city_us_570,county_us_06039
city_us_571,county_us_36119
city_us_572,county_us_39035
city_us_573,county_us_18167
city_us_574,county_us_25017
city_us_575,county_us_04005
city_us_576,county_us_12099
city_us_577,county_us_12086
city_us_578,county_us_39089
city_us_579,county_us_27053
city_us_580,county_us_01015
city_us_581,county_us_48037
city_us_582,county_us_06059
city_us_583,county_us_48215
city_us_584,county_us_26147
city_us_585,county_us_06099
city_us_586,county_us_06067
city_us_587,county_us_12119
city_us_588,county_us_06085
city_us_589,county_us_06065
city_us_590,county_us_06071
city_us_591,county_us_17119
city_us_592,county_us_06001
city_us_593,county_us_12086
city_us_594,county_us_05031
city_us_595,county_us_06037
city_us_596,county_us_26025
city_us_597,county_us_06071
city_us_598,county_us_56021
city_us_599,county_us_42075
city_us_600,county_us_06067
city_us_601,county_us_49035
city_us_602,county_us_06113
city_us_603,county_us_21093
city_us_604,county_us_17031
city_us_605,county_us_06001
city_us_606,county_us_18089
city_us_607,county_us_53021
city_us_608,county_us_17031
city_us_609,county_us_49049
city_us_610,county_us_22079
city_us_611,county_us_12115
city_us_612,county_us_17031
city_us_613,county_us_06111
city_us_614,county_us_26081
city_us_615,county_us_48121
city_us_616,county_us_42095
city_us_617,county_us_28035
city_us_618,county_us_08069
city_us_619,county_us_06013
city_us_620,county_us_48491
city_us_621,county_us_53007
city_us_622,county_us_26125
city_us_623,county_us_26125
city_us_624,county_us_22105
city_us_625,county_us_13185
city_us_626,county_us_21059
city_us_627,county_us_06071
city_us_628,county_us_27163
city_us_629,county_us_44007
city_us_630,county_us_29021
city_us_631,county_us_12086
city_us_632,county_us_33017
city_us_633,county_us_48157
city_us_634,county_us_36091
city_us_635,county_us_16005
city_us_636,county_us_55139
city_us_637,county_us_09110
city_us_638,county_us_08035
city_us_639,county_us_12011
city_us_640,county_us_08014
city_us_641,county_us_51153
city_us_642,county_us_17197
city_us_643,county_us_53033
city_us_644,county_us_48439
city_us_645,county_us_24027
city_us_646,county_us_55117
city_us_647,county_us_39139
city_us_648,county_us_36113
city_us_649,county_us_12127
city_us_650,county_us_06077
city_us_651,county_us_06071
city_us_653,county_us_01069
city_us_654,county_us_47011
city_us_655,county_us_47113
city_us_656,county_us_36119
city_us_657,county_us_51059
city_us_658,county_us_42013
city_us_659,county_us_25017
city_us_660,county_us_34007
city_us_661,county_us_48491
city_us_662,county_us_06037
city_us_663,county_us_06061
city_us_664,county_us_06107
city_us_665,county_us_12011
city_us_666,county_us_24003
city_us_667,county_us_51121
city_us_668,county_us_55073
city_us_669,county_us_45085
city_us_670,county_us_55105
city_us_671,county_us_13127
city_us_672,county_us_06001
city_us_673,county_us_10003
city_us_674,county_us_55133
city_us_675,county_us_02090
city_us_676,county_us_27037
city_us_677,county_us_29183
city_us_678,county_us_06037
city_us_679,county_us_47119
city_us_680,county_us_34017
city_us_681,county_us_38035
city_us_682,county_us_18057
city_us_683,county_us_06079
city_us_684,county_us_48439
city_us_685,county_us_27053
city_us_686,county_us_34031
city_us_687,county_us_27003
city_us_688,county_us_06065
city_us_689,county_us_05007
city_us_690,county_us_04019
city_us_691,county_us_48181
city_us_692,county_us_06013
city_us_693,county_us_05045
city_us_694,county_us_06065
city_us_695,county_us_06001
city_us_696,county_us_18091
city_us_697,county_us_12105
city_us_698,county_us_06107
city_us_699,county_us_18089
city_us_700,county_us_24031
city_us_701,county_us_34013
city_us_702,county_us_12101
city_us_703,county_us_19153
city_us_704,county_us_13313
city_us_705,county_us_19061
city_us_706,county_us_36093
city_us_707,county_us_19153
city_us_708,county_us_04021
city_us_709,county_us_27037
city_us_710,county_us_06031
city_us_711,county_us_47163
city_us_712,county_us_06059
city_us_713,county_us_12011
city_us_714,county_us_06087
city_us_715,county_us_06085
city_us_716,county_us_53053
city_us_717,county_us_20091
city_us_718,county_us_48209
city_us_719,county_us_30013
city_us_720,county_us_25009
city_us_721,county_us_34017
city_us_722,county_us_17031
city_us_723,county_us_53015
city_us_724,county_us_41003
city_us_725,county_us_24031
city_us_726,county_us_17031
city_us_727,county_us_53057
city_us_728,county_us_56025
city_us_729,county_us_19169
city_us_730,county_us_12099
city_us_731,county_us_53033
city_us_732,county_us_06037
city_us_733,county_us_24005
city_us_734,county_us_24031
city_us_735,county_us_47063
city_us_736,county_us_17091
city_us_737,county_us_13121
city_us_738,county_us_26125
city_us_739,county_us_22051
city_us_740,county_us_26017
city_us_741,county_us_48469
city_us_742,county_us_06081
city_us_743,county_us_37183
city_us_744,county_us_54107
city_us_745,county_us_25017
city_us_746,county_us_06001
city_us_747,county_us_30031
city_us_748,county_us_36103
city_us_749,county_us_25017
city_us_750,county_us_48453
city_us_751,county_us_05119
city_us_752,county_us_06013
city_us_753,county_us_06059
city_us_754,county_us_06059
city_us_755,county_us_27037
city_us_756,county_us_48201
city_us_757,county_us_12015
city_us_758,county_us_27053
city_us_759,county_us_18081
city_us_760,county_us_49035
city_us_761,county_us_31153
city_us_762,county_us_27003
city_us_763,county_us_48113
city_us_764,county_us_39017
city_us_765,county_us_53053
city_us_766,county_us_06037
city_us_767,county_us_08001
city_us_768,county_us_22015
city_us_769,county_us_26163
city_us_770,county_us_06059
city_us_771,county_us_12127
city_us_772,county_us_40027
city_us_773,county_us_19155
city_us_774,county_us_48491
city_us_775,county_us_26163
city_us_776,county_us_51059
city_us_777,county_us_06037
city_us_778,county_us_26125
city_us_779,county_us_06073
city_us_780,county_us_04013
city_us_781,county_us_25017
city_us_782,county_us_41039
city_us_783,county_us_47165
city_us_784,county_us_12103
city_us_785,county_us_06037
city_us_786,county_us_13067
city_us_787,county_us_12099
city_us_788,county_us_12117
city_us_789,county_us_06113
city_us_790,county_us_16027
city_us_791,county_us_37119
city_us_792,county_us_09140
city_us_793,county_us_12099
city_us_794,county_us_06041
city_us_795,county_us_06073
city_us_796,county_us_53005
city_us_797,county_us_25025
city_us_798,county_us_09170
city_us_799,county_us_06037
city_us_800,county_us_06037
city_us_801,county_us_48439
city_us_802,county_us_17031
city_us_803,county_us_55079
city_us_804,county_us_12086
city_us_805,county_us_12097
city_us_806,county_us_12086
city_us_807,county_us_06085
city_us_808,county_us_49035
city_us_809,county_us_06097
city_us_810,county_us_18067
city_us_811,county_us_06073
city_us_812,county_us_13089
city_us_813,county_us_25005
city_us_814,county_us_36119
city_us_815,county_us_12099
city_us_816,county_us_37135
city_us_817,county_us_34017
city_us_818,county_us_08035
city_us_819,county_us_29095
city_us_820,county_us_53033
city_us_821,county_us_26099
city_us_822,county_us_12095
city_us_823,county_us_12011
city_us_824,county_us_17031
city_us_826,county_us_40109
city_us_827,county_us_26125
city_us_828,county_us_24033
city_us_829,county_us_39113
city_us_830,county_us_29183
city_us_831,county_us_17031
city_us_832,county_us_24005
city_us_833,county_us_12011
city_us_834,county_us_01103
city_us_835,county_us_20091
city_us_836,county_us_47157
city_us_837,county_us_06037
city_us_838,county_us_04015
city_us_839,county_us_24025
city_us_840,county_us_12086
city_us_841,county_us_48085
city_us_842,county_us_01089
city_us_843,county_us_13089
city_us_844,county_us_06071
city_us_845,county_us_06059
city_us_846,county_us_17031
city_us_847,county_us_24003
city_us_848,county_us_41043
city_us_849,county_us_06073
city_us_850,county_us_53067
city_us_851,county_us_17031
city_us_852,county_us_06037
city_us_853,county_us_48113
city_us_854,county_us_13067
city_us_855,county_us_12081
city_us_856,county_us_34023
city_us_857,county_us_27037
city_us_858,county_us_17031
city_us_859,county_us_12115
city_us_860,county_us_06037
city_us_861,county_us_25013
city_us_862,county_us_09170
city_us_863,county_us_49035
city_us_864,county_us_34023
city_us_865,county_us_04021
city_us_866,county_us_41067
city_us_867,county_us_12095
city_us_868,county_us_28033
city_us_869,county_us_06037
city_us_870,county_us_06037
city_us_871,county_us_05007
city_us_872,county_us_06071
city_us_873,county_us_34039
city_us_874,county_us_20161
city_us_875,county_us_24031
city_us_876,county_us_37127
city_us_877,county_us_25009
city_us_878,county_us_06113
city_us_879,county_us_06065
city_us_880,county_us_26081
city_us_881,county_us_06071
city_us_882,county_us_17031
city_us_883,county_us_12086
city_us_884,county_us_47149
city_us_885,county_us_17043
city_us_886,county_us_06065
city_us_887,county_us_41067
city_us_888,county_us_27053
city_us_889,county_us_12103
city_us_890,county_us_37025
city_us_891,county_us_06037
city_us_892,county_us_48167
city_us_893,county_us_06041
city_us_894,county_us_27053
city_us_895,county_us_17113
city_us_896,county_us_12086
city_us_897,county_us_31079
city_us_898,county_us_25009
city_us_899,county_us_39093
city_us_900,county_us_24031
city_us_901,county_us_12086
city_us_902,county_us_04019
city_us_903,county_us_34017
city_us_904,county_us_16083
city_us_905,county_us_29189
city_us_906,county_us_06037
city_us_907,county_us_06065
city_us_908,county_us_06059
city_us_909,county_us_06059
city_us_910,county_us_17031
city_us_911,county_us_53033
city_us_912,county_us_13089
city_us_913,county_us_06065
city_us_914,county_us_36083
city_us_915,county_us_47157
city_us_916,county_us_42017
city_us_917,county_us_06037
city_us_918,county_us_12086
city_us_919,county_us_40047
city_us_920,county_us_39153
city_us_921,county_us_18141
city_us_922,county_us_18005
city_us_923,county_us_45035
city_us_924,county_us_36059
city_us_925,county_us_48439
city_us_926,county_us_06037
city_us_927,county_us_09170
city_us_928,county_us_49035
city_us_929,county_us_39035
city_us_930,county_us_04019
city_us_931,county_us_06029
city_us_932,county_us_06061
city_us_933,county_us_49035
city_us_934,county_us_37097
city_us_935,county_us_17043
city_us_936,county_us_06067
city_us_937,county_us_06059
city_us_938,county_us_18019
city_us_939,county_us_24031
city_us_940,county_us_06037
city_us_941,county_us_12086
city_us_942,county_us_29189
city_us_943,county_us_51059
city_us_944,county_us_27053
city_us_945,county_us_15003
city_us_946,county_us_48439
city_us_947,county_us_39035
city_us_948,county_us_18097
city_us_949,county_us_06099
city_us_950,county_us_12057
city_us_951,county_us_28047
city_us_952,county_us_06017
city_us_953,county_us_06037
city_us_954,county_us_48251
city_us_955,county_us_26077
city_us_956,county_us_39049
city_us_957,county_us_06073
city_us_958,county_us_48113
city_us_959,county_us_25017
city_us_960,county_us_40119
city_us_961,county_us_12009
city_us_962,county_us_36063
city_us_963,county_us_48209
city_us_964,county_us_51107
city_us_965,county_us_18057
city_us_966,county_us_48121
city_us_967,county_us_09130
city_us_968,county_us_06067
city_us_969,county_us_51087
city_us_970,county_us_37183
city_us_971,county_us_38101
city_us_972,county_us_35005
city_us_973,county_us_55079
city_us_974,county_us_53033
city_us_975,county_us_17031
city_us_976,county_us_48397
city_us_977,county_us_37195
city_us_978,county_us_06059
city_us_979,county_us_06037
city_us_980,county_us_06067
city_us_981,county_us_15001
city_us_982,county_us_06079
city_us_983,county_us_26099
city_us_984,county_us_06001
city_us_985,county_us_39085
city_us_986,county_us_12095
city_us_987,county_us_06037
city_us_988,county_us_12111
city_us_989,county_us_06059
city_us_990,county_us_04019
city_us_991,county_us_44007
city_us_992,county_us_15003
city_us_993,county_us_20169
city_us_994,county_us_39057
city_us_995,county_us_12095
city_us_996,county_us_24031
city_us_997,county_us_35045
city_us_998,county_us_25005
city_us_999,county_us_48471
city_us_1000,county_us_39035
city_us_1001,county_us_49049
city_us_1002,county_us_04025
city_us_1003,county_us_28033
city_us_1004,county_us_45015
city_us_1005,county_us_34007
city_us_1006,county_us_12117
city_us_1007,county_us_48439
city_us_1008,county_us_34003
city_us_1009,county_us_17043
city_us_1010,county_us_19153
city_us_1011,county_us_06047
city_us_1012,county_us_08005
city_us_1013,county_us_51107
city_us_1014,county_us_26065
city_us_1015,county_us_49011
city_us_1016,county_us_48439
city_us_1017,county_us_06085
city_us_1018,county_us_04003
city_us_1019,county_us_34023
city_us_1020,county_us_24003
city_us_1021,county_us_39035
city_us_1022,county_us_47165
city_us_1023,county_us_17197
city_us_1024,county_us_06065
city_us_1025,county_us_49035
city_us_1026,county_us_18157
city_us_1027,county_us_47187
city_us_1028,county_us_12086
city_us_1029,county_us_51153
city_us_1030,county_us_32003
city_us_1031,county_us_32023
city_us_1032,county_us_12011
city_us_1033,county_us_39017
city_us_1034,county_us_29183
city_us_1035,county_us_25009
city_us_1036,county_us_55039
city_us_1037,county_us_06097
city_us_1038,county_us_27013
city_us_1039,county_us_27027
city_us_1040,county_us_48121
city_us_1041,county_us_51059
city_us_1042,county_us_36059
city_us_1043,county_us_06025
city_us_1044,county_us_27139
city_us_1045,county_us_42079
city_us_1046,county_us_06083
city_us_1047,county_us_36059
city_us_1048,county_us_12011
city_us_1049,county_us_17043
city_us_1050,county_us_33013
city_us_1051,county_us_25003
city_us_1052,county_us_12099
city_us_1053,county_us_06013
city_us_1054,county_us_34039
city_us_1055,county_us_06085
city_us_1056,county_us_06013
city_us_1057,county_us_12086
city_us_1058,county_us_12069
city_us_1059,county_us_06081
city_us_1060,county_us_48201
city_us_1061,county_us_12127
city_us_1062,county_us_39113
city_us_1063,county_us_44007
city_us_1064,county_us_17097
city_us_1065,county_us_36103
city_us_1066,county_us_24005
city_us_1067,county_us_06037
city_us_1068,county_us_53061
city_us_1069,county_us_51153
city_us_1070,county_us_49049
city_us_1071,county_us_13077
city_us_1072,county_us_06067
city_us_1073,county_us_29051
city_us_1075,county_us_51153
city_us_1076,county_us_53053
city_us_1077,county_us_48029
city_us_1078,county_us_48113
city_us_1080,county_us_12071
city_us_1081,county_us_47119
city_us_1082,county_us_17161
city_us_1083,county_us_25009
city_us_1084,county_us_26111
city_us_1085,county_us_51059
city_us_1086,county_us_06065
city_us_1087,county_us_24005
city_us_1088,county_us_12095
city_us_1089,county_us_36103
city_us_1090,county_us_17163
city_us_1091,county_us_13135
city_us_1092,county_us_06069
city_us_1093,county_us_37183
city_us_1094,county_us_39041
city_us_1095,county_us_06037
city_us_1096,county_us_48139
city_us_1097,county_us_13067
city_us_1098,county_us_25027
city_us_1099,county_us_04015
city_us_1100,county_us_39049
city_us_1101,county_us_27123
city_us_1102,county_us_19113
city_us_1103,county_us_25017
city_us_1104,county_us_55133
city_us_1105,county_us_06065
city_us_1106,county_us_09140
city_us_1107,county_us_05069
city_us_1108,county_us_34017
city_us_1109,county_us_12011
city_us_1110,county_us_47157
city_us_1111,county_us_13121
city_us_1112,county_us_25017
city_us_1113,county_us_48113
city_us_1114,county_us_39049
city_us_1115,county_us_21117
city_us_1116,county_us_48167
city_us_1117,county_us_48215
city_us_1118,county_us_12101
city_us_1119,county_us_24005
city_us_1120,county_us_17043
city_us_1121,county_us_25013
city_us_1122,county_us_24003
city_us_1123,county_us_17037
city_us_1124,county_us_19013
city_us_1125,county_us_39045
city_us_1126,county_us_08001
city_us_1127,county_us_17111
city_us_1128,county_us_41005
city_us_1129,county_us_24003
city_us_1130,county_us_39063
city_us_1131,county_us_49049
city_us_1132,county_us_55133
city_us_1133,county_us_06037
city_us_1134,county_us_37179
city_us_1135,county_us_48113
city_us_1136,county_us_36059
city_us_1137,county_us_24033
city_us_1138,county_us_12099
city_us_1139,county_us_17197
city_us_1140,county_us_48439
city_us_1141,county_us_16055
city_us_1142,county_us_20155
city_us_1143,county_us_25025
city_us_1144,county_us_15003
city_us_1145,county_us_53061
city_us_1146,county_us_26163
city_us_1147,county_us_34003
city_us_1148,county_us_29031
city_us_1149,county_us_35025
city_us_1150,county_us_17043
city_us_1151,county_us_12057
city_us_1152,county_us_12086
city_us_1153,county_us_47189
city_us_1154,county_us_17031
city_us_1155,county_us_12117
city_us_1156,county_us_47189
city_us_1157,county_us_17001
city_us_1158,county_us_53033
city_us_1159,county_us_53053
city_us_1160,county_us_17031
city_us_1161,county_us_27163
city_us_1162,county_us_06037
city_us_1163,county_us_06037
city_us_1164,county_us_39155
city_us_1165,county_us_08041
city_us_1166,county_us_41033
city_us_1167,county_us_41047
city_us_1168,county_us_49057
city_us_1169,county_us_19163
city_us_1170,county_us_39049
city_us_1171,county_us_12099
city_us_1172,county_us_04021
city_us_1173,county_us_12113
city_us_1174,county_us_17031
city_us_1175,county_us_53061
city_us_1176,county_us_16065
city_us_1177,county_us_17019
city_us_1178,county_us_48157
city_us_1179,county_us_38017
city_us_1180,county_us_06073
city_us_1181,county_us_55133
city_us_1182,county_us_01073
city_us_1183,county_us_06025
city_us_1184,county_us_12057
city_us_1185,county_us_47149
city_us_1186,county_us_34001
city_us_1187,county_us_35009
city_us_1188,county_us_13113
city_us_1189,county_us_01113
city_us_1190,county_us_12127
city_us_1191,county_us_51085
city_us_1192,county_us_06059
city_us_1193,county_us_25013
city_us_1194,county_us_12117
city_us_1195,county_us_40143
city_us_1196,county_us_01001
city_us_1197,county_us_13121
city_us_1198,county_us_06081
city_us_1199,county_us_05051
city_us_1200,county_us_06071
city_us_1201,county_us_12086
city_us_1202,county_us_08001
city_us_1203,county_us_28081
city_us_1204,county_us_06065
city_us_1205,county_us_36059
city_us_1206,county_us_48157
city_us_1207,county_us_06071
city_us_1208,county_us_06037
city_us_1209,county_us_17089
city_us_1210,county_us_04013
city_us_1211,county_us_18127
city_us_1212,county_us_45013
city_us_1213,county_us_12099
city_us_1214,county_us_06037
city_us_1215,county_us_06067
city_us_1216,county_us_13115
city_us_1217,county_us_35001
city_us_1218,county_us_18043
city_us_1219,county_us_23001
city_us_1220,county_us_32003
city_us_1221,county_us_55079
city_us_1222,county_us_21209
city_us_1223,county_us_13073
city_us_1224,county_us_49049
city_us_1225,county_us_41005
city_us_1226,county_us_40147
city_us_1227,county_us_17161
city_us_1228,county_us_17043
city_us_1229,county_us_20103
city_us_1230,county_us_06013
city_us_1231,county_us_45045
city_us_1232,county_us_13089
city_us_1233,county_us_12086
city_us_1234,county_us_40101
city_us_1235,county_us_06037
city_us_1236,county_us_49035
city_us_1237,county_us_36059
city_us_1238,county_us_06065
city_us_1239,county_us_27053
city_us_1240,county_us_12071
city_us_1241,county_us_55105
city_us_1242,county_us_51059
city_us_1243,county_us_36103
city_us_1244,county_us_55079
city_us_1245,county_us_39049
city_us_1246,county_us_48099
city_us_1247,county_us_49045
city_us_1248,county_us_55079
city_us_1249,county_us_24005
city_us_1250,county_us_18089
city_us_1251,county_us_06037
city_us_1252,county_us_12057
city_us_1253,county_us_39049
city_us_1254,county_us_12103
city_us_1255,county_us_06111
city_us_1256,county_us_27123
city_us_1257,county_us_12057
city_us_1258,county_us_48113
city_us_1259,county_us_39101
city_us_1260,county_us_12011
city_us_1261,county_us_24033
city_us_1262,county_us_06067
city_us_1263,county_us_55025
city_us_1264,county_us_49021
city_us_1265,county_us_48201
city_us_1266,county_us_36103
city_us_1267,county_us_42091
city_us_1268,county_us_17031
city_us_1269,county_us_12086
city_us_1270,county_us_17043
city_us_1271,county_us_27037
city_us_1272,county_us_04013
city_us_1273,county_us_18177
city_us_1274,county_us_49035
city_us_1275,county_us_12086
city_us_1276,county_us_39003
city_us_1277,county_us_39049
city_us_1278,county_us_24031
city_us_1279,county_us_09160
city_us_1280,county_us_15003
city_us_1281,county_us_39093
city_us_1282,county_us_48215
city_us_1283,county_us_48139
city_us_1284,county_us_37159
city_us_1285,county_us_48141
city_us_1286,county_us_37183
city_us_1287,county_us_29189
city_us_1288,county_us_06037
city_us_1289,county_us_06037
city_us_1290,county_us_12109
city_us_1291,county_us_05125
city_us_1292,county_us_39103
city_us_1293,county_us_29189
city_us_1294,county_us_13097
city_us_1295,county_us_49049
city_us_1296,county_us_04027
city_us_1297,county_us_25017
city_us_1298,county_us_13057
city_us_1299,county_us_51059
city_us_1300,county_us_06037
city_us_1301,county_us_06059
city_us_1302,county_us_18063
city_us_1303,county_us_24005
city_us_1304,county_us_28075
city_us_1305,county_us_47141
city_us_1306,county_us_17031
city_us_1307,county_us_34003
city_us_1308,county_us_37179
city_us_1309,county_us_21151
city_us_1310,county_us_29189
city_us_1311,county_us_12011
city_us_1312,county_us_17093
city_us_1313,county_us_06029
city_us_1314,county_us_53053
city_us_1315,county_us_39165
city_us_1316,county_us_24031
city_us_1317,county_us_36059
city_us_1318,county_us_13179
city_us_1319,county_us_12086
city_us_1320,county_us_48465
city_us_1321,county_us_18039
city_us_1322,county_us_53053
city_us_1323,county_us_30093
city_us_1324,county_us_36103
city_us_1325,county_us_06013
city_us_1326,county_us_55071
city_us_1327,county_us_39057
city_us_1328,county_us_06037
city_us_1329,county_us_39153
city_us_1330,county_us_41071
city_us_1331,county_us_24033
city_us_1332,county_us_36071
city_us_1333,county_us_12081
city_us_1334,county_us_08101
city_us_1335,county_us_12009
city_us_1336,county_us_16069
city_us_1337,county_us_48029
city_us_1338,county_us_04019
city_us_1339,county_us_08059
city_us_1340,county_us_22005
city_us_1341,county_us_41017
city_us_1342,county_us_48005
city_us_1343,county_us_24005
city_us_1344,county_us_26099
city_us_1345,county_us_48201
city_us_1346,county_us_12011
city_us_1347,county_us_39035
city_us_1348,county_us_17043
city_us_1349,county_us_53053
city_us_1350,county_us_18127
city_us_1351,county_us_49049
city_us_1352,county_us_08123
city_us_1353,county_us_01055
city_us_1354,county_us_53071
city_us_1355,county_us_36087
city_us_1356,county_us_31019
city_us_1357,county_us_20091
city_us_1358,county_us_36059
city_us_1359,county_us_13073
city_us_1360,county_us_18089
city_us_1361,county_us_06073
city_us_1362,county_us_08005
city_us_1363,county_us_12103
city_us_1364,county_us_37191
city_us_1365,county_us_08059
city_us_1366,county_us_13057
city_us_1367,county_us_12086
city_us_1368,county_us_01117
city_us_1369,county_us_06037
city_us_1370,county_us_13067
city_us_1371,county_us_51107
city_us_1372,county_us_06081
city_us_1373,county_us_12097
city_us_1374,county_us_42003
city_us_1376,county_us_49035
city_us_1377,county_us_06081
city_us_1378,county_us_36059
city_us_1379,county_us_13031
city_us_1380,county_us_56005
city_us_1381,county_us_27053
city_us_1382,county_us_06085
city_us_1383,county_us_17043
city_us_1384,county_us_04015
city_us_1385,county_us_42045
city_us_1386,county_us_48027
city_us_1387,county_us_06059
city_us_1388,county_us_36087
city_us_1389,county_us_49011
city_us_1390,county_us_17089
city_us_1391,county_us_06067
city_us_1392,county_us_05119
city_us_1393,county_us_49011
city_us_1394,county_us_53033
city_us_1395,county_us_06083
city_us_1396,county_us_48187
city_us_1397,county_us_27003
city_us_1398,county_us_33017
city_us_1399,county_us_30049
city_us_1400,county_us_17031
city_us_1401,county_us_06073
city_us_1402,county_us_34003
city_us_1403,county_us_12033
city_us_1404,county_us_27139
city_us_1405,county_us_06037
city_us_1406,county_us_06065
city_us_1407,county_us_49011
city_us_1408,county_us_08059
city_us_1409,county_us_39035
city_us_1410,county_us_39151
city_us_1411,county_us_48367
city_us_1412,county_us_24003
city_us_1413,county_us_48347
city_us_1414,county_us_02110
city_us_1415,county_us_17163
city_us_1416,county_us_17179
city_us_1417,county_us_21015
city_us_1418,county_us_48091
city_us_1419,county_us_36065
city_us_1420,county_us_45003
city_us_1421,county_us_22051
city_us_1422,county_us_53075
city_us_1423,county_us_36059
city_us_1424,county_us_34025
city_us_1425,county_us_06013
city_us_1426,county_us_36103
city_us_1427,county_us_47009
city_us_1428,county_us_48251
city_us_1429,county_us_06047
city_us_1430,county_us_35015
city_us_1431,county_us_13135
city_us_1432,county_us_56001
city_us_1433,county_us_23019
city_us_1434,county_us_12011
city_us_1435,county_us_37183
city_us_1436,county_us_55131
city_us_1437,county_us_09140
city_us_1438,county_us_17097
city_us_1439,county_us_49035
city_us_1440,county_us_06037
city_us_1441,county_us_12057
city_us_1442,county_us_47001
city_us_1443,county_us_24005
city_us_1444,county_us_48085
city_us_1445,county_us_36059
city_us_1446,county_us_37119
city_us_1447,county_us_40125
city_us_1448,county_us_37049
city_us_1449,county_us_01081
city_us_1450,county_us_36109
city_us_1451,county_us_21113
city_us_1452,county_us_13089
city_us_1453,county_us_24025
city_us_1454,county_us_36119
city_us_1455,county_us_06037
city_us_1456,county_us_13285
city_us_1457,county_us_06059
city_us_1458,county_us_24005
city_us_1459,county_us_06083
city_us_1460,county_us_06085
city_us_1461,county_us_51059
city_us_1462,county_us_39035
city_us_1463,county_us_51107
city_us_1464,county_us_21047
city_us_1465,county_us_51059
city_us_1466,county_us_35035
city_us_1467,county_us_06081
city_us_1468,county_us_41067
city_us_1469,county_us_12019
city_us_1470,county_us_29189
city_us_1471,county_us_53033
city_us_1472,county_us_48135
city_us_1473,county_us_17097
city_us_1474,county_us_34039
city_us_1475,county_us_18011
city_us_1476,county_us_06111
city_us_1477,county_us_48439
city_us_1478,county_us_06085
city_us_1479,county_us_01125
city_us_1480,county_us_10003
city_us_1481,county_us_17031
city_us_1482,county_us_16001
city_us_1483,county_us_17097
city_us_1484,county_us_12086
city_us_1485,county_us_36103
city_us_1486,county_us_24005
city_us_1487,county_us_06081
city_us_1488,county_us_36063
city_us_1489,county_us_13135
city_us_1490,county_us_34021
city_us_1491,county_us_12127
city_us_1492,county_us_08123
city_us_1493,county_us_39099
city_us_1494,county_us_37105
city_us_1495,county_us_24013
city_us_1496,county_us_48187
city_us_1497,county_us_29047
city_us_1498,county_us_05007
city_us_1499,county_us_04019
city_us_1500,county_us_17097
city_us_1501,county_us_36071
city_us_1502,county_us_39173
city_us_1503,county_us_18141
city_us_1504,county_us_06053
city_us_1505,county_us_12095
city_us_1506,county_us_06029
city_us_1507,county_us_13089
city_us_1508,county_us_12061
city_us_1509,county_us_26163
city_us_1510,county_us_06065
city_us_1511,county_us_17095
city_us_1512,county_us_17111
city_us_1513,county_us_25009
city_us_1514,county_us_55025
city_us_1515,county_us_12019
city_us_1516,county_us_29095
city_us_1517,county_us_06001
city_us_1518,county_us_06079
city_us_1519,county_us_37183
city_us_1520,county_us_27003
city_us_1521,county_us_32003
city_us_1522,county_us_05055
city_us_1523,county_us_42079
city_us_1524,county_us_34039
city_us_1525,county_us_06077
city_us_1526,county_us_37119
city_us_1527,county_us_24033
city_us_1528,county_us_18089
city_us_1529,county_us_18089
city_us_1530,county_us_26049
city_us_1531,county_us_06083
city_us_1532,county_us_06081
city_us_1533,county_us_22033
city_us_1534,county_us_48491
city_us_1535,county_us_08041
city_us_1536,county_us_39035
city_us_1537,county_us_26125
city_us_1538,county_us_28151
city_us_1539,county_us_25017
city_us_1540,county_us_05091
city_us_1541,county_us_12021
city_us_1542,county_us_18063
city_us_1543,county_us_45013
city_us_1544,county_us_24003
city_us_1545,county_us_24005
city_us_1546,county_us_06095
city_us_1547,county_us_45007
city_us_1548,county_us_05119
city_us_1549,county_us_29189
city_us_1550,county_us_12057
city_us_1551,county_us_49035
city_us_1552,county_us_12019
city_us_1553,county_us_24005
city_us_1554,county_us_12057
city_us_1555,county_us_42045
city_us_1556,county_us_53011
city_us_1557,county_us_49053
city_us_1558,county_us_39035
city_us_1559,county_us_13151
city_us_1560,county_us_17031
city_us_1561,county_us_34003
city_us_1562,county_us_17183
city_us_1563,county_us_12117
city_us_1564,county_us_29189
city_us_1565,county_us_17111
city_us_1566,county_us_22095
city_us_1567,county_us_05115
city_us_1568,county_us_48231
city_us_1569,county_us_12105
city_us_1570,county_us_42095
city_us_1571,county_us_12057
city_us_1572,county_us_13151
city_us_1573,county_us_21111
city_us_1574,county_us_40143
city_us_1575,county_us_21117
city_us_1576,county_us_36119
city_us_1577,county_us_17031
city_us_1578,county_us_36013
city_us_1579,county_us_37097
city_us_1580,county_us_26125
city_us_1581,county_us_42003
city_us_1582,county_us_01031
city_us_1583,county_us_21073
city_us_1584,county_us_24033
city_us_1585,county_us_26081
city_us_1586,county_us_51087
city_us_1587,county_us_26163
city_us_1588,county_us_46013
city_us_1589,county_us_22045
city_us_1590,county_us_24031
city_us_1591,county_us_17043
city_us_1592,county_us_36087
city_us_1593,county_us_25015
city_us_1594,county_us_06065
city_us_1595,county_us_34003
city_us_1596,county_us_06037
city_us_1597,county_us_48323
city_us_1598,county_us_21101
city_us_1599,county_us_36059
city_us_1600,county_us_06029
city_us_1601,county_us_29189
city_us_1602,county_us_48029
city_us_1603,county_us_27163
city_us_1604,county_us_06071
city_us_1605,county_us_48039
city_us_1606,county_us_20055
city_us_1607,county_us_53033
city_us_1608,county_us_01003
city_us_1609,county_us_26163
city_us_1610,county_us_48113
city_us_1611,county_us_06081
city_us_1612,county_us_12009
city_us_1613,county_us_41067
city_us_1614,county_us_17031
city_us_1615,county_us_38105
city_us_1616,county_us_27003
city_us_1617,county_us_27019
city_us_1618,county_us_42081
city_us_1619,county_us_12021
city_us_1620,county_us_20057
city_us_1621,county_us_28049
city_us_1622,county_us_17111
city_us_1623,county_us_55101
city_us_1624,county_us_51059
city_us_1625,county_us_24005
city_us_1626,county_us_27139
city_us_1627,county_us_09180
city_us_1628,county_us_28089
city_us_1629,county_us_01073
city_us_1630,county_us_04027
city_us_1631,county_us_18053
city_us_1632,county_us_34011
city_us_1633,county_us_19127
city_us_1634,county_us_17111
city_us_1635,county_us_06073
city_us_1636,county_us_12091
city_us_1637,county_us_15003
city_us_1638,county_us_17031
city_us_1639,county_us_39133
city_us_1640,county_us_39153
city_us_1641,county_us_48039
city_us_1642,county_us_48113
city_us_1643,county_us_55139
city_us_1644,county_us_36103
city_us_1645,county_us_24027
city_us_1646,county_us_19033
city_us_1647,county_us_12057
city_us_1648,county_us_28121
city_us_1649,county_us_17197
city_us_1650,county_us_15009
city_us_1651,county_us_31053
city_us_1652,county_us_36103
city_us_1653,county_us_26163
city_us_1654,county_us_17031
city_us_1655,county_us_15003
city_us_1656,county_us_36103
city_us_1657,county_us_37067
city_us_1658,county_us_41005
city_us_1659,county_us_36103
city_us_1660,county_us_37057
city_us_1661,county_us_37151
city_us_1662,county_us_24005
city_us_1663,county_us_06095
city_us_1664,county_us_12086
city_us_1665,county_us_42003
city_us_1666,county_us_17119
city_us_1667,county_us_39169
city_us_1668,county_us_29047
city_us_1669,county_us_06031
city_us_1670,county_us_54069
city_us_1671,county_us_13121
city_us_1672,county_us_21145
city_us_1673,county_us_27123
city_us_1674,county_us_37101
city_us_1675,county_us_12057
city_us_1676,county_us_12086
city_us_1677,county_us_12009
city_us_1678,county_us_17097
city_us_1679,county_us_12099
city_us_1680,county_us_36011
city_us_1681,county_us_23005
city_us_1682,county_us_28033
city_us_1683,county_us_04013
city_us_1684,county_us_17119
city_us_1685,county_us_13045
city_us_1686,county_us_36059
city_us_1687,county_us_06037
city_us_1688,county_us_34003
city_us_1689,county_us_55031
city_us_1690,county_us_06019
city_us_1691,county_us_05085
city_us_1692,county_us_37119
city_us_1693,county_us_06023
city_us_1694,county_us_06025
city_us_1695,county_us_36103
city_us_1696,county_us_39109
city_us_1697,county_us_36015
city_us_1698,county_us_12057
city_us_1699,county_us_27147
city_us_1700,county_us_53011
city_us_1701,county_us_18089
city_us_1702,county_us_17089
city_us_1703,county_us_06097
city_us_1704,county_us_06029
city_us_1705,county_us_49035
city_us_1706,county_us_12091
city_us_1707,county_us_13051
city_us_1708,county_us_41047
city_us_1709,county_us_01083
city_us_1710,county_us_41067
city_us_1711,county_us_06073
city_us_1712,county_us_27099
city_us_1713,county_us_17197
city_us_1714,county_us_22051
city_us_1715,county_us_39103
city_us_1716,county_us_17111
city_us_1717,county_us_27169
city_us_1718,county_us_12057
city_us_1719,county_us_12087
city_us_1720,county_us_18081
city_us_1721,county_us_12057
city_us_1722,county_us_34003
city_us_1723,county_us_06013
city_us_1724,county_us_45091
city_us_1725,county_us_51161
city_us_1726,county_us_27037
city_us_1727,county_us_41005
city_us_1728,county_us_24031
city_us_1729,county_us_34003
city_us_1730,county_us_12085
city_us_1731,county_us_48227
city_us_1732,county_us_08059
city_us_1733,county_us_27141
city_us_1734,county_us_29095
city_us_1735,county_us_01073
city_us_1736,county_us_31119
city_us_1737,county_us_48439
city_us_1738,county_us_40143
city_us_1739,county_us_06013
city_us_1740,county_us_27019
city_us_1741,county_us_24033
city_us_1742,county_us_26163
city_us_1743,county_us_24033
city_us_1744,county_us_39159
city_us_1745,county_us_36059
city_us_1746,county_us_04021
city_us_1747,county_us_12057
city_us_1748,county_us_28071
city_us_1749,county_us_12115
city_us_1750,county_us_12113
city_us_1751,county_us_17043
city_us_1752,county_us_01073
city_us_1753,county_us_53067
city_us_1754,county_us_16057
city_us_1756,county_us_20173
city_us_1757,county_us_55097
city_us_1758,county_us_26065
city_us_1759,county_us_34003
city_us_1760,county_us_39057
city_us_1761,county_us_48099
city_us_1762,county_us_30029
city_us_1763,county_us_12081
city_us_1764,county_us_53033
city_us_1765,county_us_12083
city_us_1766,county_us_06037
city_us_1767,county_us_36119
city_us_1768,county_us_17007
city_us_1769,county_us_41071
city_us_1770,county_us_26065
city_us_1771,county_us_55009
city_us_1773,county_us_19179
city_us_1774,county_us_12103
city_us_1775,county_us_06067
city_us_1776,county_us_29189
city_us_1777,county_us_06065
city_us_1778,county_us_06013
city_us_1779,county_us_53061
city_us_1780,county_us_55101
city_us_1781,county_us_48257
city_us_1782,county_us_12061
city_us_1783,county_us_48273
city_us_1784,county_us_24027
city_us_1785,county_us_06019
city_us_1786,county_us_06071
city_us_1787,county_us_39093
city_us_1788,county_us_26139
city_us_1789,county_us_48113
city_us_1790,county_us_12057
city_us_1791,county_us_17031
city_us_1792,county_us_26081
city_us_1793,county_us_39153
city_us_1794,county_us_34023
city_us_1795,county_us_53025
city_us_1796,county_us_28121
city_us_1797,county_us_06059
city_us_1798,county_us_45051
city_us_1799,county_us_24025
city_us_1800,county_us_38089
city_us_1801,county_us_48349
city_us_1802,county_us_55089
city_us_1803,county_us_31001
city_us_1804,county_us_44005
city_us_1805,county_us_55133
city_us_1806,county_us_26163
city_us_1807,county_us_06059
city_us_1808,county_us_19049
city_us_1809,county_us_06037
city_us_1810,county_us_26121
city_us_1811,county_us_39043
city_us_1812,county_us_13135
city_us_1813,county_us_17031
city_us_1814,county_us_12057
city_us_1815,county_us_06071
city_us_1816,county_us_48181
city_us_1817,county_us_36045
city_us_1818,county_us_26163
city_us_1819,county_us_39173
city_us_1820,county_us_19187
city_us_1821,county_us_16001
city_us_1822,county_us_24003
city_us_1823,county_us_45051
city_us_1824,county_us_39093
city_us_1825,county_us_06099
city_us_1826,county_us_51059
city_us_1827,county_us_40019
city_us_1828,county_us_06053
city_us_1829,county_us_39119
city_us_1830,county_us_48061
city_us_1831,county_us_53053
city_us_1832,county_us_36103
city_us_1833,county_us_48201
city_us_1834,county_us_12057
city_us_1835,county_us_06107
city_us_1836,county_us_24031
city_us_1837,county_us_53035
city_us_1838,county_us_36103
city_us_1839,county_us_24033
city_us_1840,county_us_12101
city_us_1841,county_us_28089
city_us_1842,county_us_12086
city_us_1843,county_us_26125
city_us_1844,county_us_06019
city_us_1845,county_us_48277
city_us_1846,county_us_17097
city_us_1847,county_us_19045
city_us_1848,county_us_39113
city_us_1849,county_us_17197
city_us_1850,county_us_39113
city_us_1851,county_us_12095
city_us_1852,county_us_37019
city_us_1853,county_us_45051
city_us_1854,county_us_49011
city_us_1855,county_us_53029
city_us_1856,county_us_51059
city_us_1857,county_us_40071
city_us_1858,county_us_24033
city_us_1859,county_us_45003
city_us_1860,county_us_42091
city_us_1861,county_us_13089
city_us_1862,county_us_27131
city_us_1863,county_us_24027
city_us_1864,county_us_06013
city_us_1865,county_us_41005
city_us_1866,county_us_12009
city_us_1867,county_us_48439
city_us_1868,county_us_05035
city_us_1869,county_us_48265
city_us_1870,county_us_24021
city_us_1871,county_us_06059
city_us_1872,county_us_27123
city_us_1873,county_us_17119
city_us_1874,county_us_17031
city_us_1875,county_us_28105
city_us_1876,county_us_34023
city_us_1877,county_us_17043
city_us_1878,county_us_12117
city_us_1879,county_us_12086
city_us_1880,county_us_34035
city_us_1882,county_us_29037
city_us_1883,county_us_53061
city_us_1884,county_us_01117
city_us_1885,county_us_40017
city_us_1886,county_us_45045
city_us_1887,county_us_20111
city_us_1888,county_us_48439
city_us_1889,county_us_12057
city_us_1890,county_us_39103
city_us_1891,county_us_17031
city_us_1892,county_us_39035
city_us_1893,county_us_38059
city_us_1894,county_us_23001
city_us_1895,county_us_12033
city_us_1896,county_us_31141
city_us_1897,county_us_12101
city_us_1898,county_us_36111
city_us_1899,county_us_31153
city_us_1900,county_us_19057
city_us_1901,county_us_06037
city_us_1902,county_us_28087
city_us_1903,county_us_17177
city_us_1904,county_us_19153
city_us_1905,county_us_06067
city_us_1906,county_us_17089
city_us_1907,county_us_29189
city_us_1908,county_us_39085
city_us_1909,county_us_47093
city_us_1910,county_us_18089
city_us_1911,county_us_04013
city_us_1912,county_us_18089
city_us_1913,county_us_26045
city_us_1914,county_us_06099
city_us_1915,county_us_47003
city_us_1916,county_us_19139
city_us_1917,county_us_18059
city_us_1918,county_us_27053
city_us_1919,county_us_45063
city_us_1920,county_us_41019
city_us_1921,county_us_53033
city_us_1922,county_us_48157
city_us_1923,county_us_06077
city_us_1924,county_us_12031
city_us_1925,county_us_10003
city_us_1926,county_us_46011
city_us_1927,county_us_29043
city_us_1928,county_us_48439
city_us_1929,county_us_48203
city_us_1930,county_us_17043
city_us_1931,county_us_20091
city_us_1932,county_us_27037
city_us_1933,county_us_13255
city_us_1934,county_us_39035
city_us_1935,county_us_36103
city_us_1936,county_us_05033
city_us_1937,county_us_49011
city_us_1938,county_us_17031
city_us_1939,county_us_51059
city_us_1940,county_us_56037
city_us_1941,county_us_42091
city_us_1942,county_us_31111
city_us_1943,county_us_24033
city_us_1944,county_us_06115
city_us_1945,county_us_53061
city_us_1946,county_us_24005
city_us_1947,county_us_53033
city_us_1948,county_us_29037
city_us_1949,county_us_39045
city_us_1950,county_us_53033
city_us_1951,county_us_53061
city_us_1952,county_us_06001
city_us_1953,county_us_27123
city_us_1954,county_us_12127
city_us_1955,county_us_48027
city_us_1956,county_us_45077
city_us_1957,county_us_39113
city_us_1958,county_us_06099
city_us_1959,county_us_12083
city_us_1960,county_us_51059
city_us_1961,county_us_06037
city_us_1962,county_us_13015
city_us_1963,county_us_12069
city_us_1964,county_us_10003
city_us_1965,county_us_51041
city_us_1966,county_us_06071
city_us_1968,county_us_32019
city_us_1969,county_us_34015
city_us_1970,county_us_39153
city_us_1971,county_us_45045
city_us_1972,county_us_21093
city_us_1973,county_us_55055
city_us_1974,county_us_12033
city_us_1975,county_us_51059
city_us_1976,county_us_05145
city_us_1977,county_us_27053
city_us_1978,county_us_12109
city_us_1979,county_us_51121
city_us_1980,county_us_06059
city_us_1981,county_us_17201
city_us_1982,county_us_17031
city_us_1983,county_us_20091
city_us_1984,county_us_33005
city_us_1985,county_us_36059
city_us_1986,county_us_17043
city_us_1987,county_us_17201
city_us_1988,county_us_48473
city_us_1989,county_us_06081
city_us_1990,county_us_12086
city_us_1991,county_us_06031
city_us_1992,county_us_51107
city_us_1993,county_us_48157
city_us_1994,county_us_32031
city_us_1995,county_us_40137
city_us_1996,county_us_17043
city_us_1997,county_us_20061
city_us_1998,county_us_46029
city_us_1999,county_us_53011
city_us_2000,county_us_04013
city_us_2001,county_us_12086
city_us_2002,county_us_13089
city_us_2003,county_us_15003
city_us_2004,county_us_42003
city_us_2005,county_us_39009
city_us_2006,county_us_34035
city_us_2007,county_us_06037
city_us_2008,county_us_06037
city_us_2009,county_us_01003
city_us_2010,county_us_53053
city_us_2011,county_us_34039
city_us_2012,county_us_17179
city_us_2013,county_us_12061
city_us_2014,county_us_48141
city_us_2015,county_us_45047
city_us_2016,county_us_51153
city_us_2017,county_us_48121
city_us_2018,county_us_34039
city_us_2019,county_us_19103
city_us_2020,county_us_06037
city_us_2021,county_us_23031
city_us_2022,county_us_17043
city_us_2023,county_us_01095
city_us_2024,county_us_06073
city_us_2025,county_us_18091
city_us_2026,county_us_44007
city_us_2028,county_us_13067
city_us_2029,county_us_12127
city_us_2030,county_us_22061
city_us_2031,county_us_48491
city_us_2032,county_us_01073
city_us_2033,county_us_06053
city_us_2034,county_us_15009
city_us_2035,county_us_06037
city_us_2036,county_us_53061
city_us_2037,county_us_12086
city_us_2038,county_us_22087
city_us_2039,county_us_51059
city_us_2040,county_us_06061
city_us_2041,county_us_12033
city_us_2042,county_us_27053
city_us_2043,county_us_06037
city_us_2044,county_us_12109
city_us_2045,county_us_06073
city_us_2046,county_us_08123
city_us_2047,county_us_18019
city_us_2048,county_us_51153
city_us_2049,county_us_06037
city_us_2050,county_us_27037
city_us_2051,county_us_39017
city_us_2052,county_us_51059
city_us_2053,county_us_47065
city_us_2054,county_us_17077
city_us_2055,county_us_40037
city_us_2056,county_us_01015
city_us_2057,county_us_39141
city_us_2058,county_us_23031
city_us_2059,county_us_17043
city_us_2060,county_us_06037
city_us_2061,county_us_42055
city_us_2062,county_us_45079
city_us_2063,county_us_28059
city_us_2064,county_us_49011
city_us_2065,county_us_34035
city_us_2066,county_us_55025
city_us_2067,county_us_42073
city_us_2068,county_us_06111
city_us_2069,county_us_36059
city_us_2070,county_us_26073
city_us_2071,county_us_27003
city_us_2072,county_us_41047
city_us_2073,county_us_34027
city_us_2074,county_us_41035
city_us_2075,county_us_18063
city_us_2076,county_us_24033
city_us_2077,county_us_53035
city_us_2078,county_us_29159
city_us_2079,county_us_06073
city_us_2080,county_us_36103
city_us_2081,county_us_39035
city_us_2082,county_us_26125
city_us_2083,county_us_37045
city_us_2084,county_us_06071
city_us_2085,county_us_06037
city_us_2086,county_us_40109
city_us_2087,county_us_35031
city_us_2088,county_us_06055
city_us_2089,county_us_27053
city_us_2090,county_us_39151
city_us_2091,county_us_53033
city_us_2092,county_us_48157
city_us_2093,county_us_39035
city_us_2094,county_us_15003
city_us_2095,county_us_21019
city_us_2096,county_us_49049
city_us_2097,county_us_27003
city_us_2098,county_us_48085
city_us_2099,county_us_12101
city_us_2100,county_us_22051
city_us_2101,county_us_48167
city_us_2102,county_us_34017
city_us_2103,county_us_29043
city_us_2104,county_us_36103
city_us_2105,county_us_04023
city_us_2106,county_us_08005
city_us_2107,county_us_41029
city_us_2108,county_us_17089
city_us_2109,county_us_55059
city_us_2110,county_us_18071
city_us_2111,county_us_53061
city_us_2112,county_us_53061
city_us_2113,county_us_06017
city_us_2114,county_us_34007
city_us_2115,county_us_28149
city_us_2116,county_us_06073
city_us_2117,county_us_17031
city_us_2118,county_us_22019
city_us_2119,county_us_17031
city_us_2120,county_us_37067
city_us_2121,county_us_13153
city_us_2122,county_us_17093
city_us_2123,county_us_42003
city_us_2124,county_us_34003
city_us_2125,county_us_12033
city_us_2126,county_us_37135
city_us_2127,county_us_13135
city_us_2128,county_us_12103
city_us_2129,county_us_51059
city_us_2130,county_us_41005
city_us_2131,county_us_22109
city_us_2132,county_us_01003
city_us_2133,county_us_20051
city_us_2134,county_us_47031
city_us_2135,county_us_25027
city_us_2136,county_us_36059
city_us_2137,county_us_49057
city_us_2138,county_us_15003
city_us_2139,county_us_17031
city_us_2140,county_us_01117
city_us_2141,county_us_45045
city_us_2142,county_us_48143
city_us_2143,county_us_27067
city_us_2144,county_us_36059
city_us_2145,county_us_39165
city_us_2146,county_us_36059
city_us_2147,county_us_17161
city_us_2148,county_us_04019
city_us_2149,county_us_08013
city_us_2150,county_us_12091
city_us_2151,county_us_53011
city_us_2152,county_us_13135
city_us_2153,county_us_53011
city_us_2154,county_us_55131
city_us_2155,county_us_48085
city_us_2156,county_us_24033
city_us_2157,county_us_42041
city_us_2158,county_us_29099
city_us_2159,county_us_27037
city_us_2160,county_us_42129
city_us_2161,county_us_53033
city_us_2162,county_us_36063
city_us_2163,county_us_17097
city_us_2164,county_us_53061
city_us_2165,county_us_05125
city_us_2166,county_us_45015
city_us_2167,county_us_18089
city_us_2168,county_us_48139
city_us_2169,county_us_39035
city_us_2170,county_us_06037
city_us_2171,county_us_55079
city_us_2172,county_us_26103
city_us_2173,county_us_37179
city_us_2174,county_us_06037
city_us_2175,county_us_32003
city_us_2176,county_us_06029
city_us_2177,county_us_17089
city_us_2178,county_us_40109
city_us_2179,county_us_20037
city_us_2180,county_us_49053
city_us_2181,county_us_26091
city_us_2182,county_us_27037
city_us_2183,county_us_36087
city_us_2184,county_us_06065
city_us_2185,county_us_34001
city_us_2186,county_us_17097
city_us_2187,county_us_27163
city_us_2188,county_us_53061
city_us_2189,county_us_40017
city_us_2190,county_us_27131
city_us_2191,county_us_32007
city_us_2192,county_us_06037
city_us_2193,county_us_08059
city_us_2194,county_us_27171
city_us_2195,county_us_23031
city_us_2196,county_us_39109
city_us_2197,county_us_06025
city_us_2198,county_us_36103
city_us_2199,county_us_26115
city_us_2200,county_us_08085
city_us_2201,county_us_36059
city_us_2202,county_us_19103
city_us_2203,county_us_29189
city_us_2204,county_us_39085
city_us_2205,county_us_06037
city_us_2206,county_us_39149
city_us_2207,county_us_41035
city_us_2208,county_us_23005
city_us_2209,county_us_36103
city_us_2210,county_us_53011
city_us_2211,county_us_36059
city_us_2212,county_us_36103
city_us_2213,county_us_41067
city_us_2214,county_us_12083
city_us_2215,county_us_06007
city_us_2216,county_us_53061
city_us_2217,county_us_06065
city_us_2218,county_us_17197
city_us_2219,county_us_50007
city_us_2220,county_us_34003
city_us_2221,county_us_26161
city_us_2222,county_us_06029
city_us_2223,county_us_12113
city_us_2224,county_us_24005
city_us_2225,county_us_48409
city_us_2226,county_us_39035
city_us_2227,county_us_34027
city_us_2228,county_us_48189
city_us_2229,county_us_51047
city_us_2230,county_us_24013
city_us_2231,county_us_51153
city_us_2232,county_us_06037
city_us_2233,county_us_06037
city_us_2234,county_us_24005
city_us_2235,county_us_06073
city_us_2236,county_us_51041
city_us_2237,county_us_39049
city_us_2238,county_us_17031
city_us_2239,county_us_06001
city_us_2240,county_us_29161
city_us_2241,county_us_55009
city_us_2242,county_us_19153
city_us_2243,county_us_53009
city_us_2244,county_us_39061
city_us_2245,county_us_40143
city_us_2246,county_us_51059
city_us_2247,county_us_29189
city_us_2248,county_us_36019
city_us_2249,county_us_39095
city_us_2250,county_us_12095
city_us_2251,county_us_17197
city_us_2252,county_us_17197
city_us_2253,county_us_39113
city_us_2254,county_us_17031
city_us_2255,county_us_39035
city_us_2256,county_us_51059
city_us_2257,county_us_48215
city_us_2258,county_us_48029
city_us_2259,county_us_12109
city_us_2260,county_us_36029
city_us_2261,county_us_04023
city_us_2262,county_us_17097
city_us_2263,county_us_17031
city_us_2264,county_us_40131
city_us_2265,county_us_24033
city_us_2266,county_us_37107
city_us_2267,county_us_06037
city_us_2268,county_us_18145
city_us_2269,county_us_53061
city_us_2270,county_us_13063
city_us_2271,county_us_06029
city_us_2272,county_us_12015
city_us_2273,county_us_49003
city_us_2274,county_us_36103
city_us_2275,county_us_37057
city_us_2276,county_us_21117
city_us_2277,county_us_06037
city_us_2278,county_us_36059
city_us_2279,county_us_42003
city_us_2280,county_us_06013
city_us_2281,county_us_34031
city_us_2282,county_us_48039
city_us_2283,county_us_08077
city_us_2284,county_us_17097
city_us_2285,county_us_21107
city_us_2286,county_us_12105
city_us_2287,county_us_12005
city_us_2288,county_us_22033
city_us_2289,county_us_12086
city_us_2290,county_us_27145
city_us_2291,county_us_12115
city_us_2292,county_us_06053
city_us_2293,county_us_24033
city_us_2294,county_us_37189
city_us_2295,county_us_01097
city_us_2296,county_us_17031
city_us_2297,county_us_29101
city_us_2298,county_us_27163
city_us_2299,county_us_12021
city_us_2300,county_us_39153
city_us_2301,county_us_51153
city_us_2302,county_us_12103
city_us_2303,county_us_26081
city_us_2304,county_us_39005
city_us_2305,county_us_49049
city_us_2306,county_us_41059
city_us_2307,county_us_12095
city_us_2308,county_us_26125
city_us_2309,county_us_08001
city_us_2310,county_us_06065
city_us_2311,county_us_12069
city_us_2312,county_us_36059
city_us_2313,county_us_48361
city_us_2314,county_us_39165
city_us_2315,county_us_34017
city_us_2316,county_us_05119
city_us_2317,county_us_02090
city_us_2318,county_us_34025
city_us_2319,county_us_06029
city_us_2320,county_us_17097
city_us_2321,county_us_41067
city_us_2322,county_us_08067
city_us_2323,county_us_37183
city_us_2324,county_us_41029
city_us_2325,county_us_51041
city_us_2326,county_us_39061
city_us_2327,county_us_37155
city_us_2328,county_us_20175
city_us_2329,county_us_26065
city_us_2330,county_us_12069
city_us_2331,county_us_21049
city_us_2332,county_us_12009
city_us_2333,county_us_06095
city_us_2334,county_us_39095
city_us_2335,county_us_24001
city_us_2336,county_us_08041
city_us_2337,county_us_34029
city_us_2338,county_us_39061
city_us_2339,county_us_36059
city_us_2340,county_us_42029
city_us_2341,county_us_13113
city_us_2342,county_us_48397
city_us_2343,county_us_28059
city_us_2344,county_us_53037
city_us_2345,county_us_06053
city_us_2346,county_us_54029
city_us_2347,county_us_09140
city_us_2348,county_us_55139
city_us_2349,county_us_06013
city_us_2350,county_us_23011
city_us_2351,county_us_37025
city_us_2352,county_us_51059
city_us_2353,county_us_17031
city_us_2354,county_us_12071
city_us_2355,county_us_24003
city_us_2356,county_us_06073
city_us_2357,county_us_17031
city_us_2358,county_us_48157
city_us_2359,county_us_45051
city_us_2360,county_us_06037
city_us_2361,county_us_36103
city_us_2362,county_us_55063
city_us_2363,county_us_48453
city_us_2364,county_us_12073
city_us_2365,county_us_29077
city_us_2366,county_us_48049
city_us_2367,county_us_56033
city_us_2368,county_us_36059
city_us_2369,county_us_17163
city_us_2370,county_us_55141
city_us_2371,county_us_55141
city_us_2372,county_us_47147
city_us_2373,county_us_06039
city_us_2374,county_us_40013
city_us_2375,county_us_34003
city_us_2376,county_us_27053
city_us_2377,county_us_12081
city_us_2378,county_us_13275
city_us_2379,county_us_48001
city_us_2380,county_us_09170
city_us_2381,county_us_42091
city_us_2382,county_us_42029
city_us_2383,county_us_12086
city_us_2384,county_us_06037
city_us_2385,county_us_40065
city_us_2386,county_us_17099
city_us_2387,county_us_29189
city_us_2388,county_us_54003
city_us_2389,county_us_17097
city_us_2390,county_us_17043
city_us_2391,county_us_12101
city_us_2392,county_us_48113
city_us_2393,county_us_05007
city_us_2394,county_us_27171
city_us_2395,county_us_06037
city_us_2396,county_us_02170
city_us_2397,county_us_53033
city_us_2398,county_us_17031
city_us_2399,county_us_29189
city_us_2400,county_us_45045
city_us_2401,county_us_34031
city_us_2402,county_us_41043
city_us_2403,county_us_48085
city_us_2404,county_us_34023
city_us_2405,county_us_19153
city_us_2406,county_us_37139
city_us_2407,county_us_48245
city_us_2408,county_us_13039
city_us_2409,county_us_22033
city_us_2410,county_us_39035
city_us_2411,county_us_29189
city_us_2412,county_us_06023
city_us_2413,county_us_20079
city_us_2414,county_us_24003
city_us_2415,county_us_36103
city_us_2416,county_us_24033
city_us_2417,county_us_34023
city_us_2418,county_us_39035
city_us_2419,county_us_13039
city_us_2420,county_us_48215
city_us_2421,county_us_51087
city_us_2422,county_us_48259
city_us_2423,county_us_48167
city_us_2424,county_us_48085
city_us_2425,county_us_06079
city_us_2426,county_us_27047
city_us_2427,county_us_01043
city_us_2428,county_us_42021
city_us_2429,county_us_34027
city_us_2430,county_us_04013
city_us_2431,county_us_26163
city_us_2432,county_us_28059
city_us_2433,county_us_13013
city_us_2434,county_us_39153
city_us_2435,county_us_54049
city_us_2436,county_us_36103
city_us_2437,county_us_48439
city_us_2438,county_us_36103
city_us_2439,county_us_17031
city_us_2440,county_us_25009
city_us_2441,county_us_24031
city_us_2442,county_us_24003
city_us_2443,county_us_36103
city_us_2444,county_us_49057
city_us_2445,county_us_24031
city_us_2446,county_us_37027
city_us_2447,county_us_12005
city_us_2448,county_us_12086
city_us_2449,county_us_17031
city_us_2450,county_us_06071
city_us_2451,county_us_21015
city_us_2452,county_us_36057
city_us_2453,county_us_29189
city_us_2454,county_us_53041
city_us_2455,county_us_34029
city_us_2456,county_us_51059
city_us_2457,county_us_36059
city_us_2458,county_us_55133
city_us_2459,county_us_39081
city_us_2460,county_us_17037
city_us_2461,county_us_18017
city_us_2463,county_us_15003
city_us_2464,county_us_39145
city_us_2465,county_us_41005
city_us_2466,county_us_17091
city_us_2467,county_us_55139
city_us_2468,county_us_40121
city_us_2469,county_us_17197
city_us_2470,county_us_39155
city_us_2471,county_us_48439
city_us_2472,county_us_08041
city_us_2473,county_us_51059
city_us_2474,county_us_55079
city_us_2475,county_us_24033
city_us_2476,county_us_36119
city_us_2477,county_us_29189
city_us_2478,county_us_53033
city_us_2479,county_us_01097
city_us_2480,county_us_34003
city_us_2481,county_us_06079
city_us_2482,county_us_39007
city_us_2483,county_us_48257
city_us_2484,county_us_06017
city_us_2485,county_us_36059
city_us_2486,county_us_21029
city_us_2487,county_us_47155
city_us_2488,county_us_36001
city_us_2489,county_us_06065
city_us_2490,county_us_51059
city_us_2491,county_us_16019
city_us_2492,county_us_48249
city_us_2493,county_us_22069
city_us_2494,county_us_51059
city_us_2495,county_us_12086
city_us_2496,county_us_37001
city_us_2497,county_us_39147
city_us_2498,county_us_27003
city_us_2499,county_us_17111
city_us_2500,county_us_48453
city_us_2501,county_us_12057
city_us_2502,county_us_01047
city_us_2503,county_us_48321
city_us_2504,county_us_29187
city_us_2505,county_us_39089
city_us_2506,county_us_12086
city_us_2507,county_us_17029
city_us_2508,county_us_17119
city_us_2509,county_us_51059
city_us_2510,county_us_39151
city_us_2511,county_us_12095
city_us_2512,county_us_09180
city_us_2513,county_us_01109
city_us_2514,county_us_17163
city_us_2515,county_us_17089
city_us_2516,county_us_42003
city_us_2517,county_us_06087
city_us_2518,county_us_37051
city_us_2519,county_us_53057
city_us_2520,county_us_48477
city_us_2521,county_us_37125
city_us_2522,county_us_37071
city_us_2523,county_us_53029
city_us_2524,county_us_22051
city_us_2525,county_us_12085
city_us_2526,county_us_17137
city_us_2527,county_us_05007
city_us_2528,county_us_36059
city_us_2529,county_us_39085
city_us_2530,county_us_05139
city_us_2531,county_us_09110
city_us_2532,county_us_39157
city_us_2533,county_us_12101
city_us_2534,county_us_36023
city_us_2535,county_us_26163
city_us_2536,county_us_17031
city_us_2537,county_us_45077
city_us_2538,county_us_24031
city_us_2539,county_us_41005
city_us_2540,county_us_29001
city_us_2541,county_us_13135
city_us_2542,county_us_21111
city_us_2543,county_us_47165
city_us_2544,county_us_06019
city_us_2545,county_us_49057
city_us_2546,county_us_40017
city_us_2547,county_us_12115
city_us_2548,county_us_49035
city_us_2549,county_us_48097
city_us_2550,county_us_45063
city_us_2551,county_us_37023
city_us_2552,county_us_35061
city_us_2553,county_us_06059
city_us_2554,county_us_51041
city_us_2555,county_us_06115
city_us_2556,county_us_13247
city_us_2557,county_us_21035
city_us_2558,county_us_18065
city_us_2559,county_us_15003
city_us_2560,county_us_39133
city_us_2561,county_us_06065
city_us_2562,county_us_13045
city_us_2563,county_us_24033
city_us_2564,county_us_08123
city_us_2565,county_us_26139
city_us_2566,county_us_21037
city_us_2567,county_us_36059
city_us_2568,county_us_18011
city_us_2569,county_us_28033
city_us_2570,county_us_06065
city_us_2571,county_us_06085
city_us_2572,county_us_28067
city_us_2573,county_us_13089
city_us_2574,county_us_48157
city_us_2575,county_us_21211
city_us_2576,county_us_39133
city_us_2577,county_us_13135
city_us_2578,county_us_29189
city_us_2579,county_us_34023
city_us_2580,county_us_21021
city_us_2581,county_us_04019
city_us_2582,county_us_13129
city_us_2583,county_us_13089
city_us_2584,county_us_17043
city_us_2585,county_us_48201
city_us_2586,county_us_12086
city_us_2587,county_us_39035
city_us_2588,county_us_37001
city_us_2589,county_us_54081
city_us_2591,county_us_24041
city_us_2592,county_us_55087
city_us_2593,county_us_48245
city_us_2594,county_us_36075
city_us_2595,county_us_22051
city_us_2596,county_us_29183
city_us_2597,county_us_12103
city_us_2598,county_us_06037
city_us_2599,county_us_12005
city_us_2600,county_us_08043
city_us_2601,county_us_13277
city_us_2602,county_us_36059
city_us_2603,county_us_39077
city_us_2605,county_us_48113
city_us_2606,county_us_13009
city_us_2607,county_us_18069
city_us_2608,county_us_36059
city_us_2609,county_us_26125
city_us_2610,county_us_41059
city_us_2611,county_us_29127
city_us_2612,county_us_51153
city_us_2613,county_us_53027
city_us_2614,county_us_41053
city_us_2615,county_us_12033
city_us_2616,county_us_24033
city_us_2617,county_us_49051
city_us_2618,county_us_36103
city_us_2619,county_us_17031
city_us_2620,county_us_55009
city_us_2621,county_us_13067
city_us_2622,county_us_06023
city_us_2623,county_us_33001
city_us_2624,county_us_12099
city_us_2625,county_us_42043
city_us_2626,county_us_36103
city_us_2627,county_us_34003
city_us_2628,county_us_17199
city_us_2629,county_us_48179
city_us_2630,county_us_39083
city_us_2631,county_us_06013
city_us_2632,county_us_39039
city_us_2633,county_us_06073
city_us_2634,county_us_24031
city_us_2635,county_us_05051
city_us_2636,county_us_17029
city_us_2637,county_us_53011
city_us_2638,county_us_28047
city_us_2639,county_us_06057
city_us_2640,county_us_12086
city_us_2641,county_us_35013
city_us_2642,county_us_37049
city_us_2643,county_us_48215
city_us_2644,county_us_12101
city_us_2645,county_us_49011
city_us_2646,county_us_36103
city_us_2647,county_us_18083
city_us_2648,county_us_31153
city_us_2649,county_us_08123
city_us_2650,county_us_13029
city_us_2651,county_us_17031
city_us_2652,county_us_13057
city_us_2653,county_us_37129
city_us_2654,county_us_24003
city_us_2655,county_us_01073
city_us_2656,county_us_55027
city_us_2657,county_us_01117
city_us_2658,county_us_12117
city_us_2659,county_us_24031
city_us_2660,county_us_01051
city_us_2661,county_us_27049
city_us_2662,county_us_51153
city_us_2663,county_us_06033
city_us_2664,county_us_17179
city_us_2665,county_us_12086
city_us_2666,county_us_06067
city_us_2667,county_us_15009
city_us_2668,county_us_17031
city_us_2669,county_us_12033
city_us_2670,county_us_48201
city_us_2671,county_us_55033
city_us_2672,county_us_53005
city_us_2673,county_us_40123
city_us_2674,county_us_12061
city_us_2675,county_us_34027
city_us_2676,county_us_51087
city_us_2677,county_us_06045
city_us_2678,county_us_27003
city_us_2679,county_us_18037
city_us_2680,county_us_24033
city_us_2681,county_us_18085
city_us_2682,county_us_13121
city_us_2683,county_us_12105
city_us_2684,county_us_06111
city_us_2685,county_us_12086
city_us_2686,county_us_48491
city_us_2687,county_us_48113
city_us_2688,county_us_37167
city_us_2689,county_us_24031
city_us_2690,county_us_12105
city_us_2691,county_us_36087
city_us_2692,county_us_24025
city_us_2693,county_us_32031
city_us_2694,county_us_42133
city_us_2695,county_us_18089
city_us_2696,county_us_51059
city_us_2697,county_us_45079
city_us_2698,county_us_40021
city_us_2699,county_us_51161
city_us_2701,county_us_04007
city_us_2702,county_us_48215
city_us_2703,county_us_17163
city_us_2704,county_us_42077
city_us_2705,county_us_34003
city_us_2706,county_us_26163
city_us_2707,county_us_18107
city_us_2708,county_us_01033
city_us_2709,county_us_12069
city_us_2710,county_us_53077
city_us_2711,county_us_29023
city_us_2712,county_us_04003
city_us_2713,county_us_36045
city_us_2714,county_us_27171
city_us_2715,county_us_08001
city_us_2716,county_us_01073
city_us_2717,county_us_51087
city_us_2718,county_us_06067
city_us_2719,county_us_06037
city_us_2720,county_us_40051
city_us_2721,county_us_12086
city_us_2722,county_us_42085
city_us_2723,county_us_29189
city_us_2724,county_us_06037
city_us_2725,county_us_37179
city_us_2726,county_us_36103
city_us_2727,county_us_45045
city_us_2728,county_us_18089
city_us_2729,county_us_15003
city_us_2730,county_us_47045
city_us_2731,county_us_48201
city_us_2732,county_us_27137
city_us_2733,county_us_55093
city_us_2734,county_us_41047
city_us_2735,county_us_41051
city_us_2736,county_us_29201
city_us_2737,county_us_36103
city_us_2738,county_us_17031
city_us_2739,county_us_01097
city_us_2740,county_us_06077
city_us_2741,county_us_55009
city_us_2742,county_us_34023
city_us_2743,county_us_47155
city_us_2744,county_us_04021
city_us_2745,county_us_48449
city_us_2746,county_us_47043
city_us_2747,county_us_01073
city_us_2748,county_us_13073
city_us_2749,county_us_51107
city_us_2750,county_us_12069
city_us_2751,county_us_39035
city_us_2752,county_us_04015
city_us_2753,county_us_48309
city_us_2754,county_us_48223
city_us_2755,county_us_16039
city_us_2756,county_us_12095
city_us_2757,county_us_13261
city_us_2758,county_us_13097
city_us_2759,county_us_26081
city_us_2760,county_us_51059
city_us_2761,county_us_22055
city_us_2762,county_us_41065
city_us_2763,county_us_17179
city_us_2764,county_us_13175
city_us_2765,county_us_13127
city_us_2766,county_us_06019
city_us_2767,county_us_54033
city_us_2768,county_us_18023
city_us_2769,county_us_12009
city_us_2770,county_us_41011
city_us_2771,county_us_12021
city_us_2772,county_us_24033
city_us_2773,county_us_36059
city_us_2774,county_us_39035
city_us_2775,county_us_06073
city_us_2776,county_us_24003
city_us_2777,county_us_39143
city_us_2778,county_us_36059
city_us_2779,county_us_48121
city_us_2780,county_us_17031
city_us_2781,county_us_36059
city_us_2782,county_us_38093
city_us_2783,county_us_48099
city_us_2784,county_us_19181
city_us_2785,county_us_29189
city_us_2786,county_us_27163
city_us_2787,county_us_24015
city_us_2788,county_us_45063
city_us_2789,county_us_53035
city_us_2790,county_us_50021
city_us_2791,county_us_22097
city_us_2792,county_us_12091
city_us_2793,county_us_36059
city_us_2794,county_us_23011
city_us_2795,county_us_22057
city_us_2796,county_us_06035
city_us_2797,county_us_12119
city_us_2798,county_us_48029
city_us_2799,county_us_55127
city_us_2800,county_us_53073
city_us_2801,county_us_51059
city_us_2802,county_us_16055
city_us_2803,county_us_37125
city_us_2804,county_us_55073
city_us_2805,county_us_19099
city_us_2806,county_us_29095
city_us_2807,county_us_26099
city_us_2808,county_us_55131
city_us_2809,county_us_46035
city_us_2810,county_us_16005
city_us_2811,county_us_06059
city_us_2812,county_us_12117
city_us_2813,county_us_29169
city_us_2814,county_us_21111
city_us_2815,county_us_34023
city_us_2816,county_us_45051
city_us_2817,county_us_17103
city_us_2818,county_us_12095
city_us_2819,county_us_18003
city_us_2820,county_us_01071
city_us_2821,county_us_08005
city_us_2822,county_us_06079
city_us_2823,county_us_48439
city_us_2824,county_us_06059
city_us_2825,county_us_48201
city_us_2826,county_us_36037
city_us_2827,county_us_24005
city_us_2828,county_us_06001
city_us_2829,county_us_29097
city_us_2830,county_us_24031
city_us_2831,county_us_53033
city_us_2832,county_us_26055
city_us_2833,county_us_20015
city_us_2834,county_us_47059
city_us_2835,county_us_27007
city_us_2836,county_us_26081
city_us_2837,county_us_46135
city_us_2838,county_us_32019
city_us_2839,county_us_01103
city_us_2840,county_us_10003
city_us_2841,county_us_21151
city_us_2842,county_us_19153
city_us_2843,county_us_29031
city_us_2844,county_us_17091
city_us_2845,county_us_12017
city_us_2846,county_us_06013
city_us_2847,county_us_37157
city_us_2848,county_us_48463
city_us_2849,county_us_48453
city_us_2850,county_us_12115
city_us_2851,county_us_42003
city_us_2852,county_us_34003
city_us_2853,county_us_45015
city_us_2854,county_us_26163
city_us_2855,county_us_17031
city_us_2856,county_us_35013
city_us_2857,county_us_12115
city_us_2858,county_us_06037
city_us_2859,county_us_48427
city_us_2860,county_us_04019
city_us_2861,county_us_34007
city_us_2862,county_us_48215
city_us_2863,county_us_34025
city_us_2864,county_us_48085
city_us_2865,county_us_24033
city_us_2866,county_us_13051
city_us_2867,county_us_36007
city_us_2868,county_us_17109
city_us_2869,county_us_34041
city_us_2870,county_us_39017
city_us_2871,county_us_01117
city_us_2872,county_us_37119
city_us_2873,county_us_18097
city_us_2874,county_us_01003
city_us_2875,county_us_36103
city_us_2876,county_us_15003
city_us_2877,county_us_36029
city_us_2878,county_us_26125
city_us_2879,county_us_37083
city_us_2880,county_us_36029
city_us_2881,county_us_39113
city_us_2882,county_us_53073
city_us_2883,county_us_36059
city_us_2884,county_us_36035
city_us_2885,county_us_37089
city_us_2886,county_us_06053
city_us_2887,county_us_36029
city_us_2888,county_us_48381
city_us_2889,county_us_36029
city_us_2890,county_us_12011
city_us_2891,county_us_01121
city_us_2892,county_us_26125
city_us_2893,county_us_51187
city_us_2894,county_us_32007
city_us_2895,county_us_48397
city_us_2896,county_us_48363
city_us_2897,county_us_21009
city_us_2898,county_us_08123
city_us_2899,county_us_13297
city_us_2900,county_us_36059
city_us_2901,county_us_29105
city_us_2902,county_us_12095
city_us_2903,county_us_06029
city_us_2904,county_us_39049
city_us_2905,county_us_37181
city_us_2906,county_us_48209
city_us_2907,county_us_34023
city_us_2908,county_us_37165
city_us_2909,county_us_51059
city_us_2910,county_us_36103
city_us_2911,county_us_48201
city_us_2912,county_us_53033
city_us_2913,county_us_42133
city_us_2914,county_us_34023
city_us_2915,county_us_48117
city_us_2916,county_us_34003
city_us_2917,county_us_13063
city_us_2918,county_us_06037
city_us_2919,county_us_17031
city_us_2920,county_us_24033
city_us_2921,county_us_17163
city_us_2922,county_us_51087
city_us_2923,county_us_12103
city_us_2924,county_us_42129
city_us_2925,county_us_32003
city_us_2926,county_us_48139
city_us_2927,county_us_17195
city_us_2928,county_us_12117
city_us_2929,county_us_06099
city_us_2930,county_us_37071
city_us_2931,county_us_06067
city_us_2932,county_us_01049
city_us_2933,county_us_04019
city_us_2934,county_us_55079
city_us_2935,county_us_55025
city_us_2936,county_us_01123
city_us_2937,county_us_34015
city_us_2938,county_us_29071
city_us_2939,county_us_28027
city_us_2940,county_us_37133
city_us_2941,county_us_55109
city_us_2942,county_us_35029
city_us_2943,county_us_24025
city_us_2944,county_us_13135
city_us_2945,county_us_17081
city_us_2946,county_us_34003
city_us_2947,county_us_34001
city_us_2948,county_us_20009
city_us_2949,county_us_55079
city_us_2950,county_us_06083
city_us_2951,county_us_17097
city_us_2952,county_us_12086
city_us_2953,county_us_42043
city_us_2954,county_us_26155
city_us_2955,county_us_26099
city_us_2956,county_us_53061
city_us_2957,county_us_36059
city_us_2958,county_us_24031
city_us_2959,county_us_06019
city_us_2960,county_us_55017
city_us_2961,county_us_51059
city_us_2962,county_us_27085
city_us_2963,county_us_51107
city_us_2964,county_us_06103
city_us_2966,county_us_45013
city_us_2967,county_us_12086
city_us_2968,county_us_55059
city_us_2969,county_us_13089
city_us_2970,county_us_13089
city_us_2971,county_us_13071
city_us_2972,county_us_37157
city_us_2973,county_us_34023
city_us_2974,county_us_28003
city_us_2975,county_us_33009
city_us_2976,county_us_01073
city_us_2977,county_us_17063
city_us_2978,county_us_48055
city_us_2979,county_us_49049
city_us_2980,county_us_31157
city_us_2981,county_us_01127
city_us_2982,county_us_27053
city_us_2983,county_us_34013
city_us_2984,county_us_34025
city_us_2985,county_us_27171
city_us_2986,county_us_37085
city_us_2987,county_us_47187
city_us_2988,county_us_17167
city_us_2989,county_us_08041
city_us_2990,county_us_27035
city_us_2991,county_us_34037
city_us_2992,county_us_15003
city_us_2993,county_us_12069
city_us_2994,county_us_48341
city_us_2995,county_us_06061
city_us_2996,county_us_17097
city_us_2997,county_us_27041
city_us_2998,county_us_04003
city_us_2999,county_us_34003
city_us_3000,county_us_39047
city_us_3001,county_us_45091
city_us_3002,county_us_28001
city_us_3003,county_us_34005
city_us_3004,county_us_47019
city_us_3005,county_us_01045
city_us_3006,county_us_34021
city_us_3007,county_us_22079
city_us_3008,county_us_06013
city_us_3009,county_us_34035
city_us_3010,county_us_06047
city_us_3011,county_us_47157
city_us_3012,county_us_42003
city_us_3013,county_us_10003
city_us_3014,county_us_12071
city_us_3015,county_us_13297
city_us_3016,county_us_51041
city_us_3017,county_us_17031
city_us_3018,county_us_36059
city_us_3019,county_us_04027
city_us_3020,county_us_12103
city_us_3021,county_us_45045
city_us_3022,county_us_28083
city_us_3023,county_us_27103
city_us_3024,county_us_13087
city_us_3025,county_us_01015
city_us_3026,county_us_53053
city_us_3027,county_us_18089
city_us_3028,county_us_39085
city_us_3029,county_us_22089
city_us_3030,county_us_24017
city_us_3031,county_us_17031
city_us_3032,county_us_06041
city_us_3033,county_us_18127
city_us_3034,county_us_21037
city_us_3035,county_us_13217
city_us_3036,county_us_12085
city_us_3037,county_us_46005
city_us_3038,county_us_04021
city_us_3039,county_us_08001
city_us_3040,county_us_17031
city_us_3041,county_us_04013
city_us_3042,county_us_34007
city_us_3043,county_us_21029
city_us_3044,county_us_13223
city_us_3045,county_us_12111
city_us_3046,county_us_13121
city_us_3047,county_us_39041
city_us_3048,county_us_27111
city_us_3049,county_us_46065
city_us_3050,county_us_48073
city_us_3051,county_us_24031
city_us_3052,county_us_36077
city_us_3053,county_us_47107
city_us_3054,county_us_55009
city_us_3055,county_us_42063
city_us_3056,county_us_42069
city_us_3057,county_us_48215
city_us_3058,county_us_42091
city_us_3059,county_us_36119
city_us_3060,county_us_53017
city_us_3061,county_us_27015
city_us_3062,county_us_12057
city_us_3063,county_us_17097
city_us_3064,county_us_55025
city_us_3065,county_us_39061
city_us_3066,county_us_39129
city_us_3067,county_us_41009
city_us_3068,county_us_06037
city_us_3069,county_us_17097
city_us_3070,county_us_08035
city_us_3071,county_us_47093
city_us_3072,county_us_12113
city_us_3073,county_us_06029
city_us_3074,county_us_06057
city_us_3075,county_us_34039
city_us_3076,county_us_20113
city_us_3077,county_us_39035
city_us_3078,county_us_53061
city_us_3079,county_us_17043
city_us_3080,county_us_48453
city_us_3081,county_us_06073
city_us_3082,county_us_15003
city_us_3083,county_us_39035
city_us_3084,county_us_12091
city_us_3085,county_us_15003
city_us_3086,county_us_51059
city_us_3087,county_us_17043
city_us_3088,county_us_17163
city_us_3089,county_us_36009
city_us_3090,county_us_10003
city_us_3091,county_us_12086
city_us_3092,county_us_36027
city_us_3093,county_us_39153
city_us_3094,county_us_24033
city_us_3095,county_us_53053
city_us_3096,county_us_13299
city_us_3097,county_us_12019
city_us_3098,county_us_39035
city_us_3099,county_us_27105
city_us_3100,county_us_31043
city_us_3101,county_us_27009
city_us_3102,county_us_12086
city_us_3103,county_us_39095
city_us_3104,county_us_54079
city_us_3105,county_us_47157
city_us_3106,county_us_48439
city_us_3107,county_us_17197
city_us_3108,county_us_13157
city_us_3109,county_us_18093
city_us_3110,county_us_12071
city_us_3111,county_us_39091
city_us_3112,county_us_12089
city_us_3113,county_us_06061
city_us_3114,county_us_53033
city_us_3115,county_us_42091
city_us_3116,county_us_47177
city_us_3117,county_us_45063
city_us_3118,county_us_15003
city_us_3119,county_us_42071
city_us_3120,county_us_17031
city_us_3121,county_us_36103
city_us_3122,county_us_12086
city_us_3123,county_us_06081
city_us_3124,county_us_36103
city_us_3125,county_us_06029
city_us_3126,county_us_29175
city_us_3127,county_us_55079
city_us_3128,county_us_26023
city_us_3129,county_us_24031
city_us_3130,county_us_04019
city_us_3131,county_us_29195
city_us_3132,county_us_40143
city_us_3133,county_us_36001
city_us_3134,county_us_39035
city_us_3135,county_us_49005
city_us_3136,county_us_17119
city_us_3137,county_us_39035
city_us_3138,county_us_27083
city_us_3139,county_us_18097
city_us_3140,county_us_48025
city_us_3141,county_us_05035
city_us_3142,county_us_48245
city_us_3143,county_us_24037
city_us_3144,county_us_06111
city_us_3145,county_us_39035
city_us_3146,county_us_48199
city_us_3147,county_us_36103
city_us_3148,county_us_34039
city_us_3149,county_us_45013
city_us_3150,county_us_24033
city_us_3151,county_us_12033
city_us_3152,county_us_36103
city_us_3153,county_us_21179
city_us_3154,county_us_51059
city_us_3155,county_us_48201
city_us_3156,county_us_17031
city_us_3157,county_us_34007
city_us_3158,county_us_36103
city_us_3159,county_us_55097
city_us_3160,county_us_36007
city_us_3162,county_us_24037
city_us_3163,county_us_39049
city_us_3164,county_us_54039
city_us_3165,county_us_39061
city_us_3166,county_us_34025
city_us_3167,county_us_12095
city_us_3168,county_us_37067
city_us_3169,county_us_13157
city_us_3170,county_us_06073
city_us_3171,county_us_06053
city_us_3172,county_us_06037
city_us_3173,county_us_08075
city_us_3174,county_us_53033
city_us_3175,county_us_08077
city_us_3176,county_us_35028
city_us_3177,county_us_45015
city_us_3178,county_us_01073
city_us_3179,county_us_12005
city_us_3180,county_us_53053
city_us_3181,county_us_39113
city_us_3182,county_us_34035
city_us_3183,county_us_06031
city_us_3184,county_us_26033
city_us_3185,county_us_48439
city_us_3186,county_us_48183
city_us_3187,county_us_18041
city_us_3188,county_us_24025
city_us_3189,county_us_42019
city_us_3190,county_us_42107
city_us_3191,county_us_12081
city_us_3192,county_us_12031
city_us_3193,county_us_17057
city_us_3194,county_us_24021
city_us_3195,county_us_17107
city_us_3196,county_us_39167
city_us_3197,county_us_22051
city_us_3198,county_us_42125
city_us_3199,county_us_12099
city_us_3200,county_us_18089
city_us_3201,county_us_42003
city_us_3202,county_us_48003
city_us_3203,county_us_48401
city_us_3204,county_us_13135
city_us_3205,county_us_17031
city_us_3206,county_us_39061
city_us_3207,county_us_22055
city_us_3208,county_us_42079
city_us_3209,county_us_18033
city_us_3210,county_us_42029
city_us_3211,county_us_47147
city_us_3212,county_us_53033
city_us_3213,county_us_51059
city_us_3214,county_us_12101
city_us_3215,county_us_39113
city_us_3216,county_us_27053
city_us_3217,county_us_05093
city_us_3218,county_us_17031
city_us_3219,county_us_12086
city_us_3220,county_us_12127
city_us_3221,county_us_51059
city_us_3222,county_us_08107
city_us_3223,county_us_48121
city_us_3224,county_us_04015
city_us_3225,county_us_39061
city_us_3226,county_us_41067
city_us_3227,county_us_01115
city_us_3228,county_us_55079
city_us_3229,county_us_45075
city_us_3230,county_us_06037
city_us_3231,county_us_35047
city_us_3232,county_us_12057
city_us_3233,county_us_06083
city_us_3234,county_us_47165
city_us_3235,county_us_37179
city_us_3236,county_us_37035
city_us_3237,county_us_34003
city_us_3238,county_us_05009
city_us_3239,county_us_01115
city_us_3240,county_us_08013
city_us_3241,county_us_42085
city_us_3242,county_us_39017
city_us_3243,county_us_12127
city_us_3244,county_us_04025
city_us_3245,county_us_39157
city_us_3246,county_us_06071
city_us_3247,county_us_27123
city_us_3248,county_us_06037
city_us_3249,county_us_41061
city_us_3250,county_us_12099
city_us_3251,county_us_47065
city_us_3252,county_us_55025
city_us_3253,county_us_39061
city_us_3254,county_us_26067
city_us_3255,county_us_41005
city_us_3256,county_us_34007
city_us_3257,county_us_39113
city_us_3258,county_us_24019
city_us_3259,county_us_19181
city_us_3260,county_us_12083
city_us_3261,county_us_39035
city_us_3262,county_us_15001
city_us_3263,county_us_12089
city_us_3264,county_us_33019
city_us_3265,county_us_05123
city_us_3266,county_us_42091
city_us_3267,county_us_29097
city_us_3268,county_us_51031
city_us_3269,county_us_29189
city_us_3270,county_us_40115
city_us_3271,county_us_27019
city_us_3272,county_us_36103
city_us_3273,county_us_22073
city_us_3274,county_us_24021
city_us_3275,county_us_26125
city_us_3276,county_us_06041
city_us_3277,county_us_29113
city_us_3278,county_us_13067
city_us_3279,county_us_06073
city_us_3280,county_us_49045
city_us_3281,county_us_25003
city_us_3282,county_us_53033
city_us_3283,county_us_42039
city_us_3284,county_us_28049
city_us_3285,county_us_28047
city_us_3286,county_us_12127
city_us_3287,county_us_29189
city_us_3288,county_us_15009
city_us_3289,county_us_39147
city_us_3290,county_us_29183
city_us_3291,county_us_20015
city_us_3292,county_us_48213
city_us_3293,county_us_55009
city_us_3294,county_us_05005
city_us_3295,county_us_55015
city_us_3296,county_us_10001
city_us_3297,county_us_39061
city_us_3298,county_us_34025
city_us_3299,county_us_26163
city_us_3300,county_us_27123
city_us_3301,county_us_36059
city_us_3302,county_us_06029
city_us_3303,county_us_53063
city_us_3304,county_us_12086
city_us_3305,county_us_06001
city_us_3306,county_us_51107
city_us_3307,county_us_42037
city_us_3308,county_us_51107
city_us_3309,county_us_45091
city_us_3310,county_us_04019
city_us_3311,county_us_24005
city_us_3312,county_us_48167
city_us_3313,county_us_34027
city_us_3314,county_us_29099
city_us_3315,county_us_39037
city_us_3316,county_us_06041
city_us_3317,county_us_06079
city_us_3318,county_us_06071
city_us_3319,county_us_01005
city_us_3320,county_us_24033
city_us_3321,county_us_40139
city_us_3322,county_us_39093
city_us_3323,county_us_34003
city_us_3324,county_us_17031
city_us_3325,county_us_24003
city_us_3326,county_us_42047
city_us_3327,county_us_17031
city_us_3328,county_us_36103
city_us_3329,county_us_06115
city_us_3330,county_us_04013
city_us_3331,county_us_29145
city_us_3332,county_us_36069
city_us_3333,county_us_39027
city_us_3334,county_us_36013
city_us_3335,county_us_34023
city_us_3336,county_us_49049
city_us_3337,county_us_39085
city_us_3338,county_us_53015
city_us_3339,county_us_12101
city_us_3340,county_us_45021
city_us_3341,county_us_29213
city_us_3342,county_us_29027
city_us_3343,county_us_51059
city_us_3344,county_us_34025
city_us_3345,county_us_34029
city_us_3346,county_us_26163
city_us_3347,county_us_35015
city_us_3348,county_us_48201
city_us_3349,county_us_53033
city_us_3350,county_us_20059
city_us_3351,county_us_48219
city_us_3352,county_us_17031
city_us_3353,county_us_17063
city_us_3354,county_us_53033
city_us_3355,county_us_06019
city_us_3356,county_us_28043
city_us_3357,county_us_55079
city_us_3358,county_us_41005
city_us_3359,county_us_06107
city_us_3360,county_us_12085
city_us_3361,county_us_27017
city_us_3362,county_us_12009
city_us_3363,county_us_17019
city_us_3364,county_us_51107
city_us_3365,county_us_55111
city_us_3366,county_us_24033
city_us_3367,county_us_06023
city_us_3368,county_us_37097
city_us_3369,county_us_17031
city_us_3370,county_us_55055
city_us_3371,county_us_12019
city_us_3372,county_us_48141
city_us_3373,county_us_48233
city_us_3374,county_us_36103
city_us_3375,county_us_12115
city_us_3376,county_us_12117
city_us_3377,county_us_13051
city_us_3378,county_us_06019
city_us_3379,county_us_19015
city_us_3380,county_us_16053
city_us_3382,county_us_48309
city_us_3383,county_us_53057
city_us_3384,county_us_34035
city_us_3385,county_us_45045
city_us_3386,county_us_01121
city_us_3387,county_us_27123
city_us_3388,county_us_22033
city_us_3389,county_us_12105
city_us_3390,county_us_55089
city_us_3391,county_us_53053
city_us_3392,county_us_06037
city_us_3393,county_us_34013
city_us_3394,county_us_12057
city_us_3395,county_us_26041
city_us_3396,county_us_12057
city_us_3397,county_us_53053
city_us_3398,county_us_26163
city_us_3399,county_us_39025
city_us_3400,county_us_02090
city_us_3401,county_us_47117
city_us_3402,county_us_09140
city_us_3403,county_us_39007
city_us_3404,county_us_15003
city_us_3405,county_us_34035
city_us_3406,county_us_22005
city_us_3407,county_us_16011
city_us_3408,county_us_17199
city_us_3409,county_us_36103
city_us_3410,county_us_29071
city_us_3411,county_us_47031
city_us_3412,county_us_29189
city_us_3413,county_us_04025
city_us_3414,county_us_12071
city_us_3415,county_us_24047
city_us_3416,county_us_12023
city_us_3417,county_us_16001
city_us_3418,county_us_18077
city_us_3419,county_us_48201
city_us_3420,county_us_42003
city_us_3421,county_us_28113
city_us_3422,county_us_01073
city_us_3423,county_us_17099
city_us_3424,county_us_06065
city_us_3425,county_us_12095
city_us_3426,county_us_51059
city_us_3427,county_us_06099
city_us_3428,county_us_46081
city_us_3429,county_us_06037
city_us_3430,county_us_29091
city_us_3431,county_us_17049
city_us_3432,county_us_48481
city_us_3433,county_us_06087
city_us_3434,county_us_31067
city_us_3435,county_us_55089
city_us_3436,county_us_06017
city_us_3437,county_us_06041
city_us_3438,county_us_53053
city_us_3439,county_us_36059
city_us_3440,county_us_17073
city_us_3441,county_us_28059
city_us_3442,county_us_42129
city_us_3443,county_us_55089
city_us_3444,county_us_22073
city_us_3445,county_us_40109
city_us_3446,county_us_51059
city_us_3447,county_us_04025
city_us_3448,county_us_06065
city_us_3449,county_us_39153
city_us_3450,county_us_51087
city_us_3451,county_us_24003
city_us_3452,county_us_15003
city_us_3453,county_us_51087
city_us_3454,county_us_26099
city_us_3455,county_us_24033
city_us_3456,county_us_47035
city_us_3457,county_us_17121
city_us_3458,county_us_37129
city_us_3459,county_us_34003
city_us_3460,county_us_35041
city_us_3461,county_us_34003
city_us_3462,county_us_53033
city_us_3463,county_us_18027
city_us_3464,county_us_44007
city_us_3465,county_us_40153
city_us_3466,county_us_24005
city_us_3467,county_us_22089
city_us_3468,county_us_32005
city_us_3469,county_us_24005
city_us_3470,county_us_27103
city_us_3471,county_us_12097
city_us_3472,county_us_53063
city_us_3473,county_us_24033
city_us_3474,county_us_34003
city_us_3475,county_us_12087
city_us_3476,county_us_42045
city_us_3477,county_us_21047
city_us_3478,county_us_04021
city_us_3479,county_us_39061
city_us_3480,county_us_29189
city_us_3481,county_us_04025
city_us_3482,county_us_40039
city_us_3483,county_us_06037
city_us_3484,county_us_21199
city_us_3485,county_us_20035
city_us_3486,county_us_41005
city_us_3487,county_us_33017
city_us_3488,county_us_06047
city_us_3489,county_us_16001
city_us_3490,county_us_26049
city_us_3491,county_us_17031
city_us_3492,county_us_12086
city_us_3493,county_us_12086
city_us_3494,county_us_48157
city_us_3495,county_us_51041
city_us_3496,county_us_47065
city_us_3497,county_us_53053
city_us_3498,county_us_18109
city_us_3499,county_us_34035
city_us_3500,county_us_46103
city_us_3501,county_us_27003
city_us_3502,county_us_34021
city_us_3503,county_us_37151
city_us_3504,county_us_26021
city_us_3505,county_us_24021
city_us_3506,county_us_39029
city_us_3507,county_us_27163
city_us_3508,county_us_12115
city_us_3509,county_us_27141
city_us_3510,county_us_36103
city_us_3511,county_us_34003
city_us_3512,county_us_12019
city_us_3513,county_us_06085
city_us_3514,county_us_36007
city_us_3515,county_us_53035
city_us_3516,county_us_08035
city_us_3517,county_us_42071
city_us_3518,county_us_25001
city_us_3519,county_us_20035
city_us_3520,county_us_28109
city_us_3521,county_us_06071
city_us_3522,county_us_56041
city_us_3523,county_us_55087
city_us_3524,county_us_12103
city_us_3525,county_us_42079
city_us_3526,county_us_22119
city_us_3527,county_us_41067
city_us_3528,county_us_36119
city_us_3529,county_us_56037
city_us_3530,county_us_04017
city_us_3531,county_us_34017
city_us_3532,county_us_39061
city_us_3533,county_us_55131
city_us_3534,county_us_24033
city_us_3535,county_us_49049
city_us_3536,county_us_21005
city_us_3537,county_us_51061
city_us_3538,county_us_06059
city_us_3539,county_us_06059
city_us_3540,county_us_22001
city_us_3541,county_us_12101
city_us_3542,county_us_28085
city_us_3543,county_us_10005
city_us_3544,county_us_37051
city_us_3545,county_us_48121
city_us_3546,county_us_12099
city_us_3547,county_us_42129
city_us_3548,county_us_13069
city_us_3549,county_us_34031
city_us_3550,county_us_45019
city_us_3551,county_us_45079
city_us_3552,county_us_39035
city_us_3553,county_us_06037
city_us_3554,county_us_34007
city_us_3555,county_us_39165
city_us_3556,county_us_46027
city_us_3557,county_us_39061
city_us_3558,county_us_24033
city_us_3559,county_us_22051
city_us_3560,county_us_06067
city_us_3561,county_us_44005
city_us_3562,county_us_42077
city_us_3563,county_us_39153
city_us_3564,county_us_39033
city_us_3565,county_us_27037
city_us_3566,county_us_36103
city_us_3567,county_us_12086
city_us_3568,county_us_06081
city_us_3569,county_us_22057
city_us_3570,county_us_51059
city_us_3571,county_us_47065
city_us_3572,county_us_41045
city_us_3573,county_us_17031
city_us_3574,county_us_47169
city_us_3575,county_us_17031
city_us_3576,county_us_47099
city_us_3577,county_us_36001
city_us_3578,county_us_53011
city_us_3579,county_us_22019
city_us_3580,county_us_29189
city_us_3581,county_us_17031
city_us_3582,county_us_04021
city_us_3583,county_us_22033
city_us_3584,county_us_18035
city_us_3585,county_us_51019
city_us_3586,county_us_51015
city_us_3587,county_us_55133
city_us_3588,county_us_48057
city_us_3589,county_us_55043
city_us_3590,county_us_48427
city_us_3591,county_us_37101
city_us_3592,county_us_26163
city_us_3593,county_us_40087
city_us_3594,county_us_16031
city_us_3595,county_us_48157
city_us_3596,county_us_29007
city_us_3597,county_us_08087
city_us_3598,county_us_35025
city_us_3599,county_us_40009
city_us_3600,county_us_19123
city_us_3601,county_us_26125
city_us_3602,county_us_53011
city_us_3603,county_us_48029
city_us_3604,county_us_06097
city_us_3605,county_us_49049
city_us_3606,county_us_36093
city_us_3607,county_us_06037
city_us_3608,county_us_34003
city_us_3609,county_us_12105
city_us_3610,county_us_10003
city_us_3611,county_us_12011
city_us_3612,county_us_17105
city_us_3613,county_us_36059
city_us_3614,county_us_22103
city_us_3615,county_us_06083
city_us_3616,county_us_12085
city_us_3617,county_us_34007
city_us_3618,county_us_21217
city_us_3619,county_us_49011
city_us_3620,county_us_36119
city_us_3621,county_us_18031
city_us_3622,county_us_29189
city_us_3623,county_us_26125
city_us_3624,county_us_45063
city_us_3625,county_us_26081
city_us_3626,county_us_36075
city_us_3627,county_us_48415
city_us_3628,county_us_41039
city_us_3629,county_us_36087
city_us_3630,county_us_22101
city_us_3631,county_us_36071
city_us_3632,county_us_40111
city_us_3633,county_us_42043
city_us_3634,county_us_12105
city_us_3635,county_us_19041
city_us_3636,county_us_53061
city_us_3637,county_us_12009
city_us_3638,county_us_39133
city_us_3639,county_us_17021
city_us_3640,county_us_42133
city_us_3641,county_us_12105
city_us_3642,county_us_06089
city_us_3643,county_us_51107
city_us_3644,county_us_48039
city_us_3645,county_us_36067
city_us_3646,county_us_24033
city_us_3647,county_us_34009
city_us_3648,county_us_39035
city_us_3649,county_us_06081
city_us_3650,county_us_35001
city_us_3651,county_us_20103
city_us_3652,county_us_55071
city_us_3653,county_us_37045
city_us_3654,county_us_17031
city_us_3655,county_us_34003
city_us_3656,county_us_55025
city_us_3657,county_us_49011
city_us_3658,county_us_37109
city_us_3659,county_us_48221
city_us_3660,county_us_34031
city_us_3661,county_us_22113
city_us_3662,county_us_39061
city_us_3663,county_us_19021
city_us_3664,county_us_45083
city_us_3665,county_us_08001
city_us_3666,county_us_12009
city_us_3667,county_us_04019
city_us_3668,county_us_12101
city_us_3669,county_us_08069
city_us_3670,county_us_05063
city_us_3671,county_us_06001
city_us_3672,county_us_37001
city_us_3673,county_us_27061
city_us_3674,county_us_08005
city_us_3675,county_us_39021
city_us_3676,county_us_36059
city_us_3677,county_us_36103
city_us_3678,county_us_06037
city_us_3679,county_us_53073
city_us_3680,county_us_15003
city_us_3681,county_us_17201
city_us_3682,county_us_17043
city_us_3683,county_us_36103
city_us_3684,county_us_41029
city_us_3685,county_us_17093
city_us_3686,county_us_55027
city_us_3687,county_us_06065
city_us_3688,county_us_13051
city_us_3689,county_us_47009
city_us_3690,county_us_22057
city_us_3691,county_us_28011
city_us_3692,county_us_12017
city_us_3693,county_us_06013
city_us_3694,county_us_20091
city_us_3695,county_us_47131
city_us_3696,county_us_48029
city_us_3697,county_us_42011
city_us_3698,county_us_36103
city_us_3699,county_us_55075
city_us_3700,county_us_36059
city_us_3701,county_us_39031
city_us_3702,county_us_41053
city_us_3703,county_us_34031
city_us_3704,county_us_42045
city_us_3705,county_us_26149
city_us_3706,county_us_28035
city_us_3707,county_us_05027
city_us_3708,county_us_12095
city_us_3709,county_us_17133
city_us_3710,county_us_17031
city_us_3711,county_us_48453
city_us_3712,county_us_15009
city_us_3713,county_us_32031
city_us_3714,county_us_48171
city_us_3715,county_us_34007
city_us_3716,county_us_51073
city_us_3717,county_us_17133
city_us_3718,county_us_12095
city_us_3719,county_us_42055
city_us_3720,county_us_34003
city_us_3721,county_us_12055
city_us_3722,county_us_47065
city_us_3723,county_us_55101
city_us_3724,county_us_21111
city_us_3725,county_us_34027
city_us_3726,county_us_12086
city_us_3727,county_us_39061
city_us_3728,county_us_37081
city_us_3729,county_us_49005
city_us_3730,county_us_48485
city_us_3731,county_us_06037
city_us_3732,county_us_12057
city_us_3733,county_us_34031
city_us_3734,county_us_39107
city_us_3735,county_us_27025
city_us_3736,county_us_26139
city_us_3737,county_us_34003
city_us_3738,county_us_28089
city_us_3739,county_us_49057
city_us_3740,county_us_34027
city_us_3741,county_us_30031
city_us_3742,county_us_53033
city_us_3743,county_us_34035
city_us_3744,county_us_34029
city_us_3745,county_us_39035
city_us_3746,county_us_06073
city_us_3747,county_us_12081
city_us_3748,county_us_53077
city_us_3749,county_us_17119
city_us_3750,county_us_46099
city_us_3751,county_us_41013
city_us_3752,county_us_22051
city_us_3753,county_us_13103
city_us_3754,county_us_17097
city_us_3755,county_us_06047
city_us_3756,county_us_34035
city_us_3757,county_us_08069
city_us_3758,county_us_20173
city_us_3759,county_us_36103
city_us_3760,county_us_53053
city_us_3761,county_us_51153
city_us_3762,county_us_45051
city_us_3763,county_us_34027
city_us_3764,county_us_40083
city_us_3765,county_us_18103
city_us_3766,county_us_05059
city_us_3767,county_us_17031
city_us_3768,county_us_15007
city_us_3769,county_us_24031
city_us_3770,county_us_18063
city_us_3771,county_us_36119
city_us_3772,county_us_51065
city_us_3773,county_us_20005
city_us_3774,county_us_39161
city_us_3775,county_us_47183
city_us_3776,county_us_12017
city_us_3777,county_us_12101
city_us_3778,county_us_12095
city_us_3779,county_us_39061
city_us_3780,county_us_55063
city_us_3781,county_us_17097
city_us_3782,county_us_24027
city_us_3783,county_us_24005
city_us_3784,county_us_22075
city_us_3785,county_us_29167
city_us_3786,county_us_55025
city_us_3787,county_us_01059
city_us_3788,county_us_06079
city_us_3789,county_us_06037
city_us_3790,county_us_06029
city_us_3791,county_us_54039
city_us_3792,county_us_56039
city_us_3793,county_us_06017
city_us_3794,county_us_42003
city_us_3795,county_us_48039
city_us_3796,county_us_17031
city_us_3797,county_us_56013
city_us_3798,county_us_13279
city_us_3799,county_us_36103
city_us_3800,county_us_24003
city_us_3801,county_us_12086
city_us_3802,county_us_39061
city_us_3803,county_us_18089
city_us_3804,county_us_08037
city_us_3805,county_us_39035
city_us_3806,county_us_48013
city_us_3807,county_us_22051
city_us_3808,county_us_06097
city_us_3809,county_us_06037
city_us_3810,county_us_34007
city_us_3811,county_us_06029
city_us_3812,county_us_06059
city_us_3813,county_us_37065
city_us_3814,county_us_51009
city_us_3815,county_us_29147
city_us_3816,county_us_13089
city_us_3817,county_us_22117
city_us_3818,county_us_17031
city_us_3819,county_us_36101
city_us_3820,county_us_42045
city_us_3821,county_us_45071
city_us_3822,county_us_27019
city_us_3823,county_us_45007
city_us_3824,county_us_45045
city_us_3825,county_us_48039
city_us_3826,county_us_42045
city_us_3827,county_us_31047
city_us_3828,county_us_48215
city_us_3829,county_us_36027
city_us_3830,county_us_36087
city_us_3831,county_us_50007
city_us_3832,county_us_54107
city_us_3833,county_us_48201
city_us_3834,county_us_24033
city_us_3835,county_us_29189
city_us_3836,county_us_24025
city_us_3837,county_us_34023
city_us_3838,county_us_27123
city_us_3839,county_us_55045
city_us_3840,county_us_06013
city_us_3841,county_us_37171
city_us_3842,county_us_42079
city_us_3843,county_us_12086
city_us_3844,county_us_39087
city_us_3845,county_us_51059
city_us_3846,county_us_53053
city_us_3847,county_us_05103
city_us_3848,county_us_41039
city_us_3849,county_us_06001
city_us_3850,county_us_37183
city_us_3851,county_us_28163
city_us_3852,county_us_12001
city_us_3853,county_us_53063
city_us_3854,county_us_13089
city_us_3855,county_us_06065
city_us_3856,county_us_51153
city_us_3857,county_us_47157
city_us_3858,county_us_19125
city_us_3859,county_us_17089
city_us_3860,county_us_41005
city_us_3861,county_us_26125
city_us_3862,county_us_19149
city_us_3863,county_us_08041
city_us_3864,county_us_48353
city_us_3865,county_us_29047
city_us_3866,county_us_45063
city_us_3867,county_us_39113
city_us_3868,county_us_08035
city_us_3869,county_us_17031
city_us_3870,county_us_37119
city_us_3871,county_us_36103
city_us_3872,county_us_17031
city_us_3873,county_us_39061
city_us_3874,county_us_53061
city_us_3875,county_us_01015
city_us_3876,county_us_53011
city_us_3877,county_us_39049
city_us_3878,county_us_41051
city_us_3879,county_us_51107
city_us_3880,county_us_45079
city_us_3881,county_us_49045
city_us_3882,county_us_37147
city_us_3883,county_us_06087
city_us_3884,county_us_12011
city_us_3885,county_us_06029
city_us_3886,county_us_39089
city_us_3887,county_us_29047
city_us_3888,county_us_48147
city_us_3889,county_us_53045
city_us_3890,county_us_34001
city_us_3891,county_us_34027
city_us_3892,county_us_48309
city_us_3893,county_us_35039
city_us_3894,county_us_12107
city_us_3895,county_us_18179
city_us_3896,county_us_39093
city_us_3897,county_us_15001
city_us_3898,county_us_53033
city_us_3899,county_us_31153
city_us_3900,county_us_19153
city_us_3901,county_us_55021
city_us_3902,county_us_26163
city_us_3903,county_us_01017
city_us_3904,county_us_41047
city_us_3905,county_us_53067
city_us_3906,county_us_51059
city_us_3907,county_us_13063
city_us_3908,county_us_40109
city_us_3909,county_us_08045
city_us_3910,county_us_18169
city_us_3911,county_us_29047
city_us_3912,county_us_27091
city_us_3913,county_us_34005
city_us_3914,county_us_26165
city_us_3915,county_us_53011
city_us_3916,county_us_19017
city_us_3917,county_us_08059
city_us_3918,county_us_36119
city_us_3919,county_us_12071
city_us_3920,county_us_06107
city_us_3921,county_us_37085
city_us_3922,county_us_29069
city_us_3923,county_us_26081
city_us_3924,county_us_39033
city_us_3925,county_us_18099
city_us_3926,county_us_06065
city_us_3927,county_us_06089
city_us_3928,county_us_05019
city_us_3929,county_us_48085
city_us_3930,county_us_36071
city_us_3931,county_us_13051
city_us_3932,county_us_42045
city_us_3933,county_us_42095
city_us_3934,county_us_36087
city_us_3935,county_us_24005
city_us_3936,county_us_09120
city_us_3937,county_us_06107
city_us_3938,county_us_36053
city_us_3939,county_us_36001
city_us_3940,county_us_21037
city_us_3941,county_us_41041
city_us_3942,county_us_42037
city_us_3943,county_us_39097
city_us_3944,county_us_24031
city_us_3945,county_us_01073
city_us_3946,county_us_12061
city_us_3947,county_us_48167
city_us_3948,county_us_17119
city_us_3949,county_us_34013
city_us_3950,county_us_47079
city_us_3951,county_us_36103
city_us_3952,county_us_37087
city_us_3953,county_us_48489
city_us_3954,county_us_21239
city_us_3955,county_us_45043
city_us_3956,county_us_19111
city_us_3957,county_us_47105
city_us_3958,county_us_24033
city_us_3959,county_us_24017
city_us_3960,county_us_06037
city_us_3961,county_us_49003
city_us_3962,county_us_19027
city_us_3963,county_us_12017
city_us_3964,county_us_39109
city_us_3965,county_us_48007
city_us_3966,county_us_02170
city_us_3967,county_us_49049
city_us_3968,county_us_12113
city_us_3969,county_us_18011
city_us_3970,county_us_55127
city_us_3971,county_us_41011
city_us_3972,county_us_01095
city_us_3973,county_us_06037
city_us_3974,county_us_12105
city_us_3975,county_us_48355
city_us_3976,county_us_06073
city_us_3977,county_us_36059
city_us_3978,county_us_36103
city_us_3979,county_us_12015
city_us_3980,county_us_24043
city_us_3981,county_us_17119
city_us_3982,county_us_17089
city_us_3983,county_us_13081
city_us_3984,county_us_28121
city_us_3985,county_us_42071
city_us_3986,county_us_13047
city_us_3987,county_us_26007
city_us_3988,county_us_22055
city_us_3989,county_us_10003
city_us_3990,county_us_06071
city_us_3991,county_us_01055
city_us_3992,county_us_41007
city_us_3993,county_us_18113
city_us_3994,county_us_24033
city_us_3995,county_us_13233
city_us_3996,county_us_53031
city_us_3997,county_us_55109
city_us_3998,county_us_06041
city_us_3999,county_us_41005
city_us_4000,county_us_21017
city_us_4001,county_us_49047
city_us_4002,county_us_22051
city_us_4003,county_us_21213
city_us_4004,county_us_36055
city_us_4005,county_us_27137
city_us_4006,county_us_53061
city_us_4007,county_us_55009
city_us_4008,county_us_55087
city_us_4009,county_us_34003
city_us_4010,county_us_06077
city_us_4011,county_us_04009
city_us_4012,county_us_34041
city_us_4013,county_us_51061
city_us_4014,county_us_41001
city_us_4015,county_us_08013
city_us_4016,county_us_08045
city_us_4017,county_us_12057
city_us_4018,county_us_13131
city_us_4019,county_us_06037
city_us_4020,county_us_24033
city_us_4021,county_us_39059
city_us_4022,county_us_01003
city_us_4023,county_us_56029
city_us_4024,county_us_06095
city_us_4025,county_us_21185
city_us_4026,county_us_48141
city_us_4027,county_us_47167
city_us_4028,county_us_36059
city_us_4029,county_us_12115
city_us_4030,county_us_34003
city_us_4031,county_us_26093
city_us_4032,county_us_34027
city_us_4033,county_us_28025
city_us_4034,county_us_39099
city_us_4035,county_us_34005
city_us_4036,county_us_47001
city_us_4037,county_us_36071
city_us_4038,county_us_48029
city_us_4039,county_us_34035
city_us_4040,county_us_21015
city_us_4041,county_us_21015
city_us_4042,county_us_48021
city_us_4043,county_us_15003
city_us_4044,county_us_34003
city_us_4045,county_us_54039
city_us_4046,county_us_54061
city_us_4047,county_us_29037
city_us_4048,county_us_36087
city_us_4049,county_us_34003
city_us_4050,county_us_55111
city_us_4051,county_us_26163
city_us_4052,county_us_48487
city_us_4053,county_us_51059
city_us_4054,county_us_24009
city_us_4055,county_us_21083
city_us_4056,county_us_42091
city_us_4057,county_us_24003
city_us_4058,county_us_05007
city_us_4059,county_us_34027
city_us_4060,county_us_34027
city_us_4061,county_us_42003
city_us_4062,county_us_34015
city_us_4063,county_us_41053
city_us_4064,county_us_12009
city_us_4065,county_us_34003
city_us_4066,county_us_36067
city_us_4067,county_us_49049
city_us_4068,county_us_01073
city_us_4069,county_us_24033
city_us_4070,county_us_26147
city_us_4071,county_us_39085
city_us_4072,county_us_39029
city_us_4073,county_us_27005
city_us_4074,county_us_51059
city_us_4075,county_us_48021
city_us_4076,county_us_53053
city_us_4077,county_us_47093
city_us_4078,county_us_26121
city_us_4079,county_us_24025
city_us_4080,county_us_53061
city_us_4081,county_us_18019
city_us_4082,county_us_17043
city_us_4083,county_us_55081
city_us_4084,county_us_34009
city_us_4085,county_us_41067
city_us_4086,county_us_06087
city_us_4087,county_us_36119
city_us_4088,county_us_48029
city_us_4089,county_us_29189
city_us_4090,county_us_42051
city_us_4091,county_us_40145
city_us_4092,county_us_36089
city_us_4093,county_us_20091
city_us_4094,county_us_06029
city_us_4095,county_us_51107
city_us_4096,county_us_12109
city_us_4097,county_us_39017
city_us_4098,county_us_39011
city_us_4099,county_us_19111
city_us_4100,county_us_18133
city_us_4101,county_us_12086
city_us_4102,county_us_17031
city_us_4103,county_us_51153
city_us_4104,county_us_41043
city_us_4105,county_us_22011
city_us_4106,county_us_26115
city_us_4107,county_us_36103
city_us_4108,county_us_34027
city_us_4109,county_us_12103
city_us_4110,county_us_17099
city_us_4111,county_us_36001
city_us_4112,county_us_13305
city_us_4113,county_us_22053
city_us_4114,county_us_45051
city_us_4115,county_us_48361
city_us_4116,county_us_27123
city_us_4117,county_us_53071
city_us_4118,county_us_06039
city_us_4119,county_us_08003
city_us_4120,county_us_41041
city_us_4121,county_us_12055
city_us_4122,county_us_24031
city_us_4123,county_us_12087
city_us_4124,county_us_28045
city_us_4125,county_us_12017
city_us_4126,county_us_53077
city_us_4127,county_us_48397
city_us_4128,county_us_08035
city_us_4129,county_us_24005
city_us_4130,county_us_34025
city_us_4131,county_us_37013
city_us_4132,county_us_12019
city_us_4133,county_us_01073
city_us_4134,county_us_42017
city_us_4135,county_us_34023
city_us_4136,county_us_04025
city_us_4137,county_us_47075
city_us_4138,county_us_41029
city_us_4139,county_us_27059
city_us_4140,county_us_42017
city_us_4141,county_us_13293
city_us_4142,county_us_18001
city_us_4143,county_us_48409
city_us_4144,county_us_34029
city_us_4145,county_us_36013
city_us_4146,county_us_06071
city_us_4147,county_us_17111
city_us_4148,county_us_34037
city_us_4149,county_us_13139
city_us_4150,county_us_37183
city_us_4151,county_us_12105
city_us_4152,county_us_34021
city_us_4153,county_us_06077
city_us_4154,county_us_48323
city_us_4155,county_us_02170
city_us_4156,county_us_42097
city_us_4157,county_us_49005
city_us_4158,county_us_42125
city_us_4159,county_us_24013
city_us_4160,county_us_01101
city_us_4161,county_us_35017
city_us_4162,county_us_51003
city_us_4163,county_us_51107
city_us_4164,county_us_42071
city_us_4165,county_us_06019
city_us_4166,county_us_23019
city_us_4167,county_us_29009
city_us_4168,county_us_37031
city_us_4169,county_us_17043
city_us_4170,county_us_37035
city_us_4171,county_us_22067
city_us_4172,county_us_55029
city_us_4173,county_us_54055
city_us_4174,county_us_16027
city_us_4175,county_us_13067
city_us_4176,county_us_09190
city_us_4177,county_us_39061
city_us_4178,county_us_24003
city_us_4179,county_us_42121
city_us_4180,county_us_55133
city_us_4181,county_us_21111
city_us_4182,county_us_17197
city_us_4183,county_us_48201
city_us_4184,county_us_36119
city_us_4185,county_us_09110
city_us_4186,county_us_36087
city_us_4187,county_us_24033
city_us_4188,county_us_28133
city_us_4189,county_us_15003
city_us_4190,county_us_34001
city_us_4191,county_us_39155
city_us_4192,county_us_36113
city_us_4193,county_us_48121
city_us_4194,county_us_20099
city_us_4195,county_us_17099
city_us_4196,county_us_42071
city_us_4197,county_us_16055
city_us_4198,county_us_12095
city_us_4199,county_us_39049
city_us_4200,county_us_01073
city_us_4201,county_us_17093
city_us_4202,county_us_34025
city_us_4203,county_us_17019
city_us_4204,county_us_05131
city_us_4205,county_us_37135
city_us_4206,county_us_36103
city_us_4207,county_us_01089
city_us_4208,county_us_55081
city_us_4209,county_us_42043
city_us_4210,county_us_18109
city_us_4211,county_us_18081
city_us_4212,county_us_47187
city_us_4213,county_us_17031
city_us_4214,county_us_19157
city_us_4215,county_us_36103
city_us_4216,county_us_15003
city_us_4217,county_us_39151
city_us_4218,county_us_48039
city_us_4219,county_us_39113
city_us_4220,county_us_33007
city_us_4221,county_us_40097
city_us_4222,county_us_40109
city_us_4223,county_us_18183
city_us_4224,county_us_19101
city_us_4225,county_us_05107
city_us_4226,county_us_49049
city_us_4227,county_us_45079
city_us_4228,county_us_48361
city_us_4229,county_us_05071
city_us_4230,county_us_47051
city_us_4231,county_us_22097
city_us_4232,county_us_26057
city_us_4233,county_us_30023
city_us_4234,county_us_39061
city_us_4235,county_us_45055
city_us_4236,county_us_51015
city_us_4237,county_us_42003
city_us_4238,county_us_17141
city_us_4239,county_us_24033
city_us_4240,county_us_17031
city_us_4241,county_us_42041
city_us_4242,county_us_13053
city_us_4243,county_us_48309
city_us_4244,county_us_22063
city_us_4245,county_us_09140
city_us_4246,county_us_41039
city_us_4247,county_us_21013
city_us_4248,county_us_34007
city_us_4249,county_us_30049
city_us_4250,county_us_13151
city_us_4251,county_us_17197
city_us_4252,county_us_53057
city_us_4253,county_us_28045
city_us_4254,county_us_01055
city_us_4255,county_us_39049
city_us_4256,county_us_42123
city_us_4257,county_us_42089
city_us_4258,county_us_01117
city_us_4259,county_us_34023
city_us_4260,county_us_06071
city_us_4261,county_us_06037
city_us_4262,county_us_06013
city_us_4263,county_us_27053
city_us_4264,county_us_30041
city_us_4265,county_us_01033
city_us_4266,county_us_13179
city_us_4267,county_us_41067
city_us_4268,county_us_18151
city_us_4269,county_us_49057
city_us_4270,county_us_42017
city_us_4271,county_us_34035
city_us_4272,county_us_26163
city_us_4273,county_us_26163
city_us_4274,county_us_13051
city_us_4275,county_us_55079
city_us_4276,county_us_35043
city_us_4277,county_us_34001
city_us_4278,county_us_17119
city_us_4279,county_us_45059
city_us_4280,county_us_26045
city_us_4281,county_us_34003
city_us_4282,county_us_27053
city_us_4283,county_us_02170
city_us_4284,county_us_55069
city_us_4285,county_us_04019
city_us_4286,county_us_47035
city_us_4287,county_us_54033
city_us_4288,county_us_24005
city_us_4289,county_us_20015
city_us_4290,county_us_36083
city_us_4291,county_us_17089
city_us_4292,county_us_06007
city_us_4293,county_us_15009
city_us_4294,county_us_32001
city_us_4295,county_us_16013
city_us_4296,county_us_17031
city_us_4297,county_us_34027
city_us_4298,county_us_49057
city_us_4299,county_us_19087
city_us_4300,county_us_55115
city_us_4301,county_us_24003
city_us_4302,county_us_27161
city_us_4303,county_us_12099
city_us_4304,county_us_42007
city_us_4305,county_us_13089
city_us_4306,county_us_29189
city_us_4307,county_us_42091
city_us_4308,county_us_35006
city_us_4309,county_us_15003
city_us_4310,county_us_17043
city_us_4311,county_us_49053
city_us_4312,county_us_37153
city_us_4313,county_us_01087
city_us_4314,county_us_36059
city_us_4315,county_us_06099
city_us_4316,county_us_12009
city_us_4317,county_us_34027
city_us_4318,county_us_32031
city_us_4319,county_us_36103
city_us_4320,county_us_51059
city_us_4321,county_us_42091
city_us_4322,county_us_48029
city_us_4323,county_us_29189
city_us_4324,county_us_47047
city_us_4325,county_us_01073
city_us_4326,county_us_08029
city_us_4327,county_us_34001
city_us_4328,county_us_06037
city_us_4329,county_us_42017
city_us_4330,county_us_21117
city_us_4331,county_us_24033
city_us_4332,county_us_26115
city_us_4333,county_us_29189
city_us_4334,county_us_27119
city_us_4335,county_us_12131
city_us_4336,county_us_06041
city_us_4337,county_us_17097
city_us_4338,county_us_42017
city_us_4339,county_us_34003
city_us_4340,county_us_55025
city_us_4341,county_us_29049
city_us_4342,county_us_26021
city_us_4343,county_us_06107
city_us_4344,county_us_34003
city_us_4345,county_us_18059
city_us_4346,county_us_09190
city_us_4347,county_us_29117
city_us_4348,county_us_18003
city_us_4349,county_us_06077
city_us_4350,county_us_17031
city_us_4351,county_us_34001
city_us_4352,county_us_26049
city_us_4353,county_us_27097
city_us_4354,county_us_53053
city_us_4355,county_us_49057
city_us_4356,county_us_48231
city_us_4357,county_us_36117
city_us_4358,county_us_41067
city_us_4359,county_us_36087
city_us_4360,county_us_21167
city_us_4361,county_us_13127
city_us_4362,county_us_08035
city_us_4363,county_us_13257
city_us_4364,county_us_42049
city_us_4365,county_us_13185
city_us_4366,county_us_12019
city_us_4367,county_us_22051
city_us_4368,county_us_48121
city_us_4369,county_us_48257
city_us_4370,county_us_42077
city_us_4371,county_us_26087
city_us_4372,county_us_12009
city_us_4373,county_us_26163
city_us_4374,county_us_01033
city_us_4375,county_us_28117
city_us_4376,county_us_26077
city_us_4377,county_us_42091
city_us_4378,county_us_31153
city_us_4379,county_us_08081
city_us_4380,county_us_39049
city_us_4381,county_us_08001
city_us_4382,county_us_06087
city_us_4383,county_us_48453
city_us_4384,county_us_12099
city_us_4385,county_us_36113
city_us_4386,county_us_17159
city_us_4387,county_us_42091
city_us_4388,county_us_55005
city_us_4389,county_us_51155
city_us_4390,county_us_12053
city_us_4391,county_us_24031
city_us_4392,county_us_26161
city_us_4393,county_us_13017
city_us_4394,county_us_08059
city_us_4395,county_us_06071
city_us_4396,county_us_06097
city_us_4397,county_us_36059
city_us_4398,county_us_42027
city_us_4399,county_us_39093
city_us_4400,county_us_27003
city_us_4401,county_us_47163
city_us_4402,county_us_34031
city_us_4403,county_us_12009
city_us_4404,county_us_04017
city_us_4405,county_us_17031
city_us_4406,county_us_34003
city_us_4407,county_us_29189
city_us_4408,county_us_42007
city_us_4409,county_us_51107
city_us_4410,county_us_24003
city_us_4411,county_us_05057
city_us_4412,county_us_22033
city_us_4413,county_us_36103
city_us_4414,county_us_51059
city_us_4415,county_us_08077
city_us_4416,county_us_48445
city_us_4417,county_us_12017
city_us_4418,county_us_45043
city_us_4419,county_us_29083
city_us_4420,county_us_55117
city_us_4421,county_us_12103
city_us_4422,county_us_17195
city_us_4423,county_us_16017
city_us_4424,county_us_53053
city_us_4425,county_us_34013
city_us_4426,county_us_51003
city_us_4427,county_us_34027
city_us_4428,county_us_39069
city_us_4429,county_us_24005
city_us_4430,county_us_34001
city_us_4431,county_us_42091
city_us_4432,county_us_27113
city_us_4433,county_us_48163
city_us_4434,county_us_44007
city_us_4435,county_us_26117
city_us_4436,county_us_42045
city_us_4437,county_us_08041
city_us_4438,county_us_42133
city_us_4439,county_us_40079
city_us_4440,county_us_20125
city_us_4441,county_us_01039
city_us_4442,county_us_48113
city_us_4443,county_us_48291
city_us_4444,county_us_45073
city_us_4445,county_us_47065
city_us_4446,county_us_08083
city_us_4447,county_us_21161
city_us_4448,county_us_42091
city_us_4449,county_us_37081
city_us_4450,county_us_29037
city_us_4451,county_us_13225
city_us_4452,county_us_53077
city_us_4453,county_us_53053
city_us_4454,county_us_42069
city_us_4455,county_us_22033
city_us_4456,county_us_39055
city_us_4457,county_us_34015
city_us_4458,county_us_34015
city_us_4459,county_us_34031
city_us_4460,county_us_42129
city_us_4461,county_us_17031
city_us_4462,county_us_34027
city_us_4463,county_us_44007
city_us_4464,county_us_01021
city_us_4465,county_us_23023
city_us_4466,county_us_36079
city_us_4467,county_us_02170
city_us_4468,county_us_23003
city_us_4469,county_us_48453
city_us_4470,county_us_17187
city_us_4471,county_us_06071
city_us_4472,county_us_37179
city_us_4473,county_us_39151
city_us_4474,county_us_17163
city_us_4475,county_us_36103
city_us_4476,county_us_53053
city_us_4477,county_us_33013
city_us_4478,county_us_48215
city_us_4479,county_us_53027
city_us_4480,county_us_04019
city_us_4481,county_us_51003
city_us_4482,county_us_48503
city_us_4483,county_us_36071
city_us_4484,county_us_39061
city_us_4485,county_us_48355
city_us_4486,county_us_20133
city_us_4487,county_us_40087
city_us_4488,county_us_35013
city_us_4489,county_us_49043
city_us_4490,county_us_51059
city_us_4491,county_us_17097
city_us_4492,county_us_37129
city_us_4493,county_us_51087
city_us_4494,county_us_34007
city_us_4495,county_us_37077
city_us_4496,county_us_17019
city_us_4497,county_us_39061
city_us_4498,county_us_21029
city_us_4499,county_us_45015
city_us_4500,county_us_26091
city_us_4501,county_us_41039
city_us_4502,county_us_37125
city_us_4503,county_us_39035
city_us_4504,county_us_39171
city_us_4505,county_us_48481
city_us_4506,county_us_48257
city_us_4507,county_us_27035
city_us_4508,county_us_21117
city_us_4509,county_us_48357
city_us_4510,county_us_17043
city_us_4511,county_us_21093
city_us_4512,county_us_29187
city_us_4513,county_us_42045
city_us_4514,county_us_39035
city_us_4515,county_us_15007
city_us_4516,county_us_29219
city_us_4517,county_us_28059
city_us_4518,county_us_01095
city_us_4519,county_us_47167
city_us_4520,county_us_17091
city_us_4521,county_us_51093
city_us_4522,county_us_20161
city_us_4523,county_us_36071
city_us_4524,county_us_06079
city_us_4525,county_us_21235
city_us_4526,county_us_35053
city_us_4527,county_us_12017
city_us_4528,county_us_12057
city_us_4529,county_us_24017
city_us_4530,county_us_45057
city_us_4531,county_us_55025
city_us_4532,county_us_48439
city_us_4533,county_us_42003
city_us_4534,county_us_22103
city_us_4535,county_us_53001
city_us_4536,county_us_31157
city_us_4537,county_us_06053
city_us_4538,county_us_48115
city_us_4539,county_us_37019
city_us_4540,county_us_37129
city_us_4541,county_us_48121
city_us_4542,county_us_22033
city_us_4543,county_us_20125
city_us_4544,county_us_34003
city_us_4545,county_us_01095
city_us_4546,county_us_37085
city_us_4547,county_us_34025
city_us_4548,county_us_53053
city_us_4549,county_us_17031
city_us_4550,county_us_04021
city_us_4551,county_us_29157
city_us_4552,county_us_42045
city_us_4553,county_us_45091
city_us_4554,county_us_06083
city_us_4555,county_us_08123
city_us_4556,county_us_36059
city_us_4557,county_us_40135
city_us_4558,county_us_42087
city_us_4559,county_us_55127
city_us_4560,county_us_30029
city_us_4561,county_us_41019
city_us_4562,county_us_48439
city_us_4563,county_us_48423
city_us_4564,county_us_55035
city_us_4565,county_us_42069
city_us_4566,county_us_40039
city_us_4567,county_us_35043
city_us_4568,county_us_26099
city_us_4569,county_us_30067
city_us_4570,county_us_50023
city_us_4571,county_us_24035
city_us_4572,county_us_55133
city_us_4573,county_us_34029
city_us_4574,county_us_23009
city_us_4575,county_us_24031
city_us_4576,county_us_06029
city_us_4577,county_us_13089
city_us_4578,county_us_22051
city_us_4579,county_us_01053
city_us_4580,county_us_45043
city_us_4581,county_us_40143
city_us_4582,county_us_02220
city_us_4583,county_us_37035
city_us_4584,county_us_36119
city_us_4585,county_us_42003
city_us_4586,county_us_20173
city_us_4587,county_us_21117
city_us_4588,county_us_05145
city_us_4589,county_us_05043
city_us_4590,county_us_06085
city_us_4591,county_us_08123
city_us_4592,county_us_30017
city_us_4593,county_us_34001
city_us_4594,county_us_29189
city_us_4595,county_us_37021
city_us_4596,county_us_26109
city_us_4597,county_us_36059
city_us_4598,county_us_29099
city_us_4599,county_us_42071
city_us_4600,county_us_17197
city_us_4601,county_us_48325
city_us_4602,county_us_42035
city_us_4603,county_us_53025
city_us_4604,county_us_49005
city_us_4605,county_us_27137
city_us_4606,county_us_34003
city_us_4607,county_us_48371
city_us_4608,county_us_36063
city_us_4609,county_us_47089
city_us_4610,county_us_37133
city_us_4611,county_us_02122
city_us_4612,county_us_17165
city_us_4613,county_us_49043
city_us_4614,county_us_39061
city_us_4615,county_us_41067
city_us_4616,county_us_37077
city_us_4617,county_us_04005
city_us_4618,county_us_24031
city_us_4619,county_us_34037
city_us_4620,county_us_10003
city_us_4621,county_us_51087
city_us_4622,county_us_37163
city_us_4623,county_us_34023
city_us_4624,county_us_39139
city_us_4625,county_us_39135
city_us_4626,county_us_51137
city_us_4627,county_us_32013
city_us_4628,county_us_26049
city_us_4629,county_us_48291
city_us_4630,county_us_27053
city_us_4631,county_us_51191
city_us_4632,county_us_34039
city_us_4633,county_us_18051
city_us_4634,county_us_12099
city_us_4635,county_us_37141
city_us_4636,county_us_18095
city_us_4637,county_us_40119
city_us_4638,county_us_55127
city_us_4639,county_us_55073
city_us_4640,county_us_08071
city_us_4641,county_us_17045
city_us_4642,county_us_09180
city_us_4643,county_us_22115
city_us_4644,county_us_22019
city_us_4645,county_us_39011
city_us_4646,county_us_19047
city_us_4647,county_us_06037
city_us_4648,county_us_34003
city_us_4649,county_us_39085
city_us_4650,county_us_47065
city_us_4651,county_us_55133
city_us_4652,county_us_24033
city_us_4653,county_us_34007
city_us_4654,county_us_13063
city_us_4655,county_us_29095
city_us_4656,county_us_39169
city_us_4657,county_us_55059
city_us_4658,county_us_26061
city_us_4659,county_us_47055
city_us_4660,county_us_06115
city_us_4661,county_us_12005
city_us_4662,county_us_41027
city_us_4663,county_us_06065
city_us_4664,county_us_34023
city_us_4665,county_us_08037
city_us_4666,county_us_27145
city_us_4667,county_us_28137
city_us_4668,county_us_56007
city_us_4669,county_us_39061
city_us_4670,county_us_26065
city_us_4671,county_us_05037
city_us_4672,county_us_42003
city_us_4673,county_us_48217
city_us_4674,county_us_20091
city_us_4675,county_us_17097
city_us_4676,county_us_09120
city_us_4677,county_us_12095
city_us_4678,county_us_35045
city_us_4679,county_us_42071
city_us_4680,county_us_06083
city_us_4681,county_us_22055
city_us_4682,county_us_51087
city_us_4683,county_us_06085
city_us_4684,county_us_42045
city_us_4685,county_us_24033
city_us_4686,county_us_10003
city_us_4687,county_us_39049
city_us_4688,county_us_24003
city_us_4689,county_us_13151
city_us_4690,county_us_06065
city_us_4691,county_us_17201
city_us_4692,county_us_36119
city_us_4693,county_us_55085
city_us_4694,county_us_42003
city_us_4695,county_us_29189
city_us_4696,county_us_06113
city_us_4697,county_us_51197
city_us_4698,county_us_19167
city_us_4699,county_us_42133
city_us_4700,county_us_27053
city_us_4701,county_us_06021
city_us_4702,county_us_13153
city_us_4703,county_us_17119
city_us_4704,county_us_12069
city_us_4705,county_us_36035
city_us_4706,county_us_06037
city_us_4707,county_us_17031
city_us_4708,county_us_49041
city_us_4709,county_us_39077
city_us_4710,county_us_41047
city_us_4711,county_us_42095
city_us_4712,county_us_34003
city_us_4713,county_us_36101
city_us_4714,county_us_12117
city_us_4715,county_us_30049
city_us_4716,county_us_29189
city_us_4717,county_us_53077
city_us_4718,county_us_06037
city_us_4719,county_us_42003
city_us_4720,county_us_27003
city_us_4721,county_us_29097
city_us_4722,county_us_06103
city_us_4724,county_us_39093
city_us_4725,county_us_05001
city_us_4726,county_us_32003
city_us_4727,county_us_16075
city_us_4728,county_us_17089
city_us_4729,county_us_36087
city_us_4730,county_us_13127
city_us_4731,county_us_42091
city_us_4732,county_us_49007
city_us_4733,county_us_29189
city_us_4734,county_us_02130
city_us_4735,county_us_47053
city_us_4736,county_us_08123
city_us_4737,county_us_55117
city_us_4738,county_us_22033
city_us_4739,county_us_01003
city_us_4740,county_us_54019
city_us_4741,county_us_27139
city_us_4742,county_us_41019
city_us_4743,county_us_39165
city_us_4744,county_us_34021
city_us_4745,county_us_06019
city_us_4746,county_us_48123
city_us_4747,county_us_34023
city_us_4748,county_us_48029
city_us_4749,county_us_42041
city_us_4750,county_us_37145
city_us_4751,county_us_29217
city_us_4752,county_us_53033
city_us_4753,county_us_50007
city_us_4754,county_us_31013
city_us_4755,county_us_24005
city_us_4756,county_us_18021
city_us_4757,county_us_17089
city_us_4758,county_us_13067
city_us_4759,county_us_31185
city_us_4760,county_us_36103
city_us_4761,county_us_45087
city_us_4762,county_us_30029
city_us_4763,county_us_09110
city_us_4764,county_us_36079
city_us_4765,county_us_42029
city_us_4766,county_us_48491
city_us_4767,county_us_42091
city_us_4768,county_us_48061
city_us_4769,county_us_51041
city_us_4770,county_us_55067
city_us_4771,county_us_53009
city_us_4772,county_us_40143
city_us_4773,county_us_27163
city_us_4774,county_us_42003
city_us_4775,county_us_17043
city_us_4776,county_us_54051
city_us_4777,county_us_10005
city_us_4778,county_us_53061
city_us_4779,county_us_06079
city_us_4780,county_us_34007
city_us_4781,county_us_01003
city_us_4782,county_us_45053
city_us_4783,county_us_42129
city_us_4784,county_us_34027
city_us_4785,county_us_51161
city_us_4786,county_us_45045
city_us_4787,county_us_48473
city_us_4788,county_us_17111
city_us_4789,county_us_06087
city_us_4790,county_us_27025
city_us_4791,county_us_26049
city_us_4792,county_us_06059
city_us_4793,county_us_50023
city_us_4794,county_us_12086
city_us_4795,county_us_08077
city_us_4796,county_us_48111
city_us_4797,county_us_22095
city_us_4798,county_us_01117
city_us_4799,county_us_26059
city_us_4800,county_us_48251
city_us_4801,county_us_41009
city_us_4802,county_us_24043
city_us_4803,county_us_37089
city_us_4804,county_us_05143
city_us_4805,county_us_53053
city_us_4806,county_us_36103
city_us_4807,county_us_18019
city_us_4808,county_us_08059
city_us_4809,county_us_05067
city_us_4810,county_us_38077
city_us_4811,county_us_36103
city_us_4812,county_us_08123
city_us_4813,county_us_09110
city_us_4814,county_us_17031
city_us_4815,county_us_06037
city_us_4816,county_us_51059
city_us_4817,county_us_53011
city_us_4818,county_us_42071
city_us_4819,county_us_17201
city_us_4820,county_us_51083
city_us_4821,county_us_49011
city_us_4822,county_us_17161
city_us_4823,county_us_15009
city_us_4824,county_us_45045
city_us_4825,county_us_09110
city_us_4826,county_us_47077
city_us_4827,county_us_26149
city_us_4828,county_us_26107
city_us_4829,county_us_08119
city_us_4830,county_us_26161
city_us_4831,county_us_06025
city_us_4832,county_us_29207
city_us_4833,county_us_06067
city_us_4834,county_us_42085
city_us_4835,county_us_17097
city_us_4836,county_us_34035
city_us_4837,county_us_55003
city_us_4838,county_us_37021
city_us_4839,county_us_04015
city_us_4840,county_us_21047
city_us_4841,county_us_36103
city_us_4842,county_us_34035
city_us_4843,county_us_27171
city_us_4844,county_us_36087
city_us_4845,county_us_19049
city_us_4846,county_us_49057
city_us_4847,county_us_48113
city_us_4848,county_us_48071
city_us_4849,county_us_48141
city_us_4850,county_us_26021
city_us_4851,county_us_47053
city_us_4852,county_us_37037
city_us_4853,county_us_42083
city_us_4854,county_us_17089
city_us_4855,county_us_48185
city_us_4856,county_us_28059
city_us_4857,county_us_06071
city_us_4858,county_us_45055
city_us_4859,county_us_06093
city_us_4860,county_us_55039
city_us_4861,county_us_39099
city_us_4862,county_us_13089
city_us_4863,county_us_51059
city_us_4864,county_us_55131
city_us_4865,county_us_31177
city_us_4866,county_us_40145
city_us_4867,county_us_12039
city_us_4868,county_us_25023
city_us_4869,county_us_22105
city_us_4870,county_us_39025
city_us_4871,county_us_36103
city_us_4872,county_us_36001
city_us_4873,county_us_34013
city_us_4874,county_us_26045
city_us_4875,county_us_13013
city_us_4876,county_us_47097
city_us_4877,county_us_12017
city_us_4878,county_us_19079
city_us_4879,county_us_06037
city_us_4880,county_us_34001
city_us_4881,county_us_51041
city_us_4882,county_us_42075
city_us_4883,county_us_24021
city_us_4884,county_us_34005
city_us_4885,county_us_55055
city_us_4886,county_us_17097
city_us_4887,county_us_37175
city_us_4888,county_us_36059
city_us_4889,county_us_20209
city_us_4890,county_us_24031
city_us_4891,county_us_48201
city_us_4892,county_us_48291
city_us_4893,county_us_53025
city_us_4894,county_us_17011
city_us_4895,county_us_49057
city_us_4896,county_us_36067
city_us_4897,county_us_48085
city_us_4898,county_us_27053
city_us_4899,county_us_26025
city_us_4900,county_us_36087
city_us_4901,county_us_42091
city_us_4902,county_us_34031
city_us_4903,county_us_29053
city_us_4904,county_us_34039
city_us_4905,county_us_17031
city_us_4906,county_us_27053
city_us_4907,county_us_34013
city_us_4908,county_us_36059
city_us_4909,county_us_55025
city_us_4910,county_us_26037
city_us_4911,county_us_20191
city_us_4912,county_us_13113
city_us_4913,county_us_48121
city_us_4914,county_us_42001
city_us_4915,county_us_15009
city_us_4916,county_us_20173
city_us_4917,county_us_36043
city_us_4918,county_us_17097
city_us_4919,county_us_39153
city_us_4920,county_us_35027
city_us_4921,county_us_16045
city_us_4922,county_us_26105
city_us_4923,county_us_25005
city_us_4924,county_us_37089
city_us_4925,county_us_06097
city_us_4926,county_us_08001
city_us_4927,county_us_39065
city_us_4928,county_us_42073
city_us_4929,county_us_48121
city_us_4930,county_us_40131
city_us_4931,county_us_55079
city_us_4932,county_us_39023
city_us_4933,county_us_12027
city_us_4934,county_us_06107
city_us_4935,county_us_29165
city_us_4936,county_us_31159
city_us_4937,county_us_08099
city_us_4938,county_us_39099
city_us_4939,county_us_41005
city_us_4940,county_us_37055
city_us_4941,county_us_28145
city_us_4942,county_us_12095
city_us_4943,county_us_24033
city_us_4944,county_us_37111
city_us_4945,county_us_06065
city_us_4946,county_us_12071
city_us_4947,county_us_51147
city_us_4948,county_us_19033
city_us_4949,county_us_06007
city_us_4950,county_us_51089
city_us_4951,county_us_37081
city_us_4952,county_us_51059
city_us_4953,county_us_34029
city_us_4954,county_us_26139
city_us_4955,county_us_40017
city_us_4956,county_us_49053
city_us_4957,county_us_45059
city_us_4958,county_us_17083
city_us_4959,county_us_39155
city_us_4960,county_us_51085
city_us_4961,county_us_19153
city_us_4962,county_us_21125
city_us_4963,county_us_19191
city_us_4964,county_us_06111
city_us_4965,county_us_45013
city_us_4966,county_us_12017
city_us_4967,county_us_42079
city_us_4968,county_us_04013
city_us_4969,county_us_34023
city_us_4970,county_us_48475
city_us_4971,county_us_36059
city_us_4972,county_us_12011
city_us_4973,county_us_18089
city_us_4974,county_us_48439
city_us_4975,county_us_42003
city_us_4976,county_us_06047
city_us_4977,county_us_51149
city_us_4978,county_us_22015
city_us_4979,county_us_20011
city_us_4980,county_us_55025
city_us_4981,county_us_06041
city_us_4982,county_us_51041
city_us_4983,county_us_49021
city_us_4984,county_us_21195
city_us_4985,county_us_56013
city_us_4986,county_us_48373
city_us_4987,county_us_48215
city_us_4988,county_us_15003
city_us_4989,county_us_53033
city_us_4990,county_us_06097
city_us_4991,county_us_22099
city_us_4992,county_us_36059
city_us_4993,county_us_13107
city_us_4994,county_us_39035
city_us_4995,county_us_12101
city_us_4996,county_us_40051
city_us_4997,county_us_21173
city_us_4998,county_us_51059
city_us_4999,county_us_12053
city_us_5000,county_us_24027
city_us_5001,county_us_06099
city_us_5002,county_us_19125
city_us_5003,county_us_26043
city_us_5004,county_us_48257
city_us_5005,county_us_19175
city_us_5006,county_us_42041
city_us_5007,county_us_53041
city_us_5008,county_us_42033
city_us_5009,county_us_12021
city_us_5010,county_us_26015
city_us_5011,county_us_51059
city_us_5012,county_us_06097
city_us_5013,county_us_29225
city_us_5014,county_us_06107
city_us_5015,county_us_41031
city_us_5016,county_us_34007
city_us_5017,county_us_26093
city_us_5018,county_us_34007
city_us_5019,county_us_42011
city_us_5020,county_us_08037
city_us_5021,county_us_12027
city_us_5022,county_us_12081
city_us_5023,county_us_55133
city_us_5024,county_us_02122
city_us_5025,county_us_27119
city_us_5026,county_us_17111
city_us_5027,county_us_18123
city_us_5028,county_us_22089
city_us_5029,county_us_28107
city_us_5030,county_us_23019
city_us_5031,county_us_06077
city_us_5032,county_us_23003
city_us_5033,county_us_45007
city_us_5034,county_us_45031
city_us_5035,county_us_06007
city_us_5036,county_us_04005
city_us_5037,county_us_26145
city_us_5038,county_us_36059
city_us_5039,county_us_48493
city_us_5040,county_us_34005
city_us_5041,county_us_24037
city_us_5042,county_us_41059
city_us_5043,county_us_35045
city_us_5044,county_us_36119
city_us_5045,county_us_36115
city_us_5046,county_us_47187
city_us_5047,county_us_06057
city_us_5048,county_us_12095
city_us_5049,county_us_37183
city_us_5050,county_us_15001
city_us_5051,county_us_54039
city_us_5052,county_us_51059
city_us_5053,county_us_48029
city_us_5054,county_us_39061
city_us_5055,county_us_45051
city_us_5056,county_us_06029
city_us_5057,county_us_31145
city_us_5058,county_us_06041
city_us_5059,county_us_12001
city_us_5060,county_us_48167
city_us_5061,county_us_36119
city_us_5062,county_us_30111
city_us_5063,county_us_13157
city_us_5064,county_us_36087
city_us_5065,county_us_12011
city_us_5066,county_us_05121
city_us_5067,county_us_05111
city_us_5068,county_us_48281
city_us_5069,county_us_06097
city_us_5070,county_us_49005
city_us_5071,county_us_13117
city_us_5072,county_us_21015
city_us_5073,county_us_35061
city_us_5074,county_us_36103
city_us_5075,county_us_36103
city_us_5076,county_us_19067
city_us_5077,county_us_27139
city_us_5078,county_us_42077
city_us_5079,county_us_48201
city_us_5080,county_us_37161
city_us_5081,county_us_26145
city_us_5082,county_us_12003
city_us_5083,county_us_53053
city_us_5084,county_us_47013
city_us_5086,county_us_55135
city_us_5087,county_us_51059
city_us_5088,county_us_36103
city_us_5089,county_us_55087
city_us_5090,county_us_21117
city_us_5091,county_us_51093
city_us_5092,county_us_19183
city_us_5093,county_us_06065
city_us_5094,county_us_17197
city_us_5095,county_us_12101
city_us_5096,county_us_01013
city_us_5097,county_us_46103
city_us_5098,county_us_39057
city_us_5099,county_us_39055
city_us_5100,county_us_42069
city_us_5101,county_us_18143
city_us_5102,county_us_21089
city_us_5103,county_us_36059
city_us_5104,county_us_06065
city_us_5105,county_us_06065
city_us_5106,county_us_53035
city_us_5107,county_us_39051
city_us_5108,county_us_22087
city_us_5109,county_us_36093
city_us_5110,county_us_29109
city_us_5111,county_us_01117
city_us_5112,county_us_06079
city_us_5113,county_us_06037
city_us_5114,county_us_34025
city_us_5115,county_us_24033
city_us_5116,county_us_34003
city_us_5117,county_us_18039
city_us_5118,county_us_53053
city_us_5119,county_us_25027
city_us_5120,county_us_06113
city_us_5121,county_us_26125
city_us_5122,county_us_31131
city_us_5123,county_us_06051
city_us_5124,county_us_12051
city_us_5125,county_us_10005
city_us_5126,county_us_06087
city_us_5127,county_us_42095
city_us_5128,county_us_17031
city_us_5129,county_us_08089
city_us_5130,county_us_09190
city_us_5131,county_us_36059
city_us_5132,county_us_34041
city_us_5133,county_us_29071
city_us_5134,county_us_18127
city_us_5135,county_us_36067
city_us_5136,county_us_24013
city_us_5137,county_us_06041
city_us_5138,county_us_04007
city_us_5139,county_us_17121
city_us_5140,county_us_36105
city_us_5141,county_us_22001
city_us_5142,county_us_12009
city_us_5143,county_us_53003
city_us_5144,county_us_04013
city_us_5145,county_us_12101
city_us_5146,county_us_18089
city_us_5147,county_us_34027
city_us_5148,county_us_45007
city_us_5149,county_us_37169
city_us_5150,county_us_13143
city_us_5151,county_us_01073
city_us_5152,county_us_28121
city_us_5153,county_us_47071
city_us_5154,county_us_34025
city_us_5155,county_us_26163
city_us_5156,county_us_09190
city_us_5157,county_us_17031
city_us_5158,county_us_36055
city_us_5159,county_us_48177
city_us_5160,county_us_48309
city_us_5161,county_us_42045
city_us_5162,county_us_15007
city_us_5163,county_us_47011
city_us_5164,county_us_34025
city_us_5165,county_us_21141
city_us_5166,county_us_36103
city_us_5167,county_us_45063
city_us_5168,county_us_30111
city_us_5169,county_us_55133
city_us_5170,county_us_19113
city_us_5171,county_us_55017
city_us_5172,county_us_08077
city_us_5173,county_us_53063
city_us_5174,county_us_42091
city_us_5175,county_us_40027
city_us_5176,county_us_39073
city_us_5177,county_us_17055
city_us_5178,county_us_37129
city_us_5179,county_us_12091
city_us_5180,county_us_06071
city_us_5181,county_us_46083
city_us_5182,county_us_53033
city_us_5183,county_us_08041
city_us_5184,county_us_36103
city_us_5185,county_us_39003
city_us_5186,county_us_45045
city_us_5187,county_us_51087
city_us_5188,county_us_39085
city_us_5189,county_us_42045
city_us_5190,county_us_40133
city_us_5191,county_us_32003
city_us_5192,county_us_41007
city_us_5193,county_us_17037
city_us_5194,county_us_47143
city_us_5195,county_us_41059
city_us_5196,county_us_48241
city_us_5197,county_us_05143
city_us_5198,county_us_01051
city_us_5199,county_us_06081
city_us_5200,county_us_08069
city_us_5201,county_us_46093
city_us_5202,county_us_17005
city_us_5203,county_us_24001
city_us_5204,county_us_51171
city_us_5205,county_us_12086
city_us_5206,county_us_45083
city_us_5207,county_us_53073
city_us_5208,county_us_17077
city_us_5209,county_us_37089
city_us_5210,county_us_53053
city_us_5211,county_us_53033
city_us_5212,county_us_31151
city_us_5213,county_us_17033
city_us_5214,county_us_42045
city_us_5215,county_us_41067
city_us_5216,county_us_12117
city_us_5217,county_us_13187
city_us_5218,county_us_01091
city_us_5219,county_us_48029
city_us_5220,county_us_48299
city_us_5221,county_us_28045
city_us_5222,county_us_39155
city_us_5223,county_us_06065
city_us_5224,county_us_48053
city_us_5225,county_us_05023
city_us_5226,county_us_27145
city_us_5227,county_us_28099
city_us_5228,county_us_09190
city_us_5229,county_us_36087
city_us_5230,county_us_28007
city_us_5231,county_us_12105
city_us_5232,county_us_18137
city_us_5233,county_us_53061
city_us_5234,county_us_12087
city_us_5235,county_us_29189
city_us_5236,county_us_22103
city_us_5237,county_us_17031
city_us_5238,county_us_47103
city_us_5239,county_us_48165
city_us_5240,county_us_34007
city_us_5241,county_us_34003
city_us_5242,county_us_12095
city_us_5243,county_us_34023
city_us_5244,county_us_47073
city_us_5245,county_us_36087
city_us_5246,county_us_37151
city_us_5247,county_us_40041
city_us_5248,county_us_06045
city_us_5249,county_us_20103
city_us_5250,county_us_42051
city_us_5251,county_us_21205
city_us_5252,county_us_15001
city_us_5253,county_us_17055
city_us_5254,county_us_34007
city_us_5255,county_us_36119
city_us_5256,county_us_40089
city_us_5257,county_us_34039
city_us_5258,county_us_26081
city_us_5259,county_us_23013
city_us_5260,county_us_12081
city_us_5261,county_us_12069
city_us_5262,county_us_06079
city_us_5263,county_us_42017
city_us_5264,county_us_04013
city_us_5265,county_us_05029
city_us_5266,county_us_17185
city_us_5267,county_us_45069
city_us_5268,county_us_10003
city_us_5269,county_us_42091
city_us_5270,county_us_01121
city_us_5271,county_us_27003
city_us_5272,county_us_28059
city_us_5273,county_us_12111
city_us_5274,county_us_34007
city_us_5275,county_us_17099
city_us_5276,county_us_47147
city_us_5277,county_us_23027
city_us_5278,county_us_08097
city_us_5279,county_us_09110
city_us_5280,county_us_36017
city_us_5281,county_us_39061
city_us_5282,county_us_39151
city_us_5283,county_us_51179
city_us_5284,county_us_51059
city_us_5285,county_us_28093
city_us_5286,county_us_17157
city_us_5287,county_us_51059
city_us_5288,county_us_12017
city_us_5289,county_us_25017
city_us_5290,county_us_42007
city_us_5291,county_us_17135
city_us_5292,county_us_54083
city_us_5293,county_us_18079
city_us_5294,county_us_19169
city_us_5295,county_us_39041
city_us_5296,county_us_26057
city_us_5297,county_us_36059
city_us_5298,county_us_13295
city_us_5299,county_us_01009
city_us_5300,county_us_51059
city_us_5301,county_us_22051
city_us_5302,county_us_42097
city_us_5303,county_us_36059
city_us_5304,county_us_39085
city_us_5305,county_us_45079
city_us_5306,county_us_05093
city_us_5307,county_us_42107
city_us_5308,county_us_49057
city_us_5309,county_us_54079
city_us_5310,county_us_12095
city_us_5311,county_us_48021
city_us_5312,county_us_48293
city_us_5313,county_us_13135
city_us_5314,county_us_42061
city_us_5315,county_us_48199
city_us_5316,county_us_34025
city_us_5317,county_us_12009
city_us_5318,county_us_39113
city_us_5319,county_us_50011
city_us_5320,county_us_17039
city_us_5321,county_us_12105
city_us_5322,county_us_49013
city_us_5323,county_us_54011
city_us_5324,county_us_06013
city_us_5325,county_us_26021
city_us_5326,county_us_39043
city_us_5327,county_us_01093
city_us_5328,county_us_01017
city_us_5329,county_us_09160
city_us_5330,county_us_24047
city_us_5331,county_us_12123
city_us_5332,county_us_42129
city_us_5333,county_us_10005
city_us_5334,county_us_36117
city_us_5335,county_us_29187
city_us_5336,county_us_09190
city_us_5337,county_us_36071
city_us_5338,county_us_24031
city_us_5339,county_us_27039
city_us_5340,county_us_48215
city_us_5341,county_us_05007
city_us_5342,county_us_21117
city_us_5343,county_us_27059
city_us_5344,county_us_47029
city_us_5345,county_us_29189
city_us_5346,county_us_20091
city_us_5347,county_us_48061
city_us_5348,county_us_17031
city_us_5349,county_us_13189
city_us_5350,county_us_53027
city_us_5351,county_us_06111
city_us_5352,county_us_48015
city_us_5353,county_us_42045
city_us_5354,county_us_06037
city_us_5355,county_us_06061
city_us_5356,county_us_41039
city_us_5357,county_us_55101
city_us_5358,county_us_06019
city_us_5359,county_us_34003
city_us_5360,county_us_12121
city_us_5361,county_us_55079
city_us_5362,county_us_26025
city_us_5363,county_us_45091
city_us_5364,county_us_48141
city_us_5365,county_us_42077
city_us_5366,county_us_18039
city_us_5367,county_us_22005
city_us_5368,county_us_04013
city_us_5369,county_us_01003
city_us_5370,county_us_34025
city_us_5371,county_us_06007
city_us_5372,county_us_13051
city_us_5373,county_us_35031
city_us_5374,county_us_42043
city_us_5375,county_us_53003
city_us_5376,county_us_48497
city_us_5377,county_us_15009
city_us_5378,county_us_22121
city_us_5379,county_us_39035
city_us_5380,county_us_42091
city_us_5381,county_us_12109
city_us_5382,county_us_34023
city_us_5383,county_us_36059
city_us_5384,county_us_47189
city_us_5385,county_us_19029
city_us_5386,county_us_36059
city_us_5387,county_us_42045
city_us_5388,county_us_42091
city_us_5389,county_us_06071
city_us_5390,county_us_42019
city_us_5391,county_us_27053
city_us_5392,county_us_24005
city_us_5393,county_us_12031
city_us_5394,county_us_01039
city_us_5395,county_us_01097
city_us_5396,county_us_41067
city_us_5397,county_us_42003
city_us_5398,county_us_42029
city_us_5399,county_us_41015
city_us_5400,county_us_48121
city_us_5401,county_us_37099
city_us_5402,county_us_12061
city_us_5403,county_us_06037
city_us_5404,county_us_48141
city_us_5405,county_us_06083
city_us_5406,county_us_22003
city_us_5407,county_us_36027
city_us_5408,county_us_53033
city_us_5409,county_us_37179
city_us_5410,county_us_19163
city_us_5411,county_us_17097
city_us_5412,county_us_39167
city_us_5413,county_us_39029
city_us_5415,county_us_27109
city_us_5416,county_us_12063
city_us_5417,county_us_22057
city_us_5418,county_us_53053
city_us_5419,county_us_48209
city_us_5420,county_us_51019
city_us_5421,county_us_24031
city_us_5422,county_us_18173
city_us_5423,county_us_36067
city_us_5424,county_us_12127
city_us_5425,county_us_06007
city_us_5426,county_us_22101
city_us_5427,county_us_08041
city_us_5428,county_us_48221
city_us_5429,county_us_41067
city_us_5430,county_us_06067
city_us_5431,county_us_34023
city_us_5432,county_us_12095
city_us_5433,county_us_42003
city_us_5434,county_us_26115
city_us_5435,county_us_18105
city_us_5436,county_us_27139
city_us_5437,county_us_42069
city_us_5438,county_us_28095
city_us_5439,county_us_39139
city_us_5441,county_us_13089
city_us_5442,county_us_42091
city_us_5443,county_us_34035
city_us_5444,county_us_29189
city_us_5445,county_us_40087
city_us_5446,county_us_08051
city_us_5447,county_us_34013
city_us_5448,county_us_12085
city_us_5449,county_us_06053
city_us_5450,county_us_06087
city_us_5451,county_us_36109
city_us_5452,county_us_21093
city_us_5453,county_us_42097
city_us_5454,county_us_51177
city_us_5455,county_us_36067
city_us_5456,county_us_21015
city_us_5457,county_us_27093
city_us_5458,county_us_24005
city_us_5459,county_us_36119
city_us_5460,county_us_12103
city_us_5461,county_us_20151
city_us_5462,county_us_53011
city_us_5463,county_us_31025
city_us_5464,county_us_54037
city_us_5465,county_us_37129
city_us_5466,county_us_29189
city_us_5467,county_us_06025
city_us_5468,county_us_15009
city_us_5469,county_us_51165
city_us_5470,county_us_42043
city_us_5471,county_us_36119
city_us_5472,county_us_13121
city_us_5473,county_us_21037
city_us_5474,county_us_37019
city_us_5475,county_us_13063
city_us_5476,county_us_48339
city_us_5477,county_us_44009
city_us_5478,county_us_47127
city_us_5479,county_us_38003
city_us_5480,county_us_25001
city_us_5481,county_us_39025
city_us_5482,county_us_12105
city_us_5483,county_us_15003
city_us_5484,county_us_48365
city_us_5485,county_us_36119
city_us_5486,county_us_27053
city_us_5487,county_us_36111
city_us_5488,county_us_02090
city_us_5489,county_us_54039
city_us_5490,county_us_27171
city_us_5491,county_us_53061
city_us_5492,county_us_39175
city_us_5493,county_us_36059
city_us_5494,county_us_48485
city_us_5495,county_us_22047
city_us_5496,county_us_12111
city_us_5497,county_us_15009
city_us_5498,county_us_31037
city_us_5499,county_us_53077
city_us_5500,county_us_42077
city_us_5501,county_us_51153
city_us_5502,county_us_49023
city_us_5503,county_us_42045
city_us_5504,county_us_34025
city_us_5505,county_us_51059
city_us_5506,county_us_42133
city_us_5507,county_us_32005
city_us_5508,county_us_08045
city_us_5509,county_us_26077
city_us_5510,county_us_26145
city_us_5511,county_us_06065
city_us_5512,county_us_42095
city_us_5513,county_us_39071
city_us_5514,county_us_06073
city_us_5515,county_us_20041
city_us_5516,county_us_54061
city_us_5517,county_us_10003
city_us_5518,county_us_06047
city_us_5519,county_us_39113
city_us_5520,county_us_26125
city_us_5521,county_us_18037
city_us_5522,county_us_18129
city_us_5523,county_us_18141
city_us_5524,county_us_15003
city_us_5525,county_us_06111
city_us_5526,county_us_48053
city_us_5527,county_us_13045
city_us_5528,county_us_53015
city_us_5529,county_us_31055
city_us_5530,county_us_56029
city_us_5531,county_us_35055
city_us_5532,county_us_45033
city_us_5533,county_us_48251
city_us_5534,county_us_25017
city_us_5535,county_us_37101
city_us_5536,county_us_55133
city_us_5537,county_us_42089
city_us_5538,county_us_29071
city_us_5539,county_us_28059
city_us_5540,county_us_18033
city_us_5541,county_us_18075
city_us_5542,county_us_21085
city_us_5543,county_us_29099
city_us_5544,county_us_42091
city_us_5545,county_us_39153
city_us_5546,county_us_39061
city_us_5547,county_us_25017
city_us_5548,county_us_37179
city_us_5549,county_us_08041
city_us_5550,county_us_17073
city_us_5551,county_us_12071
city_us_5552,county_us_06111
city_us_5553,county_us_34023
city_us_5554,county_us_34035
city_us_5555,county_us_06065
city_us_5556,county_us_02170
city_us_5557,county_us_18139
city_us_5558,county_us_36103
city_us_5559,county_us_42045
city_us_5560,county_us_31033
city_us_5561,county_us_53067
city_us_5562,county_us_08005
city_us_5563,county_us_34021
city_us_5564,county_us_36007
city_us_5565,county_us_06031
city_us_5566,county_us_45067
city_us_5567,county_us_01097
city_us_5568,county_us_42003
city_us_5569,county_us_35013
city_us_5570,county_us_17111
city_us_5571,county_us_36071
city_us_5572,county_us_12101
city_us_5573,county_us_06011
city_us_5574,county_us_12021
city_us_5575,county_us_06015
city_us_5576,county_us_39003
city_us_5577,county_us_39165
city_us_5578,county_us_27109
city_us_5579,county_us_12113
city_us_5580,county_us_04019
city_us_5581,county_us_13237
city_us_5582,county_us_17097
city_us_5583,county_us_48225
city_us_5584,county_us_26125
city_us_5585,county_us_22039
city_us_5586,county_us_51059
city_us_5587,county_us_22063
city_us_5588,county_us_51059
city_us_5589,county_us_24009
city_us_5590,county_us_47167
city_us_5591,county_us_56009
city_us_5592,county_us_21097
city_us_5593,county_us_29189
city_us_5594,county_us_39061
city_us_5595,county_us_39155
city_us_5596,county_us_47155
city_us_5597,county_us_29077
city_us_5598,county_us_55059
city_us_5599,county_us_34003
city_us_5600,county_us_13271
city_us_5601,county_us_06007
city_us_5602,county_us_17147
city_us_5603,county_us_24033
city_us_5604,county_us_06041
city_us_5605,county_us_48507
city_us_5606,county_us_18175
city_us_5607,county_us_01089
city_us_5608,county_us_47023
city_us_5609,county_us_40125
city_us_5610,county_us_17031
city_us_5611,county_us_36055
city_us_5612,county_us_34005
city_us_5613,county_us_26049
city_us_5614,county_us_39173
city_us_5615,county_us_39143
city_us_5616,county_us_24021
city_us_5617,county_us_06065
city_us_5618,county_us_48215
city_us_5619,county_us_02050
city_us_5620,county_us_42091
city_us_5621,county_us_47123
city_us_5622,county_us_02122
city_us_5623,county_us_34031
city_us_5624,county_us_12105
city_us_5625,county_us_55135
city_us_5626,county_us_22065
city_us_5627,county_us_06085
city_us_5628,county_us_12001
city_us_5629,county_us_39013
city_us_5630,county_us_53067
city_us_5631,county_us_04019
city_us_5632,county_us_55055
city_us_5633,county_us_19167
city_us_5634,county_us_24013
city_us_5635,county_us_42069
city_us_5636,county_us_21155
city_us_5637,county_us_42029
city_us_5638,county_us_46079
city_us_5639,county_us_12011
city_us_5640,county_us_39155
city_us_5641,county_us_08123
city_us_5642,county_us_06019
city_us_5643,county_us_40109
city_us_5644,county_us_21037
city_us_5645,county_us_30083
city_us_5646,county_us_41029
city_us_5647,county_us_17115
city_us_5648,county_us_24033
city_us_5649,county_us_41007
city_us_5650,county_us_51165
city_us_5651,county_us_53063
city_us_5652,county_us_20091
city_us_5653,county_us_26101
city_us_5654,county_us_21033
city_us_5655,county_us_48213
city_us_5656,county_us_42081
city_us_5657,county_us_36103
city_us_5658,county_us_27141
city_us_5659,county_us_42043
city_us_5660,county_us_02170
city_us_5661,county_us_24021
city_us_5662,county_us_06013
city_us_5663,county_us_12105
city_us_5664,county_us_41071
city_us_5665,county_us_18049
city_us_5666,county_us_22033
city_us_5667,county_us_28073
city_us_5668,county_us_36103
city_us_5669,county_us_48497
city_us_5670,county_us_48183
city_us_5671,county_us_47105
city_us_5672,county_us_39079
city_us_5673,county_us_06065
city_us_5674,county_us_34025
city_us_5675,county_us_34013
city_us_5676,county_us_22047
city_us_5677,county_us_45077
city_us_5678,county_us_39145
city_us_5679,county_us_35045
city_us_5680,county_us_06071
city_us_5681,county_us_42049
city_us_5682,county_us_48121
city_us_5683,county_us_06025
city_us_5684,county_us_12011
city_us_5685,county_us_09170
city_us_5686,county_us_06021
city_us_5687,county_us_26099
city_us_5688,county_us_13171
city_us_5689,county_us_24043
city_us_5690,county_us_34015
city_us_5691,county_us_12115
city_us_5692,county_us_10003
city_us_5693,county_us_04017
city_us_5694,county_us_26103
city_us_5695,county_us_09170
city_us_5696,county_us_36029
city_us_5697,county_us_39077
city_us_5698,county_us_12111
city_us_5699,county_us_34001
city_us_5700,county_us_12115
city_us_5701,county_us_42003
city_us_5702,county_us_21185
city_us_5703,county_us_48423
city_us_5704,county_us_48215
city_us_5705,county_us_45031
city_us_5706,county_us_16075
city_us_5707,county_us_48183
city_us_5708,county_us_56015
city_us_5709,county_us_17197
city_us_5710,county_us_12071
city_us_5711,county_us_26115
city_us_5712,county_us_55073
city_us_5713,county_us_05085
city_us_5714,county_us_34027
city_us_5715,county_us_05125
city_us_5716,county_us_12101
city_us_5717,county_us_32005
city_us_5718,county_us_26081
city_us_5719,county_us_53005
city_us_5720,county_us_06013
city_us_5721,county_us_05133
city_us_5722,county_us_24033
city_us_5723,county_us_40071
city_us_5724,county_us_29189
city_us_5725,county_us_17143
city_us_5726,county_us_17111
city_us_5727,county_us_42091
city_us_5728,county_us_09110
city_us_5729,county_us_36087
city_us_5730,county_us_19097
city_us_5731,county_us_42091
city_us_5732,county_us_06047
city_us_5733,county_us_42029
city_us_5734,county_us_34025
city_us_5735,county_us_12099
city_us_5736,county_us_08037
city_us_5737,county_us_35049
city_us_5738,county_us_37071
city_us_5739,county_us_09110
city_us_5740,county_us_42095
city_us_5741,county_us_12091
city_us_5742,county_us_36029
city_us_5743,county_us_19019
city_us_5744,county_us_34035
city_us_5745,county_us_34025
city_us_5746,county_us_34027
city_us_5747,county_us_48439
city_us_5748,county_us_48027
city_us_5749,county_us_45083
city_us_5750,county_us_18053
city_us_5751,county_us_25001
city_us_5752,county_us_34003
city_us_5753,county_us_02170
city_us_5754,county_us_19049
city_us_5755,county_us_06009
city_us_5756,county_us_26163
city_us_5757,county_us_22051
city_us_5758,county_us_45041
city_us_5759,county_us_53003
city_us_5760,county_us_01073
city_us_5761,county_us_12131
city_us_5762,county_us_20173
city_us_5763,county_us_42027
city_us_5764,county_us_22057
city_us_5765,county_us_47105
city_us_5766,county_us_09120
city_us_5767,county_us_16067
city_us_5768,county_us_42121
city_us_5769,county_us_08005
city_us_5770,county_us_28159
city_us_5771,county_us_17051
city_us_5772,county_us_39169
city_us_5773,county_us_55131
city_us_5774,county_us_36103
city_us_5775,county_us_39061
city_us_5776,county_us_12105
city_us_5777,county_us_35007
city_us_5778,county_us_29077
city_us_5779,county_us_53035
city_us_5780,county_us_42003
city_us_5781,county_us_48497
city_us_5782,county_us_37153
city_us_5783,county_us_36103
city_us_5784,county_us_42017
city_us_5785,county_us_29099
city_us_5786,county_us_36103
city_us_5787,county_us_17119
city_us_5788,county_us_29095
city_us_5789,county_us_39113
city_us_5790,county_us_06083
city_us_5791,county_us_53035
city_us_5792,county_us_37019
city_us_5793,county_us_51041
city_us_5794,county_us_40049
city_us_5795,county_us_35051
city_us_5796,county_us_42111
city_us_5797,county_us_47171
city_us_5798,county_us_42069
city_us_5799,county_us_20045
city_us_5800,county_us_39123
city_us_5801,county_us_53053
city_us_5802,county_us_48215
city_us_5803,county_us_49051
city_us_5804,county_us_49011
city_us_5805,county_us_06073
city_us_5806,county_us_21113
city_us_5807,county_us_42095
city_us_5808,county_us_26145
city_us_5809,county_us_29099
city_us_5810,county_us_01089
city_us_5811,county_us_20173
city_us_5812,county_us_47145
city_us_5813,county_us_04025
city_us_5814,county_us_36055
city_us_5815,county_us_26125
city_us_5816,county_us_48043
city_us_5817,county_us_36029
city_us_5818,county_us_23011
city_us_5819,county_us_18059
city_us_5820,county_us_12071
city_us_5821,county_us_30027
city_us_5822,county_us_47145
city_us_5823,county_us_42041
city_us_5824,county_us_48239
city_us_5825,county_us_48495
city_us_5826,county_us_34031
city_us_5827,county_us_42029
city_us_5828,county_us_39095
city_us_5829,county_us_42045
city_us_5830,county_us_29177
city_us_5831,county_us_31179
city_us_5832,county_us_25001
city_us_5833,county_us_17127
city_us_5834,county_us_17089
city_us_5835,county_us_32005
city_us_5836,county_us_48019
city_us_5837,county_us_17143
city_us_5838,county_us_22109
city_us_5839,county_us_26067
city_us_5840,county_us_48279
city_us_5841,county_us_36059
city_us_5842,county_us_36119
city_us_5843,county_us_42033
city_us_5844,county_us_39007
city_us_5845,county_us_19065
city_us_5846,county_us_37089
city_us_5847,county_us_48121
city_us_5848,county_us_42069
city_us_5849,county_us_39049
city_us_5850,county_us_42045
city_us_5851,county_us_24025
city_us_5852,county_us_36021
city_us_5853,county_us_42091
city_us_5854,county_us_46083
city_us_5855,county_us_34025
city_us_5856,county_us_15003
city_us_5857,county_us_17097
city_us_5858,county_us_01099
city_us_5859,county_us_06017
city_us_5860,county_us_04025
city_us_5861,county_us_48037
city_us_5862,county_us_06087
city_us_5863,county_us_37059
city_us_5864,county_us_08069
city_us_5865,county_us_36009
city_us_5866,county_us_49011
city_us_5867,county_us_24033
city_us_5868,county_us_36055
city_us_5869,county_us_38053
city_us_5870,county_us_37081
city_us_5871,county_us_40063
city_us_5872,county_us_42089
city_us_5873,county_us_12021
city_us_5874,county_us_35001
city_us_5875,county_us_42003
city_us_5876,county_us_06089
city_us_5877,county_us_13063
city_us_5878,county_us_47179
city_us_5879,county_us_17143
city_us_5880,county_us_19061
city_us_5881,county_us_37071
city_us_5882,county_us_18091
city_us_5883,county_us_51107
city_us_5884,county_us_17017
city_us_5885,county_us_12021
city_us_5886,county_us_19063
city_us_5887,county_us_34035
city_us_5888,county_us_09140
city_us_5889,county_us_55105
city_us_5890,county_us_34025
city_us_5891,county_us_12115
city_us_5892,county_us_22101
city_us_5893,county_us_34035
city_us_5894,county_us_34029
city_us_5895,county_us_53073
city_us_5896,county_us_26049
city_us_5897,county_us_34021
city_us_5898,county_us_34003
city_us_5899,county_us_35025
city_us_5900,county_us_34027
city_us_5901,county_us_17031
city_us_5902,county_us_42045
city_us_5903,county_us_48303
city_us_5904,county_us_26047
city_us_5905,county_us_12051
city_us_5906,county_us_37129
city_us_5907,county_us_12131
city_us_5908,county_us_18029
city_us_5909,county_us_39153
city_us_5910,county_us_06033
city_us_5911,county_us_26099
city_us_5912,county_us_42017
city_us_5913,county_us_01055
city_us_5914,county_us_53005
city_us_5915,county_us_53053
city_us_5916,county_us_12086
city_us_5917,county_us_12105
city_us_5918,county_us_48285
city_us_5919,county_us_21117
city_us_5920,county_us_05033
city_us_5921,county_us_17199
city_us_5922,county_us_06029
city_us_5923,county_us_20067
city_us_5924,county_us_53011
city_us_5925,county_us_54055
city_us_5926,county_us_28091
city_us_5927,county_us_39061
city_us_5928,county_us_48061
city_us_5929,county_us_06099
city_us_5930,county_us_48091
city_us_5931,county_us_36073
city_us_5932,county_us_42089
city_us_5933,county_us_36067
city_us_5934,county_us_48029
city_us_5935,county_us_06079
city_us_5936,county_us_17145
city_us_5937,county_us_47165
city_us_5938,county_us_34007
city_us_5939,county_us_06059
city_us_5940,county_us_36091
city_us_5941,county_us_33013
city_us_5942,county_us_28047
city_us_5943,county_us_51171
city_us_5944,county_us_27071
city_us_5945,county_us_18009
city_us_5946,county_us_48075
city_us_5947,county_us_45003
city_us_5948,county_us_39113
city_us_5949,county_us_34023
city_us_5950,county_us_17119
city_us_5951,county_us_48303
city_us_5952,county_us_36059
city_us_5953,county_us_39089
city_us_5954,county_us_36027
city_us_5955,county_us_42079
city_us_5956,county_us_21231
city_us_5957,county_us_08123
city_us_5958,county_us_06059
city_us_5959,county_us_12007
city_us_5960,county_us_05045
city_us_5961,county_us_06047
city_us_5962,county_us_12115
city_us_5963,county_us_34025
city_us_5964,county_us_15003
city_us_5965,county_us_20121
city_us_5966,county_us_21177
city_us_5967,county_us_49039
city_us_5968,county_us_42071
city_us_5969,county_us_36071
city_us_5970,county_us_56021
city_us_5971,county_us_09110
city_us_5972,county_us_49043
city_us_5973,county_us_42065
city_us_5974,county_us_39093
city_us_5975,county_us_06067
city_us_5976,county_us_13303
city_us_5977,county_us_12009
city_us_5978,county_us_42041
city_us_5979,county_us_17117
city_us_5980,county_us_42029
city_us_5981,county_us_42097
city_us_5982,county_us_40015
city_us_5984,county_us_51173
city_us_5985,county_us_48215
city_us_5986,county_us_13033
city_us_5987,county_us_55105
city_us_5988,county_us_13295
city_us_5989,county_us_27085
city_us_5990,county_us_04019
city_us_5991,county_us_42109
city_us_5992,county_us_48167
city_us_5993,county_us_17031
city_us_5994,county_us_37067
city_us_5995,county_us_42075
city_us_5996,county_us_26139
city_us_5997,county_us_53063
city_us_5998,county_us_42091
city_us_5999,county_us_51153
city_us_6000,county_us_08015
city_us_6001,county_us_01073
city_us_6002,county_us_17111
city_us_6003,county_us_25001
city_us_6004,county_us_55105
city_us_6005,county_us_24021
city_us_6006,county_us_42041
city_us_6007,county_us_13225
city_us_6008,county_us_48473
city_us_6009,county_us_24031
city_us_6010,county_us_36119
city_us_6011,county_us_22115
city_us_6013,county_us_26027
city_us_6014,county_us_16087
city_us_6015,county_us_28115
city_us_6016,county_us_29037
city_us_6017,county_us_25023
city_us_6018,county_us_21037
city_us_6019,county_us_17135
city_us_6020,county_us_48373
city_us_6021,county_us_46019
city_us_6022,county_us_16041
city_us_6023,county_us_05015
city_us_6024,county_us_12095
city_us_6025,county_us_34003
city_us_6026,county_us_27019
city_us_6027,county_us_06081
city_us_6028,county_us_12071
city_us_6029,county_us_42007
city_us_6030,county_us_22057
city_us_6031,county_us_40111
city_us_6032,county_us_13091
city_us_6033,county_us_06039
city_us_6034,county_us_24033
city_us_6035,county_us_48113
city_us_6036,county_us_06041
city_us_6037,county_us_51041
city_us_6038,county_us_30031
city_us_6039,county_us_42013
city_us_6040,county_us_01117
city_us_6041,county_us_31153
city_us_6042,county_us_48121
city_us_6043,county_us_12086
city_us_6044,county_us_37127
city_us_6045,county_us_02122
city_us_6046,county_us_13321
city_us_6047,county_us_26163
city_us_6048,county_us_06025
city_us_6049,county_us_36103
city_us_6050,county_us_22057
city_us_6051,county_us_41019
city_us_6052,county_us_53035
city_us_6053,county_us_47017
city_us_6054,county_us_41039
city_us_6055,county_us_09190
city_us_6056,county_us_05113
city_us_6057,county_us_19153
city_us_6058,county_us_24045
city_us_6059,county_us_42025
city_us_6060,county_us_26143
city_us_6061,county_us_06037
city_us_6062,county_us_06029
city_us_6063,county_us_06067
city_us_6064,county_us_21037
city_us_6065,county_us_41017
city_us_6066,county_us_36059
city_us_6067,county_us_35028
city_us_6068,county_us_25005
city_us_6069,county_us_18081
city_us_6070,county_us_42007
city_us_6071,county_us_55101
city_us_6072,county_us_36103
city_us_6073,county_us_34035
city_us_6074,county_us_02150
city_us_6075,county_us_29183
city_us_6076,county_us_34035
city_us_6077,county_us_53061
city_us_6078,county_us_36103
city_us_6079,county_us_39049
city_us_6080,county_us_49003
city_us_6081,county_us_39023
city_us_6082,county_us_24031
city_us_6083,county_us_27025
city_us_6084,county_us_48085
city_us_6085,county_us_13075
city_us_6086,county_us_09180
city_us_6087,county_us_08005
city_us_6088,county_us_04013
city_us_6089,county_us_42085
city_us_6090,county_us_19137
city_us_6091,county_us_49035
city_us_6092,county_us_18029
city_us_6093,county_us_05069
city_us_6094,county_us_34009
city_us_6095,county_us_47111
city_us_6096,county_us_29107
city_us_6097,county_us_34027
city_us_6098,county_us_12099
city_us_6099,county_us_01049
city_us_6100,county_us_37129
city_us_6101,county_us_06011
city_us_6102,county_us_55073
city_us_6103,county_us_55047
city_us_6104,county_us_12115
city_us_6105,county_us_06071
city_us_6106,county_us_06089
city_us_6107,county_us_29079
city_us_6108,county_us_23005
city_us_6109,county_us_17197
city_us_6110,county_us_34007
city_us_6111,county_us_10003
city_us_6112,county_us_24029
city_us_6113,county_us_05007
city_us_6114,county_us_17011
city_us_6115,county_us_53053
city_us_6116,county_us_06007
city_us_6117,county_us_48017
city_us_6118,county_us_45029
city_us_6119,county_us_45013
city_us_6120,county_us_45007
city_us_6121,county_us_42003
city_us_6122,county_us_42079
city_us_6123,county_us_42091
city_us_6124,county_us_19045
city_us_6125,county_us_27139
city_us_6126,county_us_42045
city_us_6127,county_us_48409
city_us_6128,county_us_29155
city_us_6129,county_us_17203
city_us_6130,county_us_55023
city_us_6131,county_us_36087
city_us_6132,county_us_53035
city_us_6133,county_us_54037
city_us_6134,county_us_13035
city_us_6135,county_us_27163
city_us_6136,county_us_34015
city_us_6137,county_us_26147
city_us_6138,county_us_48209
city_us_6139,county_us_31137
city_us_6140,county_us_12111
city_us_6141,county_us_19105
city_us_6142,county_us_06087
city_us_6143,county_us_21015
city_us_6144,county_us_18181
city_us_6145,county_us_39165
city_us_6146,county_us_47073
city_us_6147,county_us_17099
city_us_6148,county_us_20103
city_us_6149,county_us_48337
city_us_6150,county_us_29189
city_us_6151,county_us_55021
city_us_6152,county_us_42043
city_us_6153,county_us_48145
city_us_6154,county_us_48309
city_us_6155,county_us_34007
city_us_6156,county_us_06037
city_us_6157,county_us_37071
city_us_6158,county_us_35049
city_us_6159,county_us_12101
city_us_6160,county_us_22109
city_us_6161,county_us_47145
city_us_6162,county_us_12071
city_us_6163,county_us_21111
city_us_6164,county_us_28041
city_us_6165,county_us_42015
city_us_6166,county_us_53061
city_us_6167,county_us_40009
city_us_6168,county_us_42011
city_us_6169,county_us_08001
city_us_6170,county_us_24033
city_us_6171,county_us_48055
city_us_6172,county_us_19039
city_us_6173,county_us_48067
city_us_6174,county_us_29121
city_us_6175,county_us_36087
city_us_6176,county_us_42013
city_us_6177,county_us_22099
city_us_6178,county_us_19109
city_us_6179,county_us_47153
city_us_6180,county_us_49011
city_us_6181,county_us_36055
city_us_6182,county_us_17031
city_us_6183,county_us_01081
city_us_6184,county_us_28139
city_us_6185,county_us_26161
city_us_6186,county_us_12083
city_us_6187,county_us_06099
city_us_6188,county_us_24027
city_us_6189,county_us_30029
city_us_6190,county_us_41003
city_us_6191,county_us_36073
city_us_6192,county_us_42029
city_us_6193,county_us_06055
city_us_6194,county_us_36059
city_us_6195,county_us_48331
city_us_6196,county_us_06107
city_us_6197,county_us_01045
city_us_6198,county_us_39079
city_us_6199,county_us_19141
city_us_6200,county_us_28123
city_us_6201,county_us_36029
city_us_6202,county_us_05075
city_us_6203,county_us_15003
city_us_6204,county_us_05011
city_us_6205,county_us_19059
city_us_6206,county_us_26115
city_us_6207,county_us_17073
city_us_6208,county_us_20193
city_us_6209,county_us_24013
city_us_6210,county_us_39061
city_us_6211,county_us_45019
city_us_6212,county_us_12057
city_us_6213,county_us_20001
city_us_6214,county_us_13045
city_us_6215,county_us_15003
city_us_6216,county_us_19007
city_us_6217,county_us_42091
city_us_6218,county_us_17097
city_us_6219,county_us_12081
city_us_6220,county_us_48439
city_us_6221,county_us_39081
city_us_6222,county_us_29099
city_us_6223,county_us_17097
city_us_6224,county_us_36059
city_us_6225,county_us_12105
city_us_6226,county_us_42069
city_us_6227,county_us_55039
city_us_6228,county_us_51153
city_us_6229,county_us_29169
city_us_6230,county_us_19145
city_us_6231,county_us_48113
city_us_6232,county_us_19121
city_us_6233,county_us_04017
city_us_6234,county_us_06005
city_us_6235,county_us_22033
city_us_6236,county_us_48331
city_us_6237,county_us_18057
city_us_6238,county_us_27055
city_us_6239,county_us_27023
city_us_6240,county_us_37085
city_us_6241,county_us_34003
city_us_6242,county_us_01111
city_us_6243,county_us_48073
city_us_6244,county_us_36083
city_us_6245,county_us_53065
city_us_6246,county_us_01055
city_us_6247,county_us_37021
city_us_6248,county_us_36103
city_us_6249,county_us_04013
city_us_6250,county_us_12103
city_us_6251,county_us_37037
city_us_6252,county_us_34039
city_us_6253,county_us_34001
city_us_6254,county_us_18073
city_us_6255,county_us_49019
city_us_6256,county_us_47009
city_us_6257,county_us_42125
city_us_6258,county_us_12071
city_us_6259,county_us_12103
city_us_6260,county_us_02090
city_us_6261,county_us_39061
city_us_6262,county_us_29183
city_us_6263,county_us_12093
city_us_6264,county_us_04003
city_us_6265,county_us_36103
city_us_6266,county_us_34035
city_us_6267,county_us_39151
city_us_6268,county_us_22061
city_us_6269,county_us_12111
city_us_6270,county_us_53033
city_us_6271,county_us_34007
city_us_6272,county_us_06013
city_us_6273,county_us_40131
city_us_6274,county_us_39153
city_us_6275,county_us_51059
city_us_6276,county_us_08087
city_us_6277,county_us_12086
city_us_6278,county_us_48141
city_us_6279,county_us_12071
city_us_6280,county_us_48453
city_us_6281,county_us_13099
city_us_6282,county_us_42003
city_us_6283,county_us_37071
city_us_6284,county_us_01115
city_us_6285,county_us_36091
city_us_6286,county_us_41067
city_us_6287,county_us_09190
city_us_6288,county_us_34033
city_us_6289,county_us_42119
city_us_6290,county_us_17031
city_us_6291,county_us_04009
city_us_6292,county_us_42025
city_us_6293,county_us_45077
city_us_6294,county_us_42011
city_us_6295,county_us_26025
city_us_6296,county_us_12129
city_us_6297,county_us_51185
city_us_6298,county_us_48491
city_us_6299,county_us_30063
city_us_6300,county_us_36071
city_us_6301,county_us_49005
city_us_6302,county_us_42039
city_us_6303,county_us_45023
city_us_6304,county_us_37053
city_us_6305,county_us_39061
city_us_6306,county_us_01053
city_us_6307,county_us_06081
city_us_6308,county_us_18159
city_us_6309,county_us_31045
city_us_6310,county_us_55063
city_us_6311,county_us_39055
city_us_6312,county_us_24047
city_us_6313,county_us_53063
city_us_6314,county_us_29169
city_us_6315,county_us_42107
city_us_6316,county_us_42003
city_us_6317,county_us_39157
city_us_6318,county_us_33013
city_us_6319,county_us_42011
city_us_6320,county_us_34001
city_us_6321,county_us_27123
city_us_6322,county_us_06039
city_us_6323,county_us_26041
city_us_6324,county_us_48429
city_us_6325,county_us_21235
city_us_6326,county_us_17097
city_us_6327,county_us_37117
city_us_6328,county_us_51195
city_us_6329,county_us_48419
city_us_6330,county_us_32031
city_us_6331,county_us_48061
city_us_6332,county_us_30047
city_us_6333,county_us_17063
city_us_6334,county_us_39083
city_us_6335,county_us_41057
city_us_6336,county_us_48201
city_us_6337,county_us_47021
city_us_6338,county_us_48141
city_us_6339,county_us_48251
city_us_6340,county_us_54103
city_us_6341,county_us_06037
city_us_6342,county_us_48215
city_us_6343,county_us_28059
city_us_6344,county_us_40035
city_us_6345,county_us_34027
city_us_6346,county_us_18059
city_us_6347,county_us_35037
city_us_6348,county_us_13267
city_us_6349,county_us_18127
city_us_6350,county_us_06013
city_us_6351,county_us_54097
city_us_6352,county_us_26045
city_us_6353,county_us_19153
city_us_6354,county_us_12021
city_us_6355,county_us_47069
city_us_6356,county_us_08059
city_us_6357,county_us_26099
city_us_6358,county_us_21193
city_us_6359,county_us_27123
city_us_6360,county_us_36119
city_us_6361,county_us_06055
city_us_6362,county_us_53053
city_us_6363,county_us_12083
city_us_6364,county_us_48473
city_us_6365,county_us_37049
city_us_6366,county_us_42091
city_us_6367,county_us_39089
city_us_6368,county_us_39173
city_us_6369,county_us_26005
city_us_6370,county_us_40023
city_us_6371,county_us_41039
city_us_6372,county_us_36091
city_us_6373,county_us_55027
city_us_6374,county_us_53021
city_us_6375,county_us_01051
city_us_6376,county_us_42091
city_us_6377,county_us_42095
city_us_6378,county_us_55059
city_us_6379,county_us_17021
city_us_6380,county_us_34009
city_us_6381,county_us_42043
city_us_6382,county_us_34013
city_us_6383,county_us_13205
city_us_6384,county_us_42091
city_us_6385,county_us_48053
city_us_6386,county_us_01073
city_us_6387,county_us_26147
city_us_6388,county_us_24031
city_us_6389,county_us_06019
city_us_6390,county_us_19035
city_us_6391,county_us_36087
city_us_6392,county_us_34025
city_us_6393,county_us_06083
city_us_6394,county_us_34025
city_us_6395,county_us_18055
city_us_6396,county_us_08045
city_us_6397,county_us_42019
city_us_6398,county_us_18095
city_us_6399,county_us_30049
city_us_6400,county_us_36103
city_us_6401,county_us_18029
city_us_6402,county_us_48061
city_us_6403,county_us_12127
city_us_6404,county_us_36123
city_us_6405,county_us_12105
city_us_6406,county_us_13139
city_us_6407,county_us_26077
city_us_6408,county_us_48215
city_us_6409,county_us_42079
city_us_6410,county_us_15003
city_us_6411,county_us_48307
city_us_6412,county_us_19129
city_us_6413,county_us_26043
city_us_6414,county_us_25023
city_us_6415,county_us_01097
city_us_6416,county_us_01097
city_us_6417,county_us_53061
city_us_6418,county_us_47053
city_us_6419,county_us_47123
city_us_6420,county_us_17197
city_us_6421,county_us_20173
city_us_6422,county_us_32019
city_us_6423,county_us_13077
city_us_6424,county_us_02170
city_us_6425,county_us_05143
city_us_6426,county_us_26049
city_us_6427,county_us_13233
city_us_6428,county_us_19055
city_us_6429,county_us_21145
city_us_6430,county_us_24025
city_us_6431,county_us_08123
city_us_6432,county_us_34027
city_us_6433,county_us_48505
city_us_6434,county_us_27157
city_us_6435,county_us_48251
city_us_6436,county_us_42011
city_us_6437,county_us_17145
city_us_6438,county_us_06067
city_us_6439,county_us_04019
city_us_6440,county_us_12035
city_us_6441,county_us_39061
city_us_6442,county_us_16051
city_us_6443,county_us_48029
city_us_6444,county_us_19083
city_us_6445,county_us_36059
city_us_6446,county_us_55101
city_us_6447,county_us_27149
city_us_6448,county_us_42077
city_us_6449,county_us_42069
city_us_6450,county_us_27127
city_us_6451,county_us_06087
city_us_6452,county_us_26053
city_us_6453,county_us_39065
city_us_6454,county_us_42003
city_us_6455,county_us_12109
city_us_6456,county_us_12127
city_us_6457,county_us_39013
city_us_6458,county_us_24005
city_us_6459,county_us_20029
city_us_6460,county_us_17007
city_us_6461,county_us_36033
city_us_6462,county_us_18085
city_us_6463,county_us_25005
city_us_6464,county_us_42133
city_us_6465,county_us_29003
city_us_6466,county_us_17161
city_us_6467,county_us_15003
city_us_6468,county_us_26145
city_us_6469,county_us_41067
city_us_6470,county_us_36059
city_us_6471,county_us_05135
city_us_6472,county_us_55101
city_us_6473,county_us_06071
city_us_6474,county_us_51185
city_us_6475,county_us_12053
city_us_6476,county_us_47041
city_us_6477,county_us_08001
city_us_6478,county_us_45025
city_us_6479,county_us_24047
city_us_6480,county_us_04005
city_us_6481,county_us_48367
city_us_6482,county_us_36029
city_us_6483,county_us_48367
city_us_6484,county_us_42129
city_us_6485,county_us_12081
city_us_6486,county_us_42079
city_us_6487,county_us_48029
city_us_6488,county_us_17037
city_us_6489,county_us_12105
city_us_6490,county_us_12103
city_us_6491,county_us_17193
city_us_6492,county_us_06047
city_us_6493,county_us_06013
city_us_6494,county_us_34041
city_us_6495,county_us_39153
city_us_6496,county_us_22009
city_us_6497,county_us_12081
city_us_6498,county_us_36103
city_us_6499,county_us_08035
city_us_6500,county_us_37035
city_us_6501,county_us_42071
city_us_6502,county_us_01067
city_us_6503,county_us_37027
city_us_6504,county_us_40019
city_us_6505,county_us_15003
city_us_6506,county_us_40099
city_us_6507,county_us_04019
city_us_6508,county_us_42079
city_us_6509,county_us_40151
city_us_6510,county_us_22019
city_us_6511,county_us_48287
city_us_6512,county_us_18169
city_us_6513,county_us_08117
city_us_6514,county_us_12033
city_us_6515,county_us_06033
city_us_6516,county_us_36119
city_us_6517,county_us_13297
city_us_6518,county_us_19193
city_us_6519,county_us_06005
city_us_6520,county_us_45063
city_us_6521,county_us_37007
city_us_6522,county_us_06039
city_us_6523,county_us_34029
city_us_6524,county_us_05053
city_us_6525,county_us_24031
city_us_6526,county_us_37147
city_us_6527,county_us_08059
city_us_6528,county_us_17031
city_us_6529,county_us_42091
city_us_6530,county_us_35061
city_us_6531,county_us_09140
city_us_6532,county_us_27003
city_us_6533,county_us_51179
city_us_6534,county_us_55049
city_us_6535,county_us_37081
city_us_6536,county_us_01051
city_us_6537,county_us_24021
city_us_6538,county_us_06057
city_us_6539,county_us_06107
city_us_6540,county_us_04003
city_us_6541,county_us_28095
city_us_6542,county_us_13001
city_us_6543,county_us_06045
city_us_6544,county_us_04013
city_us_6545,county_us_29186
city_us_6546,county_us_51087
city_us_6547,county_us_42021
city_us_6548,county_us_06109
city_us_6549,county_us_12051
city_us_6550,county_us_42133
city_us_6551,county_us_01051
city_us_6552,county_us_34007
city_us_6553,county_us_24003
city_us_6554,county_us_42049
city_us_6555,county_us_53025
city_us_6556,county_us_48121
city_us_6557,county_us_48005
city_us_6558,county_us_34025
city_us_6559,county_us_39139
city_us_6560,county_us_22121
city_us_6561,county_us_19011
city_us_6562,county_us_30029
city_us_6563,county_us_26163
city_us_6564,county_us_47185
city_us_6565,county_us_24033
city_us_6566,county_us_36059
city_us_6567,county_us_40073
city_us_6568,county_us_06023
city_us_6569,county_us_47021
city_us_6570,county_us_38101
city_us_6571,county_us_20121
city_us_6572,county_us_17183
city_us_6573,county_us_48085
city_us_6574,county_us_37125
city_us_6575,county_us_18095
city_us_6576,county_us_06019
city_us_6577,county_us_39151
city_us_6578,county_us_37027
city_us_6579,county_us_36067
city_us_6580,county_us_34037
city_us_6581,county_us_34003
city_us_6582,county_us_19145
city_us_6583,county_us_12021
city_us_6584,county_us_53065
city_us_6585,county_us_06099
city_us_6586,county_us_09170
city_us_6587,county_us_42079
city_us_6588,county_us_39025
city_us_6589,county_us_47037
city_us_6590,county_us_17031
city_us_6591,county_us_34029
city_us_6592,county_us_51137
city_us_6593,county_us_42091
city_us_6594,county_us_55101
city_us_6595,county_us_51067
city_us_6596,county_us_48215
city_us_6597,county_us_35061
city_us_6598,county_us_13223
city_us_6599,county_us_13015
city_us_6600,county_us_28081
city_us_6601,county_us_27133
city_us_6602,county_us_53063
city_us_6603,county_us_13019
city_us_6604,county_us_26075
city_us_6605,county_us_48121
city_us_6606,county_us_01045
city_us_6607,county_us_29189
city_us_6608,county_us_27095
city_us_6609,county_us_12049
city_us_6610,county_us_27141
city_us_6611,county_us_19165
city_us_6612,county_us_06071
city_us_6613,county_us_37101
city_us_6614,county_us_45001
city_us_6615,county_us_48459
city_us_6616,county_us_27025
city_us_6617,county_us_45079
city_us_6618,county_us_42033
city_us_6619,county_us_09110
city_us_6620,county_us_12091
city_us_6621,county_us_48127
city_us_6622,county_us_55021
city_us_6623,county_us_34005
city_us_6624,county_us_12061
city_us_6625,county_us_36053
city_us_6626,county_us_39061
city_us_6627,county_us_12105
city_us_6628,county_us_54057
city_us_6629,county_us_48499
city_us_6630,county_us_16011
city_us_6631,county_us_53047
city_us_6632,county_us_12109
city_us_6633,county_us_02185
city_us_6634,county_us_37129
city_us_6635,county_us_29187
city_us_6636,county_us_08045
city_us_6637,county_us_01115
city_us_6638,county_us_37077
city_us_6639,county_us_42003
city_us_6640,county_us_22051
city_us_6641,county_us_12061
city_us_6642,county_us_13023
city_us_6643,county_us_34025
city_us_6644,county_us_34019
city_us_6645,county_us_30021
city_us_6646,county_us_28079
city_us_6647,county_us_35045
city_us_6648,county_us_12115
city_us_6649,county_us_33011
city_us_6650,county_us_27139
city_us_6651,county_us_42043
city_us_6652,county_us_08041
city_us_6653,county_us_22019
city_us_6654,county_us_48181
city_us_6655,county_us_19103
city_us_6656,county_us_53053
city_us_6657,county_us_20045
city_us_6658,county_us_04017
city_us_6659,county_us_34033
city_us_6660,county_us_37091
city_us_6661,county_us_13213
city_us_6662,county_us_42091
city_us_6663,county_us_35061
city_us_6664,county_us_34035
city_us_6665,county_us_51139
city_us_6666,county_us_17031
city_us_6667,county_us_24011
city_us_6668,county_us_31101
city_us_6669,county_us_35045
city_us_6670,county_us_05131
city_us_6671,county_us_08037
city_us_6672,county_us_01093
city_us_6673,county_us_31155
city_us_6674,county_us_06065
city_us_6675,county_us_12109
city_us_6676,county_us_12099
city_us_6677,county_us_12017
city_us_6678,county_us_29219
city_us_6679,county_us_34003
city_us_6680,county_us_51099
city_us_6681,county_us_01115
city_us_6682,county_us_22041
city_us_6683,county_us_18165
city_us_6684,county_us_28029
city_us_6685,county_us_42077
city_us_6686,county_us_49025
city_us_6687,county_us_13029
city_us_6688,county_us_56043
city_us_6689,county_us_12115
city_us_6690,county_us_21001
city_us_6691,county_us_40015
city_us_6692,county_us_42017
city_us_6693,county_us_22045
city_us_6694,county_us_30081
city_us_6695,county_us_05003
city_us_6696,county_us_26139
city_us_6697,county_us_17031
city_us_6698,county_us_22073
city_us_6699,county_us_34027
city_us_6700,county_us_36059
city_us_6701,county_us_36103
city_us_6702,county_us_12069
city_us_6703,county_us_36103
city_us_6704,county_us_36015
city_us_6705,county_us_27163
city_us_6706,county_us_36059
city_us_6707,county_us_34029
city_us_6708,county_us_15003
city_us_6709,county_us_42121
city_us_6710,county_us_24003
city_us_6711,county_us_12053
city_us_6712,county_us_26031
city_us_6713,county_us_39095
city_us_6714,county_us_47119
city_us_6715,county_us_29165
city_us_6716,county_us_42001
city_us_6717,county_us_26037
city_us_6718,county_us_42129
city_us_6719,county_us_42003
city_us_6720,county_us_29107
city_us_6721,county_us_19091
city_us_6722,county_us_36051
city_us_6723,county_us_17191
city_us_6724,county_us_37057
city_us_6725,county_us_29071
city_us_6726,county_us_39095
city_us_6727,county_us_36103
city_us_6728,county_us_27033
city_us_6729,county_us_34003
city_us_6730,county_us_29099
city_us_6731,county_us_22033
city_us_6732,county_us_06097
city_us_6733,county_us_47037
city_us_6734,county_us_09130
city_us_6735,county_us_01015
city_us_6736,county_us_37047
city_us_6737,county_us_42133
city_us_6738,county_us_27137
city_us_6739,county_us_47149
city_us_6740,county_us_12009
city_us_6741,county_us_27165
city_us_6742,county_us_06081
city_us_6743,county_us_21157
city_us_6744,county_us_22087
city_us_6745,county_us_24001
city_us_6746,county_us_35061
city_us_6747,county_us_36087
city_us_6748,county_us_20209
city_us_6749,county_us_01121
city_us_6750,county_us_22119
city_us_6751,county_us_42003
city_us_6752,county_us_29029
city_us_6753,county_us_17037
city_us_6754,county_us_47069
city_us_6755,county_us_12005
city_us_6756,county_us_48121
city_us_6757,county_us_29019
city_us_6758,county_us_29189
city_us_6759,county_us_27131
city_us_6760,county_us_17007
city_us_6761,county_us_42081
city_us_6762,county_us_39029
city_us_6763,county_us_21145
city_us_6764,county_us_29099
city_us_6765,county_us_48157
city_us_6766,county_us_01025
city_us_6767,county_us_25021
city_us_6768,county_us_39109
city_us_6769,county_us_22101
city_us_6770,county_us_36067
city_us_6771,county_us_06083
city_us_6772,county_us_48039
city_us_6773,county_us_27019
city_us_6774,county_us_06067
city_us_6775,county_us_54091
city_us_6776,county_us_15003
city_us_6777,county_us_17041
city_us_6778,county_us_48441
city_us_6779,county_us_24003
city_us_6780,county_us_12101
city_us_6781,county_us_42081
city_us_6782,county_us_06057
city_us_6783,county_us_42091
city_us_6784,county_us_17025
city_us_6785,county_us_48439
city_us_6786,county_us_37167
city_us_6787,county_us_24035
city_us_6788,county_us_36059
city_us_6789,county_us_17111
city_us_6790,county_us_16083
city_us_6791,county_us_17179
city_us_6792,county_us_36119
city_us_6793,county_us_55133
city_us_6794,county_us_51179
city_us_6795,county_us_53053
city_us_6796,county_us_29133
city_us_6797,county_us_51117
city_us_6798,county_us_17163
city_us_6799,county_us_37023
city_us_6800,county_us_37021
city_us_6801,county_us_19163
city_us_6802,county_us_37025
city_us_6803,county_us_22031
city_us_6804,county_us_29065
city_us_6805,county_us_51061
city_us_6806,county_us_55127
city_us_6807,county_us_18099
city_us_6808,county_us_42133
city_us_6809,county_us_13047
city_us_6810,county_us_42079
city_us_6811,county_us_42041
city_us_6812,county_us_48027
city_us_6813,county_us_25005
city_us_6814,county_us_49049
city_us_6815,county_us_31081
city_us_6816,county_us_18135
city_us_6817,county_us_21111
city_us_6818,county_us_34029
city_us_6819,county_us_24005
city_us_6820,county_us_29099
city_us_6821,county_us_15007
city_us_6822,county_us_26103
city_us_6823,county_us_13121
city_us_6824,county_us_13137
city_us_6825,county_us_21145
city_us_6826,county_us_34025
city_us_6827,county_us_36087
city_us_6828,county_us_37019
city_us_6829,county_us_45011
city_us_6830,county_us_33011
city_us_6831,county_us_06053
city_us_6832,county_us_04019
city_us_6833,county_us_39027
city_us_6834,county_us_27171
city_us_6835,county_us_34007
city_us_6836,county_us_48121
city_us_6837,county_us_25023
city_us_6838,county_us_26075
city_us_6839,county_us_48169
city_us_6840,county_us_47073
city_us_6841,county_us_15007
city_us_6842,county_us_13105
city_us_6843,county_us_48037
city_us_6844,county_us_21111
city_us_6845,county_us_37045
city_us_6846,county_us_27027
city_us_6847,county_us_41005
city_us_6848,county_us_34025
city_us_6849,county_us_36103
city_us_6850,county_us_28067
city_us_6851,county_us_37085
city_us_6852,county_us_13051
city_us_6853,county_us_48299
city_us_6854,county_us_22037
city_us_6855,county_us_53077
city_us_6856,county_us_17111
city_us_6857,county_us_42091
city_us_6858,county_us_51043
city_us_6859,county_us_36043
city_us_6860,county_us_28121
city_us_6861,county_us_29107
city_us_6862,county_us_36067
city_us_6863,county_us_06071
city_us_6864,county_us_42071
city_us_6865,county_us_34007
city_us_6866,county_us_24037
city_us_6867,county_us_55083
city_us_6868,county_us_29213
city_us_6869,county_us_39061
city_us_6870,county_us_51015
city_us_6871,county_us_21019
city_us_6872,county_us_39129
city_us_6873,county_us_08005
city_us_6874,county_us_42075
city_us_6875,county_us_06039
city_us_6876,county_us_17117
city_us_6877,county_us_16083
city_us_6878,county_us_12053
city_us_6879,county_us_28153
city_us_6880,county_us_18043
city_us_6881,county_us_18089
city_us_6882,county_us_13211
city_us_6883,county_us_16077
city_us_6884,county_us_30063
city_us_6885,county_us_37151
city_us_6886,county_us_13135
city_us_6887,county_us_29019
city_us_6888,county_us_37109
city_us_6889,county_us_37093
city_us_6890,county_us_39049
city_us_6891,county_us_13115
city_us_6892,county_us_27145
city_us_6893,county_us_06019
city_us_6894,county_us_53061
city_us_6895,county_us_12093
city_us_6896,county_us_17031
city_us_6897,county_us_37085
city_us_6898,county_us_06019
city_us_6899,county_us_12087
city_us_6900,county_us_05051
city_us_6901,county_us_39155
city_us_6902,county_us_06029
city_us_6903,county_us_36101
city_us_6904,county_us_34041
city_us_6905,county_us_19013
city_us_6906,county_us_42125
city_us_6907,county_us_17197
city_us_6908,county_us_37021
city_us_6909,county_us_21145
city_us_6910,county_us_25005
city_us_6911,county_us_37037
city_us_6912,county_us_29047
city_us_6913,county_us_01117
city_us_6914,county_us_47035
city_us_6915,county_us_08117
city_us_6916,county_us_36053
city_us_6917,county_us_53015
city_us_6918,county_us_55135
city_us_6919,county_us_13207
city_us_6920,county_us_41051
city_us_6921,county_us_48005
city_us_6922,county_us_19045
city_us_6923,county_us_39015
city_us_6924,county_us_24033
city_us_6925,county_us_13049
city_us_6926,county_us_05149
city_us_6927,county_us_34039
city_us_6928,county_us_29013
city_us_6929,county_us_12115
city_us_6930,county_us_42017
city_us_6931,county_us_47147
city_us_6932,county_us_42043
city_us_6933,county_us_17167
city_us_6934,county_us_37031
city_us_6935,county_us_42011
city_us_6936,county_us_42025
city_us_6937,county_us_41005
city_us_6938,county_us_12089
city_us_6939,county_us_19113
city_us_6940,county_us_04025
city_us_6941,county_us_44007
city_us_6942,county_us_18039
city_us_6943,county_us_48395
city_us_6944,county_us_40103
city_us_6945,county_us_04025
city_us_6946,county_us_26061
city_us_6947,county_us_48215
city_us_6948,county_us_06073
city_us_6949,county_us_48029
city_us_6950,county_us_09180
city_us_6951,county_us_29135
city_us_6952,county_us_12009
city_us_6953,county_us_27003
city_us_6954,county_us_04025
city_us_6955,county_us_12015
city_us_6956,county_us_39025
city_us_6957,county_us_32007
city_us_6958,county_us_37041
city_us_6959,county_us_36001
city_us_6960,county_us_29109
city_us_6961,county_us_39107
city_us_6962,county_us_42069
city_us_6963,county_us_26123
city_us_6964,county_us_48121
city_us_6965,county_us_06077
city_us_6966,county_us_22077
city_us_6967,county_us_55079
city_us_6968,county_us_26161
city_us_6969,county_us_34001
city_us_6970,county_us_34007
city_us_6971,county_us_12087
city_us_6972,county_us_34027
city_us_6973,county_us_29027
city_us_6974,county_us_29229
city_us_6975,county_us_28057
city_us_6976,county_us_26125
city_us_6977,county_us_55123
city_us_6978,county_us_36087
city_us_6979,county_us_39033
city_us_6980,county_us_37071
city_us_6981,county_us_53063
city_us_6982,county_us_13147
city_us_6983,county_us_48313
city_us_6984,county_us_28071
city_us_6985,county_us_41019
city_us_6986,county_us_42091
city_us_6987,county_us_56019
city_us_6988,county_us_15003
city_us_6989,county_us_37147
city_us_6990,county_us_36103
city_us_6991,county_us_05125
city_us_6992,county_us_42127
city_us_6993,county_us_55073
city_us_6994,county_us_36103
city_us_6995,county_us_41031
city_us_6996,county_us_21177
city_us_6997,county_us_08035
city_us_6998,county_us_06033
city_us_6999,county_us_06071
city_us_7000,county_us_51185
city_us_7001,county_us_24035
city_us_7002,county_us_34015
city_us_7003,county_us_29189
city_us_7004,county_us_22015
city_us_7005,county_us_37159
city_us_7006,county_us_01055
city_us_7007,county_us_18167
city_us_7008,county_us_39137
city_us_7009,county_us_47109
city_us_7010,county_us_35001
city_us_7011,county_us_06045
city_us_7012,county_us_39051
city_us_7013,county_us_42003
city_us_7014,county_us_29123
city_us_7015,county_us_48479
city_us_7016,county_us_48505
city_us_7017,county_us_29131
city_us_7018,county_us_51143
city_us_7019,county_us_50019
city_us_7020,county_us_12053
city_us_7021,county_us_48437
city_us_7022,county_us_06107
city_us_7023,county_us_04001
city_us_7024,county_us_06081
city_us_7025,county_us_24031
city_us_7026,county_us_28097
city_us_7027,county_us_51199
city_us_7028,county_us_47179
city_us_7029,county_us_06081
city_us_7030,county_us_45091
city_us_7031,county_us_25023
city_us_7032,county_us_48501
city_us_7033,county_us_09180
city_us_7034,county_us_40137
city_us_7035,county_us_48149
city_us_7036,county_us_01115
city_us_7037,county_us_13063
city_us_7038,county_us_08043
city_us_7039,county_us_34029
city_us_7040,county_us_53033
city_us_7041,county_us_09140
city_us_7042,county_us_26005
city_us_7043,county_us_48321
city_us_7044,county_us_53077
city_us_7045,county_us_36059
city_us_7046,county_us_37087
city_us_7047,county_us_34025
city_us_7048,county_us_17139
city_us_7049,county_us_37031
city_us_7050,county_us_34013
city_us_7051,county_us_42007
city_us_7052,county_us_12105
city_us_7053,county_us_02122
city_us_7054,county_us_04007
city_us_7055,county_us_26125
city_us_7056,county_us_53061
city_us_7057,county_us_24015
city_us_7058,county_us_42129
city_us_7059,county_us_18113
city_us_7060,county_us_06081
city_us_7061,county_us_36119
city_us_7062,county_us_40125
city_us_7063,county_us_54011
city_us_7064,county_us_02122
city_us_7065,county_us_55111
city_us_7066,county_us_41071
city_us_7067,county_us_48451
city_us_7068,county_us_51059
city_us_7069,county_us_41029
city_us_7070,county_us_45091
city_us_7071,county_us_47017
city_us_7072,county_us_21117
city_us_7073,county_us_48201
city_us_7074,county_us_48063
city_us_7075,county_us_39007
city_us_7076,county_us_13055
city_us_7077,county_us_36119
city_us_7078,county_us_06109
city_us_7079,county_us_42107
city_us_7080,county_us_17027
city_us_7081,county_us_47165
city_us_7082,county_us_48325
city_us_7083,county_us_24033
city_us_7084,county_us_47025
city_us_7085,county_us_39127
city_us_7086,county_us_48021
city_us_7087,county_us_06031
city_us_7088,county_us_27053
city_us_7089,county_us_42011
city_us_7090,county_us_29201
city_us_7091,county_us_12095
city_us_7092,county_us_04025
city_us_7093,county_us_17075
city_us_7094,county_us_36107
city_us_7095,county_us_49053
city_us_7096,county_us_48203
city_us_7097,county_us_47009
city_us_7098,county_us_12113
city_us_7099,county_us_20015
city_us_7100,county_us_45007
city_us_7101,county_us_06029
city_us_7102,county_us_12073
city_us_7103,county_us_48247
city_us_7104,county_us_24001
city_us_7105,county_us_48409
city_us_7106,county_us_21117
city_us_7107,county_us_37193
city_us_7108,county_us_05045
city_us_7109,county_us_48047
city_us_7110,county_us_45019
city_us_7111,county_us_34015
city_us_7112,county_us_34025
city_us_7113,county_us_55093
city_us_7114,county_us_42011
city_us_7115,county_us_34007
city_us_7116,county_us_02016
city_us_7117,county_us_13273
city_us_7118,county_us_01133
city_us_7119,county_us_39093
city_us_7120,county_us_36027
city_us_7121,county_us_55131
city_us_7122,county_us_22113
city_us_7123,county_us_24033
city_us_7124,county_us_21003
city_us_7125,county_us_19169
city_us_7126,county_us_06107
city_us_7127,county_us_53035
city_us_7128,county_us_19069
city_us_7129,county_us_42003
city_us_7130,county_us_27159
city_us_7131,county_us_08037
city_us_7132,county_us_29077
city_us_7133,county_us_01073
city_us_7134,county_us_39015
city_us_7135,county_us_36103
city_us_7136,county_us_42003
city_us_7137,county_us_19061
city_us_7138,county_us_24047
city_us_7139,county_us_55119
city_us_7140,county_us_48323
city_us_7141,county_us_24031
city_us_7142,county_us_55057
city_us_7143,county_us_12047
city_us_7144,county_us_12005
city_us_7145,county_us_41019
city_us_7146,county_us_24013
city_us_7147,county_us_39165
city_us_7148,county_us_39049
city_us_7149,county_us_51059
city_us_7150,county_us_29189
city_us_7151,county_us_34021
city_us_7152,county_us_17031
city_us_7153,county_us_29011
city_us_7154,county_us_42027
city_us_7155,county_us_28099
city_us_7156,county_us_40079
city_us_7157,county_us_22087
city_us_7158,county_us_12103
city_us_7159,county_us_26157
city_us_7160,county_us_31109
city_us_7161,county_us_06099
city_us_7162,county_us_42107
city_us_7163,county_us_12071
city_us_7164,county_us_42017
city_us_7165,county_us_37191
city_us_7166,county_us_04017
city_us_7167,county_us_47085
city_us_7168,county_us_17197
city_us_7169,county_us_42077
city_us_7170,county_us_30013
city_us_7171,county_us_42085
city_us_7172,county_us_55109
city_us_7173,county_us_48467
city_us_7174,county_us_18081
city_us_7175,county_us_32003
city_us_7176,county_us_21115
city_us_7177,county_us_34015
city_us_7178,county_us_26021
city_us_7179,county_us_55089
city_us_7180,county_us_53053
city_us_7181,county_us_12061
city_us_7182,county_us_39009
city_us_7183,county_us_53007
city_us_7184,county_us_34025
city_us_7185,county_us_24033
city_us_7186,county_us_53061
city_us_7187,county_us_01057
city_us_7188,county_us_12061
city_us_7189,county_us_55063
city_us_7190,county_us_28131
city_us_7191,county_us_42093
city_us_7192,county_us_05081
city_us_7193,county_us_34005
city_us_7194,county_us_45083
city_us_7195,county_us_26137
city_us_7196,county_us_12099
city_us_7197,county_us_42011
city_us_7198,county_us_05085
city_us_7199,county_us_42017
city_us_7200,county_us_17181
city_us_7201,county_us_26015
city_us_7202,county_us_13015
city_us_7203,county_us_20121
city_us_7204,county_us_19189
city_us_7205,county_us_34031
city_us_7206,county_us_40037
city_us_7207,county_us_42085
city_us_7208,county_us_36067
city_us_7209,county_us_17143
city_us_7210,county_us_26081
city_us_7211,county_us_05063
city_us_7212,county_us_30049
city_us_7213,county_us_42011
city_us_7214,county_us_18153
city_us_7215,county_us_42079
city_us_7216,county_us_42129
city_us_7217,county_us_42079
city_us_7218,county_us_36015
city_us_7219,county_us_20167
city_us_7220,county_us_42011
city_us_7221,county_us_39071
city_us_7222,county_us_39113
city_us_7223,county_us_37133
city_us_7224,county_us_01061
city_us_7225,county_us_42055
city_us_7226,county_us_12081
city_us_7227,county_us_34003
city_us_7228,county_us_42011
city_us_7229,county_us_22015
city_us_7230,county_us_42045
city_us_7231,county_us_45091
city_us_7232,county_us_56021
city_us_7233,county_us_36059
city_us_7234,county_us_17053
city_us_7235,county_us_39093
city_us_7236,county_us_01073
city_us_7237,county_us_06097
city_us_7238,county_us_51107
city_us_7239,county_us_36029
city_us_7240,county_us_13287
city_us_7241,county_us_40089
city_us_7242,county_us_48201
city_us_7243,county_us_42125
city_us_7244,county_us_53035
city_us_7245,county_us_41047
city_us_7246,county_us_13279
city_us_7247,county_us_56025
city_us_7248,county_us_37161
city_us_7249,county_us_12101
city_us_7250,county_us_27049
city_us_7251,county_us_36111
city_us_7252,county_us_48237
city_us_7253,county_us_42011
city_us_7254,county_us_37019
city_us_7255,county_us_53011
city_us_7256,county_us_17101
city_us_7257,county_us_27079
city_us_7258,county_us_38015
city_us_7259,county_us_48093
city_us_7260,county_us_12071
city_us_7261,county_us_05051
city_us_7262,county_us_42031
city_us_7263,county_us_42011
city_us_7264,county_us_19117
city_us_7265,county_us_17163
city_us_7266,county_us_12111
city_us_7267,county_us_47053
city_us_7268,county_us_08105
city_us_7269,county_us_48015
city_us_7270,county_us_47065
city_us_7271,county_us_53015
city_us_7272,county_us_22073
city_us_7273,county_us_36033
city_us_7274,county_us_12005
city_us_7275,county_us_42125
city_us_7276,county_us_20149
city_us_7277,county_us_19073
city_us_7278,county_us_37019
city_us_7279,county_us_09120
city_us_7280,county_us_51003
city_us_7281,county_us_40027
city_us_7282,county_us_32015
city_us_7283,county_us_39097
city_us_7284,county_us_39099
city_us_7285,county_us_37113
city_us_7286,county_us_22001
city_us_7287,county_us_35035
city_us_7288,county_us_18073
city_us_7289,county_us_34027
city_us_7290,county_us_27003
city_us_7291,county_us_27145
city_us_7292,county_us_02090
city_us_7293,county_us_45051
city_us_7294,county_us_34005
city_us_7295,county_us_13227
city_us_7296,county_us_23001
city_us_7297,county_us_53045
city_us_7298,county_us_49029
city_us_7299,county_us_12119
city_us_7300,county_us_45083
city_us_7301,county_us_27117
city_us_7302,county_us_36059
city_us_7303,county_us_39061
city_us_7304,county_us_48069
city_us_7305,county_us_51165
city_us_7306,county_us_26147
city_us_7307,county_us_13295
city_us_7308,county_us_42133
city_us_7309,county_us_27057
city_us_7310,county_us_27163
city_us_7311,county_us_09150
city_us_7312,county_us_20091
city_us_7313,county_us_38099
city_us_7314,county_us_42081
city_us_7315,county_us_42125
city_us_7316,county_us_39061
city_us_7317,county_us_17173
city_us_7318,county_us_05061
city_us_7319,county_us_48091
city_us_7320,county_us_17099
city_us_7321,county_us_20027
city_us_7322,county_us_39131
city_us_7323,county_us_17149
city_us_7324,county_us_29163
city_us_7325,county_us_01047
city_us_7326,county_us_42125
city_us_7327,county_us_34005
city_us_7328,county_us_12015
city_us_7329,county_us_18081
city_us_7330,county_us_37081
city_us_7331,county_us_29115
city_us_7332,county_us_42129
city_us_7333,county_us_36071
city_us_7334,county_us_26121
city_us_7335,county_us_48013
city_us_7336,county_us_34025
city_us_7337,county_us_06073
city_us_7338,county_us_15001
city_us_7339,county_us_22049
city_us_7340,county_us_36027
city_us_7341,county_us_42071
city_us_7342,county_us_20189
city_us_7343,county_us_39051
city_us_7344,county_us_17097
city_us_7345,county_us_06073
city_us_7346,county_us_39113
city_us_7347,county_us_48181
city_us_7348,county_us_42025
city_us_7349,county_us_26121
city_us_7350,county_us_12095
city_us_7351,county_us_26081
city_us_7352,county_us_34019
city_us_7353,county_us_06077
city_us_7354,county_us_49047
city_us_7355,county_us_26049
city_us_7356,county_us_48369
city_us_7357,county_us_22127
city_us_7358,county_us_31147
city_us_7359,county_us_53027
city_us_7360,county_us_20171
city_us_7361,county_us_48051
city_us_7362,county_us_17167
city_us_7363,county_us_27137
city_us_7364,county_us_29101
city_us_7365,county_us_19153
city_us_7366,county_us_39035
city_us_7367,county_us_36059
city_us_7368,county_us_48339
city_us_7369,county_us_27169
city_us_7370,county_us_42089
city_us_7371,county_us_17157
city_us_7372,county_us_24043
city_us_7373,county_us_45073
city_us_7374,county_us_53033
city_us_7375,county_us_42089
city_us_7376,county_us_22059
city_us_7377,county_us_29189
city_us_7378,county_us_55079
city_us_7379,county_us_17097
city_us_7380,county_us_28105
city_us_7381,county_us_08013
city_us_7382,county_us_34037
city_us_7383,county_us_51041
city_us_7384,county_us_37049
city_us_7385,county_us_26005
city_us_7386,county_us_34027
city_us_7387,county_us_53053
city_us_7388,county_us_04017
city_us_7389,county_us_06073
city_us_7390,county_us_42011
city_us_7391,county_us_49005
city_us_7392,county_us_48139
city_us_7393,county_us_42071
city_us_7394,county_us_26121
city_us_7395,county_us_26125
city_us_7396,county_us_25001
city_us_7397,county_us_13161
city_us_7398,county_us_45007
city_us_7399,county_us_12103
city_us_7400,county_us_42103
city_us_7401,county_us_39025
city_us_7402,county_us_45075
city_us_7403,county_us_48215
city_us_7404,county_us_26147
city_us_7405,county_us_54053
city_us_7406,county_us_35043
city_us_7407,county_us_09120
city_us_7408,county_us_42011
city_us_7409,county_us_17203
city_us_7410,county_us_36071
city_us_7411,county_us_04017
city_us_7412,county_us_42069
city_us_7413,county_us_24015
city_us_7414,county_us_37179
city_us_7415,county_us_10001
city_us_7416,county_us_05031
city_us_7417,county_us_45083
city_us_7418,county_us_55025
city_us_7419,county_us_13027
city_us_7420,county_us_39029
city_us_7421,county_us_42011
city_us_7422,county_us_08059
city_us_7423,county_us_19167
city_us_7424,county_us_01073
city_us_7425,county_us_36109
city_us_7426,county_us_34023
city_us_7427,county_us_17163
city_us_7428,county_us_19105
city_us_7429,county_us_48215
city_us_7430,county_us_21081
city_us_7431,county_us_22105
city_us_7432,county_us_24033
city_us_7433,county_us_48257
city_us_7434,county_us_17031
city_us_7435,county_us_37089
city_us_7436,county_us_39061
city_us_7437,county_us_37171
city_us_7438,county_us_01113
city_us_7439,county_us_51153
city_us_7440,county_us_17163
city_us_7441,county_us_17031
city_us_7442,county_us_12091
city_us_7443,county_us_34031
city_us_7444,county_us_29165
city_us_7445,county_us_55015
city_us_7446,county_us_06071
city_us_7447,county_us_39061
city_us_7448,county_us_37019
city_us_7449,county_us_54039
city_us_7450,county_us_42047
city_us_7451,county_us_45067
city_us_7452,county_us_54061
city_us_7453,county_us_41011
city_us_7454,county_us_42029
city_us_7455,county_us_13235
city_us_7456,county_us_17097
city_us_7457,county_us_09110
city_us_7458,county_us_47179
city_us_7459,county_us_37101
city_us_7460,county_us_06013
city_us_7461,county_us_51059
city_us_7462,county_us_35061
city_us_7463,county_us_26159
city_us_7464,county_us_46127
city_us_7465,county_us_05125
city_us_7466,county_us_22029
city_us_7467,county_us_37125
city_us_7468,county_us_45007
city_us_7469,county_us_17031
city_us_7470,county_us_39061
city_us_7471,county_us_47093
city_us_7472,county_us_39081
city_us_7473,county_us_06037
city_us_7474,county_us_13295
city_us_7475,county_us_48029
city_us_7476,county_us_48439
city_us_7477,county_us_26163
city_us_7478,county_us_27169
city_us_7479,county_us_29029
city_us_7480,county_us_10001
city_us_7481,county_us_13043
city_us_7482,county_us_42091
city_us_7483,county_us_48021
city_us_7484,county_us_28127
city_us_7485,county_us_42065
city_us_7486,county_us_39023
city_us_7487,county_us_48083
city_us_7488,county_us_01089
city_us_7489,county_us_27163
city_us_7490,county_us_40109
city_us_7491,county_us_37071
city_us_7492,county_us_18029
city_us_7493,county_us_25001
city_us_7494,county_us_39055
city_us_7495,county_us_05041
city_us_7496,county_us_42019
city_us_7497,county_us_27163
city_us_7498,county_us_18053
city_us_7499,county_us_17141
city_us_7500,county_us_12105
city_us_7501,county_us_36091
city_us_7502,county_us_15007
city_us_7503,county_us_17163
city_us_7504,county_us_17161
city_us_7505,county_us_30001
city_us_7506,county_us_32033
city_us_7507,county_us_42017
city_us_7508,county_us_06073
city_us_7509,county_us_06089
city_us_7510,county_us_39155
city_us_7511,county_us_10005
city_us_7512,county_us_25023
city_us_7513,county_us_42059
city_us_7514,county_us_22101
city_us_7515,county_us_46099
city_us_7516,county_us_48335
city_us_7517,county_us_26005
city_us_7518,county_us_48021
city_us_7519,county_us_35049
city_us_7520,county_us_18093
city_us_7521,county_us_42001
city_us_7522,county_us_47141
city_us_7523,county_us_12071
city_us_7524,county_us_31047
city_us_7525,county_us_29189
city_us_7526,county_us_21079
city_us_7527,county_us_36071
city_us_7528,county_us_29161
city_us_7529,county_us_06099
city_us_7530,county_us_28151
city_us_7531,county_us_17023
city_us_7532,county_us_34007
city_us_7533,county_us_02063
city_us_7534,county_us_12081
city_us_7535,county_us_24037
city_us_7536,county_us_41067
city_us_7537,county_us_12103
city_us_7538,county_us_17019
city_us_7539,county_us_24017
city_us_7540,county_us_01097
city_us_7541,county_us_42111
city_us_7542,county_us_40095
city_us_7543,county_us_39171
city_us_7544,county_us_36119
city_us_7545,county_us_18001
city_us_7546,county_us_42005
city_us_7547,county_us_51187
city_us_7548,county_us_22079
city_us_7549,county_us_24025
city_us_7550,county_us_17195
city_us_7551,county_us_54041
city_us_7552,county_us_47133
city_us_7553,county_us_17119
city_us_7554,county_us_36067
city_us_7555,county_us_55043
city_us_7556,county_us_48215
city_us_7557,county_us_27003
city_us_7558,county_us_55101
city_us_7559,county_us_39057
city_us_7560,county_us_42091
city_us_7561,county_us_06111
city_us_7562,county_us_10001
city_us_7563,county_us_31095
city_us_7564,county_us_34025
city_us_7565,county_us_05007
city_us_7566,county_us_25001
city_us_7567,county_us_21081
city_us_7568,county_us_17163
city_us_7569,county_us_15003
city_us_7570,county_us_48157
city_us_7571,county_us_36059
city_us_7572,county_us_42021
city_us_7573,county_us_27163
city_us_7574,county_us_48133
city_us_7575,county_us_20021
city_us_7576,county_us_08043
city_us_7577,county_us_19089
city_us_7578,county_us_13151
city_us_7579,county_us_24045
city_us_7580,county_us_51193
city_us_7581,county_us_42095
city_us_7582,county_us_17163
city_us_7583,county_us_42077
city_us_7584,county_us_42097
city_us_7585,county_us_48257
city_us_7586,county_us_10001
city_us_7587,county_us_42007
city_us_7588,county_us_17031
city_us_7589,county_us_54025
city_us_7590,county_us_42029
city_us_7591,county_us_21041
city_us_7592,county_us_04001
city_us_7593,county_us_37141
city_us_7594,county_us_15009
city_us_7595,county_us_42017
city_us_7596,county_us_01001
city_us_7597,county_us_47043
city_us_7598,county_us_15001
city_us_7599,county_us_42129
city_us_7600,county_us_39013
city_us_7601,county_us_55071
city_us_7602,county_us_08043
city_us_7603,county_us_13085
city_us_7604,county_us_42019
city_us_7605,county_us_12095
city_us_7606,county_us_06077
city_us_7607,county_us_37031
city_us_7608,county_us_13245
city_us_7609,county_us_04011
city_us_7610,county_us_21071
city_us_7611,county_us_06029
city_us_7612,county_us_17031
city_us_7613,county_us_45027
city_us_7614,county_us_39061
city_us_7615,county_us_42091
city_us_7616,county_us_42107
city_us_7617,county_us_55009
city_us_7618,county_us_06077
city_us_7619,county_us_42125
city_us_7620,county_us_36071
city_us_7621,county_us_17115
city_us_7622,county_us_45083
city_us_7623,county_us_40109
city_us_7624,county_us_54035
city_us_7625,county_us_27053
city_us_7626,county_us_27019
city_us_7627,county_us_48037
city_us_7628,county_us_51153
city_us_7629,county_us_04027
city_us_7630,county_us_48059
city_us_7631,county_us_08089
city_us_7632,county_us_09120
city_us_7633,county_us_42133
city_us_7634,county_us_18149
city_us_7635,county_us_22073
city_us_7636,county_us_06017
city_us_7637,county_us_42133
city_us_7638,county_us_21043
city_us_7639,county_us_39153
city_us_7640,county_us_25011
city_us_7641,county_us_55109
city_us_7642,county_us_36087
city_us_7643,county_us_45083
city_us_7644,county_us_35001
city_us_7645,county_us_17111
city_us_7646,county_us_15001
city_us_7647,county_us_47095
city_us_7648,county_us_34009
city_us_7649,county_us_27049
city_us_7650,county_us_41049
city_us_7651,county_us_06033
city_us_7652,county_us_36079
city_us_7653,county_us_39061
city_us_7654,county_us_26029
city_us_7655,county_us_19139
city_us_7656,county_us_48201
city_us_7657,county_us_05083
city_us_7658,county_us_06009
city_us_7659,county_us_55025
city_us_7660,county_us_06085
city_us_7661,county_us_19005
city_us_7662,county_us_12099
city_us_7663,county_us_48061
city_us_7664,county_us_34029
city_us_7665,county_us_13137
city_us_7666,county_us_26067
city_us_7667,county_us_08037
city_us_7668,county_us_18063
city_us_7669,county_us_17105
city_us_7670,county_us_20181
city_us_7671,county_us_05041
city_us_7672,county_us_06107
city_us_7673,county_us_48141
city_us_7674,county_us_26065
city_us_7675,county_us_41019
city_us_7676,county_us_40101
city_us_7677,county_us_36029
city_us_7678,county_us_17131
city_us_7679,county_us_42079
city_us_7680,county_us_30003
city_us_7681,county_us_06027
city_us_7682,county_us_47171
city_us_7683,county_us_48131
city_us_7684,county_us_34007
city_us_7685,county_us_47151
city_us_7686,county_us_48113
city_us_7687,county_us_17157
city_us_7688,county_us_17165
city_us_7689,county_us_22089
city_us_7690,county_us_55027
city_us_7691,county_us_12071
city_us_7692,county_us_29069
city_us_7693,county_us_42071
city_us_7694,county_us_06029
city_us_7695,county_us_34019
city_us_7696,county_us_56021
city_us_7697,county_us_25001
city_us_7698,county_us_39061
city_us_7699,county_us_48467
city_us_7700,county_us_45027
city_us_7701,county_us_24043
city_us_7702,county_us_06041
city_us_7703,county_us_24033
city_us_7704,county_us_36071
city_us_7705,county_us_19155
city_us_7706,county_us_37027
city_us_7707,county_us_27171
city_us_7708,county_us_27049
city_us_7709,county_us_55101
city_us_7710,county_us_06065
city_us_7711,county_us_55017
city_us_7712,county_us_10001
city_us_7713,county_us_36103
city_us_7714,county_us_36087
city_us_7715,county_us_12113
city_us_7716,county_us_53061
city_us_7717,county_us_26021
city_us_7718,county_us_26005
city_us_7719,county_us_41017
city_us_7720,county_us_20113
city_us_7721,county_us_36029
city_us_7722,county_us_28017
city_us_7723,county_us_37133
city_us_7724,county_us_34021
city_us_7725,county_us_47011
city_us_7726,county_us_01003
city_us_7727,county_us_24033
city_us_7728,county_us_26077
city_us_7729,county_us_48397
city_us_7730,county_us_02170
city_us_7731,county_us_17167
city_us_7732,county_us_39025
city_us_7733,county_us_09110
city_us_7734,county_us_18043
city_us_7735,county_us_01015
city_us_7736,county_us_36067
city_us_7737,county_us_06019
city_us_7738,county_us_13317
city_us_7739,county_us_06109
city_us_7740,county_us_36091
city_us_7741,county_us_17099
city_us_7742,county_us_36103
city_us_7743,county_us_39057
city_us_7744,county_us_17141
city_us_7745,county_us_12069
city_us_7746,county_us_45053
city_us_7747,county_us_06013
city_us_7748,county_us_47101
city_us_7749,county_us_45083
city_us_7750,county_us_24031
city_us_7751,county_us_40001
city_us_7752,county_us_16085
city_us_7753,county_us_17105
city_us_7754,county_us_16043
city_us_7755,county_us_36119
city_us_7756,county_us_47001
city_us_7757,county_us_37035
city_us_7758,county_us_26099
city_us_7759,county_us_18173
city_us_7760,county_us_06099
city_us_7761,county_us_06019
city_us_7762,county_us_36071
city_us_7763,county_us_13179
city_us_7764,county_us_39153
city_us_7765,county_us_27053
city_us_7766,county_us_48323
city_us_7767,county_us_06065
city_us_7768,county_us_48439
city_us_7769,county_us_48283
city_us_7770,county_us_06009
city_us_7771,county_us_39013
city_us_7772,county_us_25001
city_us_7773,county_us_37027
city_us_7774,county_us_02180
city_us_7775,county_us_37001
city_us_7776,county_us_37047
city_us_7777,county_us_48085
city_us_7778,county_us_19135
city_us_7779,county_us_21089
city_us_7780,county_us_20079
city_us_7781,county_us_39061
city_us_7782,county_us_06017
city_us_7783,county_us_06115
city_us_7784,county_us_06087
city_us_7785,county_us_12115
city_us_7786,county_us_29189
city_us_7787,county_us_42029
city_us_7788,county_us_06073
city_us_7789,county_us_26087
city_us_7790,county_us_42029
city_us_7791,county_us_17097
city_us_7792,county_us_36059
city_us_7793,county_us_55005
city_us_7794,county_us_37071
city_us_7795,county_us_37055
city_us_7796,county_us_28123
city_us_7797,county_us_37097
city_us_7798,county_us_12103
city_us_7799,county_us_37003
city_us_7800,county_us_23031
city_us_7801,county_us_48089
city_us_7802,county_us_12053
city_us_7803,county_us_53011
city_us_7804,county_us_27065
city_us_7805,county_us_42071
city_us_7806,county_us_36083
city_us_7807,county_us_13073
city_us_7808,county_us_06083
city_us_7809,county_us_36103
city_us_7810,county_us_34033
city_us_7811,county_us_55017
city_us_7812,county_us_37049
city_us_7813,county_us_39061
city_us_7814,county_us_48201
city_us_7815,county_us_37081
city_us_7816,county_us_18039
city_us_7817,county_us_21037
city_us_7818,county_us_49039
city_us_7819,county_us_42011
city_us_7820,county_us_37193
city_us_7821,county_us_09120
city_us_7822,county_us_42003
city_us_7823,county_us_36065
city_us_7824,county_us_16047
city_us_7825,county_us_48453
city_us_7826,county_us_19147
city_us_7827,county_us_04013
city_us_7828,county_us_37161
city_us_7829,county_us_47005
city_us_7830,county_us_36055
city_us_7831,county_us_55121
city_us_7833,county_us_48215
city_us_7834,county_us_01125
city_us_7835,county_us_18077
city_us_7836,county_us_41043
city_us_7837,county_us_37159
city_us_7838,county_us_34029
city_us_7839,county_us_45007
city_us_7840,county_us_48293
city_us_7841,county_us_27153
city_us_7842,county_us_12053
city_us_7843,county_us_37051
city_us_7844,county_us_05085
city_us_7845,county_us_05093
city_us_7846,county_us_21185
city_us_7847,county_us_34015
city_us_7848,county_us_01025
city_us_7849,county_us_48491
city_us_7850,county_us_21137
city_us_7851,county_us_53033
city_us_7852,county_us_36067
city_us_7853,county_us_12113
city_us_7854,county_us_18003
city_us_7855,county_us_12021
city_us_7856,county_us_24033
city_us_7857,county_us_42103
city_us_7858,county_us_49043
city_us_7859,county_us_26081
city_us_7860,county_us_49029
city_us_7861,county_us_12133
city_us_7862,county_us_39097
city_us_7863,county_us_53053
city_us_7864,county_us_26021
city_us_7865,county_us_48039
city_us_7866,county_us_42045
city_us_7867,county_us_16067
city_us_7868,county_us_23031
city_us_7869,county_us_29189
city_us_7870,county_us_34009
city_us_7871,county_us_55139
city_us_7872,county_us_53061
city_us_7873,county_us_06103
city_us_7874,county_us_22117
city_us_7875,county_us_09190
city_us_7876,county_us_39125
city_us_7877,county_us_51059
city_us_7878,county_us_13063
city_us_7879,county_us_16019
city_us_7880,county_us_47155
city_us_7881,county_us_49027
city_us_7882,county_us_36111
city_us_7883,county_us_39143
city_us_7884,county_us_25023
city_us_7885,county_us_05143
city_us_7886,county_us_50027
city_us_7887,county_us_53077
city_us_7888,county_us_13293
city_us_7889,county_us_06097
city_us_7890,county_us_06009
city_us_7891,county_us_37089
city_us_7892,county_us_15001
city_us_7893,county_us_48133
city_us_7894,county_us_48245
city_us_7895,county_us_39173
city_us_7896,county_us_36045
city_us_7897,county_us_27075
city_us_7898,county_us_55087
city_us_7899,county_us_12115
city_us_7900,county_us_05119
city_us_7901,county_us_06109
city_us_7902,county_us_02150
city_us_7903,county_us_45043
city_us_7904,county_us_17053
city_us_7905,county_us_47107
city_us_7906,county_us_29127
city_us_7907,county_us_06029
city_us_7908,county_us_13199
city_us_7909,county_us_01125
city_us_7910,county_us_36059
city_us_7911,county_us_05021
city_us_7912,county_us_01019
city_us_7913,county_us_12109
city_us_7914,county_us_01097
city_us_7915,county_us_27145
city_us_7916,county_us_42083
city_us_7917,county_us_05143
city_us_7918,county_us_48039
city_us_7919,county_us_28029
city_us_7920,county_us_06113
city_us_7921,county_us_37129
city_us_7922,county_us_20159
city_us_7923,county_us_18143
city_us_7924,county_us_15003
city_us_7925,county_us_47115
city_us_7926,county_us_12095
city_us_7927,county_us_12113
city_us_7928,county_us_19131
city_us_7929,county_us_12099
city_us_7930,county_us_19197
city_us_7931,county_us_37085
city_us_7932,county_us_06061
city_us_7933,county_us_51067
city_us_7934,county_us_49001
city_us_7935,county_us_40021
city_us_7936,county_us_15001
city_us_7937,county_us_48399
city_us_7938,county_us_42041
city_us_7939,county_us_45055
city_us_7940,county_us_31089
city_us_7941,county_us_16001
city_us_7942,county_us_06105
city_us_7943,county_us_34029
city_us_7944,county_us_04025
city_us_7945,county_us_42071
city_us_7946,county_us_54081
city_us_7947,county_us_08039
city_us_7948,county_us_42133
city_us_7949,county_us_56031
city_us_7950,county_us_39061
city_us_7951,county_us_05077
city_us_7952,county_us_12127
city_us_7953,county_us_06013
city_us_7954,county_us_48423
city_us_7955,county_us_13133
city_us_7956,county_us_18127
city_us_7957,county_us_36103
city_us_7958,county_us_53061
city_us_7959,county_us_01051
city_us_7960,county_us_37093
city_us_7961,county_us_36103
city_us_7962,county_us_17019
city_us_7963,county_us_20091
city_us_7964,county_us_37109
city_us_7965,county_us_05007
city_us_7966,county_us_39081
city_us_7967,county_us_34019
city_us_7968,county_us_54107
city_us_7969,county_us_01103
city_us_7970,county_us_18051
city_us_7971,county_us_48323
city_us_7972,county_us_48061
city_us_7973,county_us_48181
city_us_7974,county_us_12099
city_us_7975,county_us_15009
city_us_7976,county_us_53035
city_us_7977,county_us_53007
city_us_7978,county_us_39035
city_us_7979,county_us_06085
city_us_7980,county_us_06087
city_us_7981,county_us_41041
city_us_7982,county_us_53061
city_us_7983,county_us_12021
city_us_7984,county_us_42103
city_us_7985,county_us_42021
city_us_7986,county_us_42107
city_us_7987,county_us_17097
city_us_7988,county_us_42129
city_us_7989,county_us_39153
city_us_7990,county_us_05047
city_us_7991,county_us_48029
city_us_7992,county_us_40105
city_us_7993,county_us_22035
city_us_7994,county_us_42027
city_us_7995,county_us_39151
city_us_7996,county_us_51005
city_us_7997,county_us_39003
city_us_7998,county_us_42095
city_us_7999,county_us_34035
city_us_8000,county_us_21183
city_us_8001,county_us_04021
city_us_8002,county_us_55087
city_us_8003,county_us_12045
city_us_8004,county_us_34037
city_us_8005,county_us_29039
city_us_8006,county_us_08045
city_us_8007,county_us_04001
city_us_8008,county_us_17167
city_us_8009,county_us_27111
city_us_8010,county_us_13229
city_us_8011,county_us_27145
city_us_8012,county_us_17195
city_us_8013,county_us_39175
city_us_8014,county_us_51099
city_us_8015,county_us_49039
city_us_8016,county_us_47081
city_us_8017,county_us_05119
city_us_8018,county_us_39013
city_us_8019,county_us_06029
city_us_8020,county_us_39061
city_us_8021,county_us_51073
city_us_8022,county_us_13311
city_us_8023,county_us_37179
city_us_8024,county_us_12113
city_us_8025,county_us_18135
city_us_8026,county_us_42095
city_us_8027,county_us_55055
city_us_8028,county_us_39017
city_us_8029,county_us_31041
city_us_8030,county_us_13285
city_us_8031,county_us_06023
city_us_8032,county_us_13089
city_us_8033,county_us_37013
city_us_8034,county_us_53025
city_us_8035,county_us_55111
city_us_8036,county_us_46051
city_us_8037,county_us_39135
city_us_8038,county_us_36087
city_us_8039,county_us_29113
city_us_8040,county_us_13205
city_us_8041,county_us_51023
city_us_8042,county_us_36027
city_us_8043,county_us_12039
city_us_8044,county_us_27137
city_us_8045,county_us_36059
city_us_8046,county_us_45007
city_us_8047,county_us_40031
city_us_8048,county_us_53005
city_us_8049,county_us_09180
city_us_8050,county_us_48085
city_us_8051,county_us_01035
city_us_8052,county_us_39061
city_us_8053,county_us_26155
city_us_8054,county_us_37191
city_us_8055,county_us_37015
city_us_8056,county_us_06047
city_us_8057,county_us_12071
city_us_8058,county_us_39061
city_us_8059,county_us_45079
city_us_8060,county_us_06065
city_us_8061,county_us_16013
city_us_8062,county_us_48005
city_us_8063,county_us_48201
city_us_8064,county_us_41019
city_us_8065,county_us_55053
city_us_8066,county_us_12095
city_us_8067,county_us_26125
city_us_8068,county_us_48035
city_us_8069,county_us_42029
city_us_8070,county_us_40141
city_us_8071,county_us_34027
city_us_8072,county_us_15001
city_us_8073,county_us_06013
city_us_8074,county_us_37089
city_us_8075,county_us_31039
city_us_8076,county_us_48339
city_us_8077,county_us_54049
city_us_8078,county_us_48141
city_us_8079,county_us_42119
city_us_8080,county_us_12095
city_us_8081,county_us_27157
city_us_8082,county_us_12033
city_us_8083,county_us_55111
city_us_8084,county_us_54047
city_us_8085,county_us_49039
city_us_8086,county_us_19037
city_us_8087,county_us_13167
city_us_8088,county_us_22017
city_us_8089,county_us_47103
city_us_8090,county_us_34015
city_us_8091,county_us_17183
city_us_8092,county_us_23001
city_us_8093,county_us_06073
city_us_8094,county_us_28149
city_us_8095,county_us_29099
city_us_8096,county_us_48255
city_us_8097,county_us_13177
city_us_8098,county_us_46047
city_us_8099,county_us_38017
city_us_8100,county_us_18057
city_us_8101,county_us_31047
city_us_8102,county_us_55133
city_us_8103,county_us_01031
city_us_8104,county_us_37057
city_us_8105,county_us_42007
city_us_8106,county_us_12105
city_us_8107,county_us_42117
city_us_8108,county_us_12115
city_us_8109,county_us_06083
city_us_8110,county_us_53025
city_us_8111,county_us_06071
city_us_8112,county_us_48103
city_us_8113,county_us_27171
city_us_8114,county_us_29033
city_us_8115,county_us_27151
city_us_8116,county_us_23031
city_us_8117,county_us_27015
city_us_8118,county_us_48277
city_us_8119,county_us_53039
city_us_8120,county_us_17097
city_us_8121,county_us_18163
city_us_8122,county_us_37159
city_us_8123,county_us_48361
city_us_8124,county_us_06085
city_us_8125,county_us_17027
city_us_8126,county_us_05125
city_us_8127,county_us_37057
city_us_8128,county_us_48089
city_us_8129,county_us_37061
city_us_8130,county_us_08125
city_us_8131,county_us_53067
city_us_8132,county_us_06037
city_us_8133,county_us_36111
city_us_8134,county_us_39157
city_us_8135,county_us_01029
city_us_8136,county_us_39035
city_us_8137,county_us_24039
city_us_8138,county_us_24033
city_us_8139,county_us_53033
city_us_8140,county_us_42129
city_us_8141,county_us_36029
city_us_8142,county_us_31127
city_us_8143,county_us_13005
city_us_8144,county_us_17203
city_us_8145,county_us_48215
city_us_8146,county_us_39035
city_us_8147,county_us_48499
city_us_8148,county_us_41047
city_us_8149,county_us_45045
city_us_8150,county_us_04017
city_us_8151,county_us_53027
city_us_8152,county_us_48187
city_us_8153,county_us_42091
city_us_8154,county_us_06041
city_us_8155,county_us_04001
city_us_8156,county_us_34031
city_us_8157,county_us_13047
city_us_8158,county_us_45085
city_us_8159,county_us_39085
city_us_8160,county_us_53027
city_us_8161,county_us_06053
city_us_8162,county_us_54067
city_us_8163,county_us_09180
city_us_8164,county_us_42091
city_us_8165,county_us_13169
city_us_8166,county_us_55075
city_us_8167,county_us_20117
city_us_8168,county_us_42003
city_us_8169,county_us_41047
city_us_8170,county_us_55069
city_us_8171,county_us_40135
city_us_8172,county_us_48161
city_us_8173,county_us_25023
city_us_8174,county_us_06065
city_us_8175,county_us_42091
city_us_8176,county_us_39061
city_us_8177,county_us_09120
city_us_8178,county_us_45003
city_us_8179,county_us_06081
city_us_8180,county_us_12051
city_us_8181,county_us_36045
city_us_8182,county_us_17095
city_us_8183,county_us_12017
city_us_8184,county_us_06055
city_us_8185,county_us_48143
city_us_8186,county_us_06089
city_us_8187,county_us_51101
city_us_8188,county_us_39061
city_us_8189,county_us_42055
city_us_8190,county_us_01079
city_us_8191,county_us_42077
city_us_8192,county_us_09190
city_us_8193,county_us_12085
city_us_8194,county_us_27167
city_us_8195,county_us_42029
city_us_8196,county_us_06071
city_us_8197,county_us_06023
city_us_8198,county_us_35013
city_us_8199,county_us_05039
city_us_8200,county_us_20085
city_us_8201,county_us_40075
city_us_8202,county_us_06005
city_us_8203,county_us_15007
city_us_8204,county_us_47047
city_us_8205,county_us_09180
city_us_8206,county_us_20037
city_us_8207,county_us_12099
city_us_8208,county_us_28161
city_us_8209,county_us_53071
city_us_8210,county_us_42021
city_us_8211,county_us_29007
city_us_8212,county_us_37019
city_us_8213,county_us_56045
city_us_8214,county_us_53009
city_us_8215,county_us_40147
city_us_8216,county_us_35061
city_us_8217,county_us_42003
city_us_8218,county_us_17199
city_us_8219,county_us_37067
city_us_8220,county_us_05127
city_us_8221,county_us_48299
city_us_8222,county_us_45077
city_us_8223,county_us_42003
city_us_8224,county_us_26017
city_us_8225,county_us_22111
city_us_8226,county_us_51031
city_us_8227,county_us_16049
city_us_8228,county_us_42019
city_us_8229,county_us_26035
city_us_8230,county_us_41067
city_us_8231,county_us_34009
city_us_8232,county_us_26025
city_us_8233,county_us_12127
city_us_8234,county_us_21037
city_us_8235,county_us_29071
city_us_8236,county_us_34003
city_us_8237,county_us_51135
city_us_8238,county_us_22009
city_us_8239,county_us_13185
city_us_8240,county_us_48453
city_us_8241,county_us_06087
city_us_8242,county_us_53053
city_us_8243,county_us_37069
city_us_8244,county_us_42003
city_us_8245,county_us_04012
city_us_8246,county_us_37127
city_us_8247,county_us_06039
city_us_8248,county_us_19113
city_us_8249,county_us_12035
city_us_8250,county_us_53077
city_us_8251,county_us_19169
city_us_8252,county_us_27171
city_us_8253,county_us_42003
city_us_8254,county_us_47089
city_us_8255,county_us_18173
city_us_8256,county_us_10005
city_us_8257,county_us_42017
city_us_8258,county_us_49037
city_us_8259,county_us_39035
city_us_8260,county_us_42007
city_us_8261,county_us_22083
city_us_8262,county_us_34003
city_us_8263,county_us_48163
city_us_8264,county_us_37179
city_us_8265,county_us_01011
city_us_8266,county_us_42025
city_us_8267,county_us_48401
city_us_8268,county_us_46099
city_us_8269,county_us_10005
city_us_8270,county_us_18179
city_us_8271,county_us_13155
city_us_8272,county_us_37021
city_us_8273,county_us_36075
city_us_8274,county_us_55055
city_us_8275,county_us_39053
city_us_8276,county_us_22053
city_us_8277,county_us_06077
city_us_8278,county_us_34021
city_us_8279,county_us_26103
city_us_8280,county_us_39061
city_us_8281,county_us_15003
city_us_8282,county_us_19095
city_us_8283,county_us_24035
city_us_8284,county_us_45083
city_us_8285,county_us_45077
city_us_8286,county_us_37153
city_us_8287,county_us_39155
city_us_8288,county_us_40113
city_us_8289,county_us_27079
city_us_8290,county_us_48215
city_us_8291,county_us_53031
city_us_8292,county_us_41047
city_us_8293,county_us_55093
city_us_8294,county_us_37035
city_us_8295,county_us_01015
city_us_8296,county_us_47045
city_us_8297,county_us_29059
city_us_8298,county_us_39007
city_us_8299,county_us_48465
city_us_8300,county_us_17095
city_us_8301,county_us_39151
city_us_8302,county_us_26159
city_us_8303,county_us_42091
city_us_8304,county_us_02195
city_us_8305,county_us_41011
city_us_8306,county_us_39061
city_us_8307,county_us_37187
city_us_8308,county_us_22019
city_us_8309,county_us_24033
city_us_8310,county_us_01015
city_us_8311,county_us_06023
city_us_8312,county_us_04025
city_us_8313,county_us_48213
city_us_8314,county_us_37017
city_us_8315,county_us_53073
city_us_8316,county_us_36083
city_us_8317,county_us_51001
city_us_8318,county_us_27063
city_us_8319,county_us_18029
city_us_8320,county_us_12115
city_us_8321,county_us_25001
city_us_8322,county_us_48377
city_us_8323,county_us_08001
city_us_8324,county_us_01119
city_us_8325,county_us_22019
city_us_8326,county_us_12013
city_us_8327,county_us_37159
city_us_8328,county_us_36071
city_us_8329,county_us_19059
city_us_8330,county_us_13095
city_us_8331,county_us_40135
city_us_8332,county_us_55015
city_us_8333,county_us_54037
city_us_8334,county_us_06071
city_us_8335,county_us_28103
city_us_8336,county_us_06037
city_us_8337,county_us_17111
city_us_8338,county_us_26033
city_us_8339,county_us_12103
city_us_8340,county_us_42045
city_us_8341,county_us_42013
city_us_8342,county_us_17137
city_us_8343,county_us_18117
city_us_8344,county_us_17119
city_us_8345,county_us_06013
city_us_8346,county_us_27017
city_us_8347,county_us_36029
city_us_8348,county_us_45045
city_us_8349,county_us_12101
city_us_8350,county_us_55089
city_us_8351,county_us_06039
city_us_8352,county_us_04005
city_us_8353,county_us_41033
city_us_8354,county_us_55043
city_us_8355,county_us_40037
city_us_8356,county_us_06037
city_us_8357,county_us_34037
city_us_8358,county_us_13121
city_us_8359,county_us_06023
city_us_8360,county_us_42015
city_us_8361,county_us_39019
city_us_8362,county_us_42011
city_us_8363,county_us_48189
city_us_8364,county_us_27137
city_us_8365,county_us_47163
city_us_8366,county_us_36029
city_us_8367,county_us_53033
city_us_8368,county_us_42051
city_us_8369,county_us_42075
city_us_8370,county_us_10001
city_us_8371,county_us_45031
city_us_8372,county_us_47059
city_us_8373,county_us_36001
city_us_8374,county_us_48473
city_us_8375,county_us_42043
city_us_8376,county_us_45083
city_us_8377,county_us_06087
city_us_8378,county_us_17027
city_us_8379,county_us_16035
city_us_8380,county_us_29163
city_us_8381,county_us_42077
city_us_8382,county_us_12057
city_us_8383,county_us_12117
city_us_8384,county_us_29095
city_us_8385,county_us_21175
city_us_8386,county_us_39151
city_us_8387,county_us_20013
city_us_8388,county_us_53035
city_us_8389,county_us_53007
city_us_8390,county_us_42125
city_us_8391,county_us_35061
city_us_8392,county_us_28113
city_us_8393,county_us_21123
city_us_8394,county_us_17125
city_us_8395,county_us_21225
city_us_8396,county_us_17197
city_us_8397,county_us_55101
city_us_8398,county_us_55117
city_us_8399,county_us_13285
city_us_8400,county_us_06053
city_us_8401,county_us_27025
city_us_8402,county_us_45039
city_us_8403,county_us_28059
city_us_8404,county_us_42129
city_us_8405,county_us_06065
city_us_8406,county_us_32031
city_us_8407,county_us_06093
city_us_8408,county_us_48453
city_us_8409,county_us_13143
city_us_8410,county_us_48367
city_us_8411,county_us_02170
city_us_8412,county_us_04003
city_us_8413,county_us_26163
city_us_8414,county_us_53077
city_us_8415,county_us_27013
city_us_8416,county_us_42089
city_us_8417,county_us_06105
city_us_8418,county_us_55061
city_us_8419,county_us_36083
city_us_8420,county_us_36007
city_us_8421,county_us_48221
city_us_8422,county_us_55015
city_us_8423,county_us_41071
city_us_8424,county_us_17113
city_us_8425,county_us_42011
city_us_8426,county_us_55045
city_us_8427,county_us_20003
city_us_8428,county_us_40119
city_us_8429,county_us_06013
city_us_8430,county_us_01043
city_us_8431,county_us_01053
city_us_8432,county_us_42063
city_us_8433,county_us_18127
city_us_8434,county_us_21197
city_us_8435,county_us_05083
city_us_8436,county_us_12009
city_us_8437,county_us_26091
city_us_8438,county_us_42003
city_us_8439,county_us_40117
city_us_8440,county_us_48423
city_us_8441,county_us_21117
city_us_8442,county_us_09190
city_us_8443,county_us_01125
city_us_8444,county_us_36009
city_us_8445,county_us_34005
city_us_8446,county_us_01059
city_us_8447,county_us_42049
city_us_8448,county_us_17117
city_us_8449,county_us_41039
city_us_8450,county_us_30105
city_us_8451,county_us_37141
city_us_8452,county_us_01073
city_us_8453,county_us_35001
city_us_8454,county_us_17089
city_us_8455,county_us_27115
city_us_8456,county_us_06079
city_us_8457,county_us_41045
city_us_8458,county_us_45089
city_us_8459,county_us_09160
city_us_8460,county_us_13009
city_us_8461,county_us_05021
city_us_8462,county_us_42017
city_us_8463,county_us_34025
city_us_8464,county_us_55021
city_us_8465,county_us_06005
city_us_8466,county_us_55009
city_us_8467,county_us_21121
city_us_8468,county_us_48121
city_us_8469,county_us_29009
city_us_8470,county_us_17117
city_us_8471,county_us_12099
city_us_8472,county_us_55107
city_us_8473,county_us_22029
city_us_8474,county_us_42053
city_us_8475,county_us_28101
city_us_8476,county_us_29003
city_us_8477,county_us_06013
city_us_8478,county_us_42003
city_us_8479,county_us_12087
city_us_8480,county_us_48215
city_us_8481,county_us_06089
city_us_8482,county_us_37179
city_us_8483,county_us_08063
city_us_8484,county_us_16039
city_us_8485,county_us_19057
city_us_8486,county_us_53063
city_us_8487,county_us_27043
city_us_8488,county_us_36103
city_us_8489,county_us_13309
city_us_8490,county_us_06073
city_us_8491,county_us_51033
city_us_8492,county_us_28081
city_us_8493,county_us_29137
city_us_8494,county_us_13077
city_us_8495,county_us_09150
city_us_8496,county_us_15009
city_us_8497,county_us_34025
city_us_8498,county_us_04021
city_us_8499,county_us_29055
city_us_8500,county_us_01065
city_us_8501,county_us_06107
city_us_8502,county_us_36059
city_us_8503,county_us_09120
city_us_8504,county_us_51023
city_us_8505,county_us_06007
city_us_8506,county_us_20145
city_us_8507,county_us_42133
city_us_8508,county_us_06081
city_us_8509,county_us_12075
city_us_8510,county_us_25005
city_us_8511,county_us_48355
city_us_8512,county_us_06037
city_us_8513,county_us_39155
city_us_8514,county_us_40005
city_us_8515,county_us_21117
city_us_8516,county_us_34025
city_us_8517,county_us_39075
city_us_8518,county_us_36029
city_us_8519,county_us_17089
city_us_8520,county_us_53061
city_us_8521,county_us_45009
city_us_8522,county_us_29099
city_us_8523,county_us_53077
city_us_8524,county_us_37055
city_us_8525,county_us_18061
city_us_8526,county_us_21037
city_us_8527,county_us_12037
city_us_8528,county_us_42091
city_us_8529,county_us_08029
city_us_8530,county_us_29183
city_us_8531,county_us_22017
city_us_8532,county_us_15007
city_us_8533,county_us_08005
city_us_8534,county_us_16059
city_us_8535,county_us_42055
city_us_8536,county_us_26049
city_us_8537,county_us_04021
city_us_8538,county_us_39133
city_us_8539,county_us_17183
city_us_8540,county_us_06057
city_us_8541,county_us_05115
city_us_8542,county_us_55015
city_us_8543,county_us_48061
city_us_8544,county_us_32005
city_us_8545,county_us_39061
city_us_8546,county_us_51167
city_us_8547,county_us_34027
city_us_8548,county_us_48467
city_us_8549,county_us_36059
city_us_8550,county_us_39061
city_us_8551,county_us_36071
city_us_8552,county_us_45085
city_us_8553,county_us_26037
city_us_8554,county_us_34015
city_us_8555,county_us_12101
city_us_8556,county_us_19031
city_us_8557,county_us_31155
city_us_8558,county_us_46129
city_us_8559,county_us_34025
city_us_8560,county_us_12113
city_us_8561,county_us_01105
city_us_8562,county_us_42003
city_us_8563,county_us_13051
city_us_8564,county_us_48071
city_us_8565,county_us_16029
city_us_8566,county_us_40133
city_us_8567,county_us_49045
city_us_8568,county_us_45081
city_us_8569,county_us_48029
city_us_8570,county_us_51177
city_us_8571,county_us_48411
city_us_8572,county_us_53061
city_us_8573,county_us_12061
city_us_8574,county_us_17097
city_us_8575,county_us_37059
city_us_8576,county_us_37155
city_us_8577,county_us_34023
city_us_8578,county_us_28141
city_us_8579,county_us_42025
city_us_8580,county_us_48049
city_us_8581,county_us_48077
city_us_8582,county_us_42071
city_us_8583,county_us_22093
city_us_8584,county_us_39039
city_us_8585,county_us_45091
city_us_8586,county_us_48201
city_us_8587,county_us_22073
city_us_8588,county_us_48255
city_us_8589,county_us_01089
city_us_8590,county_us_29081
city_us_8591,county_us_27137
city_us_8592,county_us_09190
city_us_8593,county_us_24003
city_us_8594,county_us_12105
city_us_8595,county_us_37001
city_us_8596,county_us_40069
city_us_8597,county_us_55087
city_us_8598,county_us_39029
city_us_8599,county_us_13243
city_us_8600,county_us_12083
city_us_8601,county_us_53033
city_us_8602,county_us_32019
city_us_8603,county_us_42079
city_us_8604,county_us_42075
city_us_8605,county_us_34009
city_us_8606,county_us_42003
city_us_8607,county_us_24033
city_us_8608,county_us_17197
city_us_8609,county_us_25001
city_us_8610,county_us_39085
city_us_8611,county_us_31099
city_us_8612,county_us_45003
city_us_8613,county_us_37069
city_us_8614,county_us_13157
city_us_8615,county_us_24033
city_us_8616,county_us_18105
city_us_8617,county_us_12086
city_us_8618,county_us_37055
city_us_8619,county_us_42089
city_us_8620,county_us_53031
city_us_8621,county_us_34003
city_us_8622,county_us_48061
city_us_8623,county_us_53049
city_us_8624,county_us_34015
city_us_8625,county_us_34027
city_us_8626,county_us_02188
city_us_8627,county_us_42001
city_us_8628,county_us_22017
city_us_8629,county_us_06033
city_us_8630,county_us_42003
city_us_8631,county_us_41029
city_us_8632,county_us_54035
city_us_8633,county_us_36065
city_us_8634,county_us_20123
city_us_8635,county_us_15001
city_us_8636,county_us_36119
city_us_8637,county_us_37057
city_us_8638,county_us_20053
city_us_8639,county_us_48457
city_us_8640,county_us_18085
city_us_8641,county_us_12119
city_us_8642,county_us_05099
city_us_8643,county_us_40107
city_us_8644,county_us_23029
city_us_8645,county_us_48157
city_us_8646,county_us_42045
city_us_8647,county_us_48367
city_us_8648,county_us_01077
city_us_8649,county_us_12081
city_us_8650,county_us_53035
city_us_8651,county_us_08097
city_us_8652,county_us_22093
city_us_8653,county_us_39067
city_us_8654,county_us_45009
city_us_8655,county_us_22105
city_us_8656,county_us_41017
city_us_8657,county_us_13093
city_us_8658,county_us_19171
city_us_8659,county_us_36071
city_us_8660,county_us_48355
city_us_8661,county_us_08055
city_us_8662,county_us_06011
city_us_8663,county_us_02090
city_us_8664,county_us_47115
city_us_8665,county_us_18045
city_us_8666,county_us_55117
city_us_8667,county_us_40125
city_us_8668,county_us_37129
city_us_8669,county_us_26051
city_us_8670,county_us_19081
city_us_8671,county_us_47065
city_us_8672,county_us_36067
city_us_8673,county_us_38057
city_us_8674,county_us_13069
city_us_8675,county_us_01123
city_us_8676,county_us_30035
city_us_8677,county_us_42041
city_us_8678,county_us_46083
city_us_8679,county_us_34007
city_us_8680,county_us_06053
city_us_8681,county_us_45073
city_us_8682,county_us_22019
city_us_8683,county_us_30101
city_us_8684,county_us_36065
city_us_8685,county_us_26155
city_us_8686,county_us_04005
city_us_8687,county_us_48341
city_us_8688,county_us_05143
city_us_8689,county_us_42125
city_us_8690,county_us_15003
city_us_8691,county_us_36119
city_us_8692,county_us_45003
city_us_8693,county_us_20095
city_us_8694,county_us_09190
city_us_8695,county_us_48373
city_us_8696,county_us_39169
city_us_8697,county_us_40091
city_us_8698,county_us_06087
city_us_8699,county_us_36071
city_us_8700,county_us_12095
city_us_8701,county_us_06027
city_us_8702,county_us_39011
city_us_8703,county_us_42095
city_us_8704,county_us_13193
city_us_8705,county_us_48121
city_us_8706,county_us_18045
city_us_8707,county_us_36087
city_us_8708,county_us_48201
city_us_8709,county_us_06109
city_us_8710,county_us_29201
city_us_8711,county_us_26045
city_us_8712,county_us_49021
city_us_8713,county_us_48221
city_us_8714,county_us_54059
city_us_8715,county_us_33001
city_us_8716,county_us_53009
city_us_8717,county_us_31121
city_us_8718,county_us_12086
city_us_8719,county_us_34031
city_us_8720,county_us_55109
city_us_8721,county_us_06097
city_us_8722,county_us_48339
city_us_8723,county_us_17091
city_us_8724,county_us_51061
city_us_8725,county_us_39129
city_us_8726,county_us_05015
city_us_8727,county_us_06073
city_us_8728,county_us_31055
city_us_8729,county_us_06019
city_us_8730,county_us_27095
city_us_8731,county_us_30077
city_us_8732,county_us_36027
city_us_8733,county_us_12083
city_us_8734,county_us_34015
city_us_8735,county_us_24043
city_us_8736,county_us_48337
city_us_8737,county_us_36071
city_us_8738,county_us_40071
city_us_8739,county_us_17189
city_us_8740,county_us_26063
city_us_8741,county_us_42117
city_us_8742,county_us_25001
city_us_8743,county_us_39173
city_us_8744,county_us_39151
city_us_8745,county_us_06069
city_us_8746,county_us_18079
city_us_8747,county_us_51139
city_us_8748,county_us_35025
city_us_8749,county_us_01017
city_us_8750,county_us_19103
city_us_8751,county_us_12103
city_us_8752,county_us_54099
city_us_8753,county_us_05007
city_us_8754,county_us_12005
city_us_8755,county_us_17031
city_us_8756,county_us_29095
city_us_8757,county_us_05001
city_us_8758,county_us_12009
city_us_8759,county_us_48503
city_us_8760,county_us_18071
city_us_8761,county_us_06073
city_us_8762,county_us_36027
city_us_8763,county_us_40079
city_us_8764,county_us_12053
city_us_8765,county_us_34025
city_us_8766,county_us_40113
city_us_8767,county_us_06093
city_us_8768,county_us_41029
city_us_8769,county_us_34025
city_us_8770,county_us_45079
city_us_8771,county_us_18111
city_us_8772,county_us_12017
city_us_8773,county_us_09190
city_us_8774,county_us_22097
city_us_8775,county_us_21093
city_us_8776,county_us_13051
city_us_8777,county_us_17201
city_us_8778,county_us_41027
city_us_8779,county_us_42071
city_us_8780,county_us_29083
city_us_8781,county_us_36119
city_us_8782,county_us_42107
city_us_8783,county_us_30035
city_us_8784,county_us_55017
city_us_8785,county_us_31023
city_us_8786,county_us_39087
city_us_8787,county_us_09190
city_us_8788,county_us_53035
city_us_8789,county_us_12021
city_us_8790,county_us_42077
city_us_8791,county_us_34009
city_us_8792,county_us_13219
city_us_8793,county_us_28089
city_us_8794,county_us_54077
city_us_8795,county_us_42103
city_us_8796,county_us_26071
city_us_8797,county_us_12105
city_us_8798,county_us_53061
city_us_8799,county_us_48325
city_us_8800,county_us_01007
city_us_8801,county_us_51023
city_us_8802,county_us_06107
city_us_8803,county_us_39001
city_us_8804,county_us_25001
city_us_8805,county_us_46081
city_us_8806,county_us_17085
city_us_8807,county_us_41017
city_us_8808,county_us_42049
city_us_8809,county_us_48183
city_us_8810,county_us_53053
city_us_8811,county_us_48195
city_us_8812,county_us_02090
city_us_8813,county_us_34015
city_us_8814,county_us_37159
city_us_8815,county_us_48251
city_us_8816,county_us_36059
city_us_8817,county_us_45083
city_us_8818,county_us_45061
city_us_8819,county_us_12071
city_us_8820,county_us_36013
city_us_8821,county_us_18015
city_us_8822,county_us_20173
city_us_8823,county_us_42011
city_us_8824,county_us_46127
city_us_8825,county_us_01073
city_us_8826,county_us_47183
city_us_8827,county_us_10005
city_us_8828,county_us_28087
city_us_8829,county_us_12009
city_us_8830,county_us_54107
city_us_8831,county_us_24021
city_us_8832,county_us_12075
city_us_8833,county_us_24009
city_us_8834,county_us_36103
city_us_8835,county_us_13295
city_us_8836,county_us_48383
city_us_8837,county_us_37087
city_us_8838,county_us_21211
city_us_8839,county_us_12039
city_us_8840,county_us_55127
city_us_8841,county_us_12089
city_us_8842,county_us_42107
city_us_8843,county_us_54079
city_us_8844,county_us_40031
city_us_8845,county_us_34039
city_us_8846,county_us_13165
city_us_8847,county_us_05087
city_us_8848,county_us_53061
city_us_8849,county_us_45021
city_us_8850,county_us_29071
city_us_8851,county_us_37197
city_us_8852,county_us_15003
city_us_8853,county_us_29133
city_us_8854,county_us_37021
city_us_8855,county_us_39045
city_us_8856,county_us_36001
city_us_8857,county_us_55059
city_us_8858,county_us_51165
city_us_8859,county_us_42071
city_us_8860,county_us_41043
city_us_8861,county_us_47057
city_us_8862,county_us_51195
city_us_8863,county_us_53073
city_us_8864,county_us_42077
city_us_8865,county_us_47089
city_us_8866,county_us_55095
city_us_8867,county_us_26139
city_us_8868,county_us_12101
city_us_8869,county_us_55083
city_us_8870,county_us_53061
city_us_8871,county_us_17079
city_us_8872,county_us_39157
city_us_8873,county_us_48207
city_us_8874,county_us_42095
city_us_8875,county_us_35049
city_us_8876,county_us_42129
city_us_8877,county_us_21069
city_us_8878,county_us_36071
city_us_8879,county_us_53015
city_us_8880,county_us_17201
city_us_8881,county_us_27163
city_us_8882,county_us_26093
city_us_8883,county_us_46093
city_us_8884,county_us_20173
city_us_8885,county_us_51165
city_us_8886,county_us_55127
city_us_8887,county_us_41037
city_us_8888,county_us_12105
city_us_8889,county_us_06073
city_us_8890,county_us_36103
city_us_8891,county_us_41047
city_us_8892,county_us_39037
city_us_8893,county_us_56025
city_us_8894,county_us_13093
city_us_8895,county_us_29095
city_us_8896,county_us_29189
city_us_8897,county_us_34027
city_us_8898,county_us_17097
city_us_8899,county_us_19139
city_us_8900,county_us_42049
city_us_8901,county_us_37007
city_us_8902,county_us_36071
city_us_8903,county_us_36059
city_us_8904,county_us_06009
city_us_8905,county_us_42019
city_us_8906,county_us_26121
city_us_8907,county_us_39153
city_us_8908,county_us_13051
city_us_8909,county_us_29067
city_us_8910,county_us_08035
city_us_8911,county_us_47037
city_us_8912,county_us_51135
city_us_8913,county_us_12079
city_us_8914,county_us_46093
city_us_8915,county_us_26091
city_us_8916,county_us_36065
city_us_8917,county_us_13173
city_us_8918,county_us_36059
city_us_8919,county_us_39117
city_us_8920,county_us_16073
city_us_8921,county_us_49005
city_us_8922,county_us_29043
city_us_8923,county_us_55127
city_us_8924,county_us_48303
city_us_8925,county_us_42049
city_us_8926,county_us_40109
city_us_8927,county_us_53033
city_us_8928,county_us_42011
city_us_8929,county_us_04019
city_us_8930,county_us_20021
city_us_8931,county_us_47051
city_us_8932,county_us_37123
city_us_8933,county_us_46102
city_us_8934,county_us_48215
city_us_8935,county_us_54001
city_us_8936,county_us_22093
city_us_8937,county_us_29143
city_us_8938,county_us_22039
city_us_8939,county_us_08123
city_us_8940,county_us_06065
city_us_8941,county_us_40143
city_us_8942,county_us_13063
city_us_8943,county_us_26125
city_us_8944,county_us_28039
city_us_8945,county_us_37049
city_us_8946,county_us_23005
city_us_8947,county_us_06077
city_us_8948,county_us_29189
city_us_8949,county_us_36029
city_us_8950,county_us_34023
city_us_8951,county_us_12101
city_us_8952,county_us_27053
city_us_8953,county_us_22033
city_us_8954,county_us_10005
city_us_8955,county_us_04009
city_us_8956,county_us_37167
city_us_8957,county_us_39089
city_us_8958,county_us_13283
city_us_8959,county_us_47129
city_us_8960,county_us_46123
city_us_8961,county_us_42003
city_us_8962,county_us_21055
city_us_8963,county_us_34007
city_us_8964,county_us_51165
city_us_8965,county_us_42019
city_us_8966,county_us_54011
city_us_8967,county_us_15007
city_us_8968,county_us_08117
city_us_8969,county_us_16047
city_us_8970,county_us_40041
city_us_8971,county_us_22075
city_us_8972,county_us_36103
city_us_8973,county_us_53053
city_us_8974,county_us_39005
city_us_8975,county_us_48193
city_us_8976,county_us_48177
city_us_8977,county_us_42045
city_us_8978,county_us_05093
city_us_8979,county_us_40013
city_us_8980,county_us_21163
city_us_8981,county_us_15001
city_us_8982,county_us_23031
city_us_8983,county_us_37001
city_us_8984,county_us_28033
city_us_8985,county_us_01069
city_us_8986,county_us_21111
city_us_8987,county_us_01063
city_us_8988,county_us_42003
city_us_8989,county_us_51183
city_us_8990,county_us_54019
city_us_8991,county_us_13175
city_us_8992,county_us_12103
city_us_8993,county_us_26115
city_us_8994,county_us_08015
city_us_8995,county_us_40081
city_us_8996,county_us_25027
city_us_8997,county_us_21233
city_us_8998,county_us_42011
city_us_8999,county_us_45057
city_us_9000,county_us_36071
city_us_9001,county_us_13139
city_us_9002,county_us_55133
city_us_9003,county_us_26129
city_us_9004,county_us_54005
city_us_9005,county_us_48013
city_us_9006,county_us_48207
city_us_9007,county_us_47167
city_us_9008,county_us_45011
city_us_9009,county_us_37083
city_us_9010,county_us_51071
city_us_9011,county_us_19133
city_us_9012,county_us_16081
city_us_9013,county_us_42003
city_us_9014,county_us_48039
city_us_9015,county_us_01089
city_us_9016,county_us_08123
city_us_9017,county_us_15009
city_us_9018,county_us_48215
city_us_9019,county_us_53061
city_us_9020,county_us_25017
city_us_9021,county_us_48387
city_us_9022,county_us_05137
city_us_9023,county_us_48161
city_us_9024,county_us_42133
city_us_9025,county_us_12099
city_us_9026,county_us_26141
city_us_9027,county_us_05115
city_us_9028,county_us_56009
city_us_9029,county_us_40049
city_us_9030,county_us_27137
city_us_9031,county_us_48121
city_us_9032,county_us_17063
city_us_9033,county_us_42095
city_us_9034,county_us_12099
city_us_9035,county_us_42003
city_us_9036,county_us_06087
city_us_9037,county_us_48297
city_us_9038,county_us_48209
city_us_9039,county_us_30053
city_us_9040,county_us_31043
city_us_9041,county_us_24021
city_us_9042,county_us_09190
city_us_9043,county_us_51035
city_us_9044,county_us_17203
city_us_9045,county_us_20139
city_us_9046,county_us_18035
city_us_9047,county_us_17141
city_us_9048,county_us_15007
city_us_9049,county_us_08067
city_us_9050,county_us_48435
city_us_9051,county_us_17109
city_us_9052,county_us_42005
city_us_9053,county_us_12095
city_us_9054,county_us_42045
city_us_9055,county_us_41013
city_us_9056,county_us_37129
city_us_9057,county_us_06101
city_us_9058,county_us_22089
city_us_9059,county_us_04009
city_us_9060,county_us_45083
city_us_9061,county_us_21229
city_us_9062,county_us_54031
city_us_9063,county_us_39011
city_us_9064,county_us_06093
city_us_9065,county_us_53053
city_us_9066,county_us_21111
city_us_9067,county_us_45085
city_us_9068,county_us_37115
city_us_9069,county_us_53041
city_us_9070,county_us_24033
city_us_9071,county_us_26057
city_us_9072,county_us_36001
city_us_9073,county_us_48409
city_us_9074,county_us_26153
city_us_9075,county_us_19153
city_us_9076,county_us_56021
city_us_9077,county_us_12127
city_us_9078,county_us_18113
city_us_9079,county_us_19163
city_us_9080,county_us_34001
city_us_9081,county_us_42071
city_us_9082,county_us_26103
city_us_9083,county_us_26043
city_us_9084,county_us_27055
city_us_9085,county_us_55011
city_us_9086,county_us_37155
city_us_9087,county_us_27039
city_us_9088,county_us_18059
city_us_9089,county_us_54003
city_us_9090,county_us_21117
city_us_9091,county_us_19143
city_us_9092,county_us_13013
city_us_9093,county_us_36059
city_us_9094,county_us_37089
city_us_9095,county_us_40077
city_us_9096,county_us_24009
city_us_9097,county_us_25027
city_us_9098,county_us_26087
city_us_9099,county_us_36059
city_us_9100,county_us_35059
city_us_9101,county_us_30031
city_us_9102,county_us_50025
city_us_9103,county_us_10003
city_us_9104,county_us_13253
city_us_9105,county_us_35031
city_us_9106,county_us_39017
city_us_9107,county_us_54023
city_us_9108,county_us_26143
city_us_9109,county_us_40099
city_us_9110,county_us_20155
city_us_9111,county_us_40085
city_us_9112,county_us_55061
city_us_9113,county_us_48463
city_us_9114,county_us_18083
city_us_9115,county_us_06065
city_us_9116,county_us_24011
city_us_9117,county_us_24021
city_us_9118,county_us_29139
city_us_9119,county_us_50025
city_us_9120,county_us_04017
city_us_9121,county_us_02090
city_us_9122,county_us_37049
city_us_9123,county_us_29189
city_us_9124,county_us_34009
city_us_9125,county_us_19113
city_us_9126,county_us_48061
city_us_9127,county_us_42095
city_us_9128,county_us_28109
city_us_9129,county_us_39051
city_us_9130,county_us_19095
city_us_9131,county_us_12009
city_us_9132,county_us_36119
city_us_9133,county_us_54009
city_us_9134,county_us_48121
city_us_9135,county_us_12101
city_us_9136,county_us_17177
city_us_9137,county_us_42015
city_us_9138,county_us_48249
city_us_9139,county_us_53035
city_us_9140,county_us_06095
city_us_9141,county_us_40121
city_us_9142,county_us_48061
city_us_9143,county_us_44009
city_us_9144,county_us_26139
city_us_9145,county_us_13147
city_us_9146,county_us_42133
city_us_9147,county_us_06029
city_us_9148,county_us_49047
city_us_9149,county_us_08005
city_us_9150,county_us_28081
city_us_9151,county_us_29073
city_us_9152,county_us_19197
city_us_9153,county_us_53075
city_us_9154,county_us_47021
city_us_9155,county_us_02090
city_us_9156,county_us_09110
city_us_9157,county_us_42075
city_us_9158,county_us_27145
city_us_9159,county_us_24043
city_us_9160,county_us_17065
city_us_9161,county_us_29101
city_us_9162,county_us_42079
city_us_9163,county_us_36059
city_us_9164,county_us_05003
city_us_9165,county_us_41047
city_us_9166,county_us_19075
city_us_9167,county_us_36103
city_us_9168,county_us_01003
city_us_9169,county_us_29089
city_us_9170,county_us_39037
city_us_9171,county_us_55033
city_us_9172,county_us_06029
city_us_9173,county_us_34025
city_us_9174,county_us_48023
city_us_9175,county_us_21065
city_us_9176,county_us_48139
city_us_9177,county_us_55095
city_us_9178,county_us_53067
city_us_9179,county_us_29215
city_us_9180,county_us_19015
city_us_9181,county_us_42029
city_us_9182,county_us_17015
city_us_9183,county_us_18087
city_us_9184,county_us_21143
city_us_9185,county_us_01007
city_us_9186,county_us_42027
city_us_9187,county_us_53061
city_us_9188,county_us_34021
city_us_9189,county_us_39087
city_us_9190,county_us_47025
city_us_9191,county_us_28101
city_us_9192,county_us_24011
city_us_9193,county_us_12091
city_us_9194,county_us_41041
city_us_9195,county_us_37125
city_us_9196,county_us_51107
city_us_9197,county_us_55127
city_us_9198,county_us_06041
city_us_9199,county_us_40091
city_us_9200,county_us_34005
city_us_9201,county_us_01015
city_us_9202,county_us_40055
city_us_9203,county_us_47013
city_us_9204,county_us_36055
city_us_9205,county_us_28113
city_us_9206,county_us_27027
city_us_9207,county_us_54011
city_us_9208,county_us_34023
city_us_9209,county_us_29189
city_us_9210,county_us_08005
city_us_9211,county_us_48165
city_us_9212,county_us_48089
city_us_9213,county_us_26125
city_us_9214,county_us_27171
city_us_9215,county_us_24043
city_us_9216,county_us_18133
city_us_9217,county_us_42071
city_us_9218,county_us_42133
city_us_9219,county_us_40149
city_us_9220,county_us_42011
city_us_9221,county_us_02122
city_us_9222,county_us_42071
city_us_9223,county_us_16083
city_us_9224,county_us_08035
city_us_9225,county_us_12105
city_us_9226,county_us_50027
city_us_9227,county_us_34023
city_us_9228,county_us_51093
city_us_9229,county_us_42107
city_us_9230,county_us_20021
city_us_9231,county_us_39103
city_us_9232,county_us_15001
city_us_9233,county_us_34005
city_us_9234,county_us_53013
city_us_9235,county_us_22057
city_us_9236,county_us_29143
city_us_9237,county_us_12059
city_us_9238,county_us_45065
city_us_9239,county_us_18177
city_us_9240,county_us_22121
city_us_9241,county_us_42045
city_us_9242,county_us_12091
city_us_9243,county_us_42097
city_us_9244,county_us_27045
city_us_9245,county_us_24015
city_us_9246,county_us_06019
city_us_9247,county_us_56025
city_us_9248,county_us_05143
city_us_9249,county_us_48215
city_us_9250,county_us_39055
city_us_9251,county_us_12071
city_us_9252,county_us_13103
city_us_9253,county_us_13315
city_us_9254,county_us_47141
city_us_9255,county_us_05003
city_us_9256,county_us_36059
city_us_9257,county_us_39007
city_us_9258,county_us_02122
city_us_9259,county_us_40081
city_us_9260,county_us_29047
city_us_9261,county_us_18147
city_us_9262,county_us_16019
city_us_9263,county_us_01117
city_us_9264,county_us_55043
city_us_9265,county_us_18033
city_us_9266,county_us_36087
city_us_9267,county_us_34023
city_us_9268,county_us_42055
city_us_9269,county_us_12127
city_us_9270,county_us_40087
city_us_9271,county_us_35013
city_us_9272,county_us_20115
city_us_9273,county_us_37191
city_us_9274,county_us_06069
city_us_9275,county_us_48065
city_us_9276,county_us_37061
city_us_9277,county_us_17067
city_us_9278,county_us_42021
city_us_9279,county_us_24021
city_us_9280,county_us_35019
city_us_9281,county_us_06037
city_us_9282,county_us_54103
city_us_9283,county_us_29223
city_us_9284,county_us_32021
city_us_9285,county_us_22027
city_us_9286,county_us_37109
city_us_9287,county_us_06065
city_us_9288,county_us_29135
city_us_9289,county_us_42003
city_us_9290,county_us_41025
city_us_9291,county_us_21031
city_us_9292,county_us_01027
city_us_9293,county_us_29111
city_us_9294,county_us_39025
city_us_9295,county_us_25001
city_us_9296,county_us_27135
city_us_9297,county_us_29213
city_us_9298,county_us_42001
city_us_9299,county_us_06055
city_us_9300,county_us_06081
city_us_9301,county_us_20137
city_us_9302,county_us_48029
city_us_9303,county_us_48285
city_us_9304,county_us_48097
city_us_9305,county_us_01041
city_us_9306,county_us_48391
city_us_9307,county_us_10003
city_us_9308,county_us_25005
city_us_9309,county_us_45025
city_us_9310,county_us_17041
city_us_9311,county_us_09130
city_us_9312,county_us_22013
city_us_9313,county_us_17113
city_us_9314,county_us_45049
city_us_9315,county_us_39009
city_us_9316,county_us_04003
city_us_9317,county_us_04015
city_us_9318,county_us_12099
city_us_9319,county_us_17097
city_us_9320,county_us_06053
city_us_9321,county_us_56017
city_us_9322,county_us_06023
city_us_9323,county_us_51121
city_us_9324,county_us_06029
city_us_9325,county_us_01127
city_us_9326,county_us_26157
city_us_9327,county_us_34017
city_us_9328,county_us_06037
city_us_9329,county_us_48341
city_us_9330,county_us_12103
city_us_9331,county_us_12063
city_us_9332,county_us_30043
city_us_9333,county_us_37027
city_us_9334,county_us_47093
city_us_9335,county_us_53073
city_us_9336,county_us_38061
city_us_9337,county_us_55005
city_us_9338,county_us_13247
city_us_9339,county_us_53025
city_us_9340,county_us_04021
city_us_9341,county_us_21207
city_us_9342,county_us_26103
city_us_9343,county_us_55025
city_us_9344,county_us_48467
city_us_9345,county_us_47165
city_us_9346,county_us_26151
city_us_9347,county_us_45063
city_us_9348,county_us_06111
city_us_9349,county_us_34023
city_us_9350,county_us_39165
city_us_9351,county_us_42043
city_us_9352,county_us_06111
city_us_9353,county_us_53067
city_us_9354,county_us_54025
city_us_9355,county_us_21009
city_us_9356,county_us_36015
city_us_9357,county_us_34015
city_us_9358,county_us_21103
city_us_9359,county_us_13163
city_us_9360,county_us_47015
city_us_9361,county_us_42045
city_us_9362,county_us_40093
city_us_9363,county_us_55021
city_us_9364,county_us_24025
city_us_9365,county_us_48215
city_us_9366,county_us_48401
city_us_9367,county_us_45005
city_us_9368,county_us_18113
city_us_9369,county_us_36059
city_us_9370,county_us_09130
city_us_9371,county_us_01017
city_us_9372,county_us_01073
city_us_9373,county_us_05111
city_us_9374,county_us_05143
city_us_9375,county_us_21171
city_us_9376,county_us_48425
city_us_9377,county_us_17141
city_us_9378,county_us_31109
city_us_9379,county_us_21059
city_us_9380,county_us_27009
city_us_9381,county_us_17043
city_us_9382,county_us_34023
city_us_9383,county_us_17099
city_us_9384,county_us_17183
city_us_9385,county_us_06029
city_us_9386,county_us_05095
city_us_9387,county_us_21075
city_us_9388,county_us_48141
city_us_9389,county_us_19085
city_us_9390,county_us_39061
city_us_9391,county_us_25005
city_us_9392,county_us_24003
city_us_9393,county_us_12095
city_us_9394,county_us_41011
city_us_9395,county_us_42017
city_us_9396,county_us_36029
city_us_9397,county_us_29189
city_us_9398,county_us_17097
city_us_9399,county_us_19051
city_us_9400,county_us_40061
city_us_9401,county_us_21029
city_us_9402,county_us_29189
city_us_9403,county_us_45063
city_us_9404,county_us_55061
city_us_9405,county_us_53053
city_us_9406,county_us_48139
city_us_9407,county_us_04005
city_us_9408,county_us_42125
city_us_9409,county_us_17027
city_us_9410,county_us_06049
city_us_9411,county_us_27061
city_us_9412,county_us_55141
city_us_9413,county_us_35009
city_us_9414,county_us_42019
city_us_9415,county_us_48141
city_us_9416,county_us_09150
city_us_9417,county_us_54039
city_us_9418,county_us_36023
city_us_9419,county_us_48149
city_us_9420,county_us_53061
city_us_9421,county_us_12021
city_us_9422,county_us_26069
city_us_9423,county_us_39129
city_us_9424,county_us_24025
city_us_9425,county_us_41071
city_us_9426,county_us_17119
city_us_9427,county_us_37147
city_us_9428,county_us_47033
city_us_9429,county_us_20009
city_us_9430,county_us_39107
city_us_9431,county_us_55027
city_us_9432,county_us_34029
city_us_9433,county_us_48131
city_us_9434,county_us_51155
city_us_9435,county_us_19167
city_us_9436,county_us_17179
city_us_9437,county_us_21183
city_us_9438,county_us_01021
city_us_9439,county_us_09110
city_us_9440,county_us_48153
city_us_9441,county_us_40073
city_us_9442,county_us_42133
city_us_9443,county_us_39167
city_us_9444,county_us_09190
city_us_9445,county_us_47163
city_us_9446,county_us_47051
city_us_9447,county_us_48317
city_us_9448,county_us_37151
city_us_9449,county_us_51107
city_us_9450,county_us_06033
city_us_9451,county_us_06007
city_us_9452,county_us_06109
city_us_9453,county_us_37157
city_us_9454,county_us_39061
city_us_9455,county_us_42091
city_us_9456,county_us_39093
city_us_9457,county_us_17163
city_us_9458,county_us_20149
city_us_9459,county_us_51059
city_us_9460,county_us_04025
city_us_9461,county_us_01061
city_us_9462,county_us_10005
city_us_9463,county_us_06005
city_us_9464,county_us_42007
city_us_9465,county_us_42021
city_us_9466,county_us_39157
city_us_9467,county_us_12023
city_us_9468,county_us_12115
city_us_9469,county_us_26115
city_us_9470,county_us_05017
city_us_9471,county_us_25023
city_us_9472,county_us_38069
city_us_9473,county_us_22073
city_us_9474,county_us_34029
city_us_9475,county_us_26125
city_us_9476,county_us_19005
city_us_9477,county_us_42081
city_us_9478,county_us_42017
city_us_9479,county_us_21127
city_us_9480,county_us_51033
city_us_9481,county_us_42129
city_us_9482,county_us_42099
city_us_9483,county_us_40011
city_us_9484,county_us_37031
city_us_9485,county_us_04017
city_us_9486,county_us_04015
city_us_9487,county_us_33015
city_us_9488,county_us_16007
city_us_9489,county_us_06081
city_us_9490,county_us_47163
city_us_9491,county_us_53055
city_us_9492,county_us_24009
city_us_9493,county_us_48441
city_us_9494,county_us_19083
city_us_9495,county_us_25023
city_us_9496,county_us_42045
city_us_9497,county_us_53035
city_us_9498,county_us_08041
city_us_9499,county_us_13067
city_us_9500,county_us_39083
city_us_9501,county_us_24033
city_us_9502,county_us_06035
city_us_9503,county_us_48375
city_us_9504,county_us_30073
city_us_9505,county_us_42079
city_us_9506,county_us_37107
city_us_9507,county_us_53047
city_us_9508,county_us_56023
city_us_9509,county_us_20037
city_us_9510,county_us_22103
city_us_9511,county_us_04021
city_us_9512,county_us_39025
city_us_9513,county_us_19183
city_us_9514,county_us_37121
city_us_9515,county_us_01093
city_us_9516,county_us_42129
city_us_9517,county_us_55027
city_us_9518,county_us_35027
city_us_9519,county_us_36065
city_us_9520,county_us_27053
city_us_9521,county_us_37197
city_us_9522,county_us_30085
city_us_9523,county_us_04015
city_us_9524,county_us_28133
city_us_9525,county_us_39119
city_us_9526,county_us_05143
city_us_9527,county_us_19119
city_us_9528,county_us_36059
city_us_9529,county_us_22083
city_us_9530,county_us_42003
city_us_9531,county_us_42133
city_us_9532,county_us_04015
city_us_9533,county_us_27121
city_us_9534,county_us_29131
city_us_9535,county_us_21181
city_us_9536,county_us_08035
city_us_9537,county_us_36109
city_us_9538,county_us_25001
city_us_9539,county_us_36103
city_us_9540,county_us_48167
city_us_9541,county_us_17167
city_us_9542,county_us_29209
city_us_9543,county_us_28135
city_us_9544,county_us_12037
city_us_9545,county_us_42017
city_us_9546,county_us_53015
city_us_9547,county_us_42091
city_us_9548,county_us_53011
city_us_9549,county_us_05075
city_us_9550,county_us_36013
city_us_9551,county_us_48439
city_us_9552,county_us_34029
city_us_9553,county_us_08065
city_us_9554,county_us_47181
city_us_9555,county_us_39031
city_us_9556,county_us_08113
city_us_9557,county_us_42129
city_us_9558,county_us_31031
city_us_9559,county_us_39153
city_us_9560,county_us_48339
city_us_9561,county_us_18047
city_us_9562,county_us_18103
city_us_9563,county_us_53007
city_us_9564,county_us_47011
city_us_9565,county_us_21221
city_us_9566,county_us_13251
city_us_9567,county_us_20031
city_us_9568,county_us_22053
city_us_9569,county_us_26151
city_us_9570,county_us_13119
city_us_9571,county_us_29219
city_us_9572,county_us_36059
city_us_9573,county_us_37089
city_us_9574,county_us_13089
city_us_9575,county_us_42071
city_us_9576,county_us_37091
city_us_9577,county_us_42079
city_us_9578,county_us_16011
city_us_9579,county_us_06065
city_us_9580,county_us_24033
city_us_9581,county_us_17169
city_us_9582,county_us_26125
city_us_9583,county_us_48257
city_us_9584,county_us_29189
city_us_9585,county_us_55073
city_us_9586,county_us_16005
city_us_9587,county_us_28141
city_us_9588,county_us_39027
city_us_9589,county_us_39025
city_us_9590,county_us_41047
city_us_9591,county_us_27035
city_us_9592,county_us_06115
city_us_9593,county_us_25023
city_us_9594,county_us_48157
city_us_9595,county_us_46083
city_us_9596,county_us_06029
city_us_9597,county_us_37067
city_us_9598,county_us_37099
city_us_9599,county_us_26115
city_us_9600,county_us_48215
city_us_9601,county_us_48439
city_us_9602,county_us_28017
city_us_9603,county_us_29097
city_us_9604,county_us_37123
city_us_9605,county_us_17197
city_us_9606,county_us_28127
city_us_9607,county_us_39119
city_us_9608,county_us_13159
city_us_9609,county_us_12083
city_us_9610,county_us_29189
city_us_9611,county_us_39133
city_us_9612,county_us_42017
city_us_9613,county_us_10005
city_us_9614,county_us_13045
city_us_9615,county_us_35035
city_us_9616,county_us_27111
city_us_9617,county_us_45083
city_us_9618,county_us_18141
city_us_9619,county_us_12065
city_us_9620,county_us_06061
city_us_9621,county_us_18095
city_us_9622,county_us_36103
city_us_9623,county_us_06085
city_us_9624,county_us_36013
city_us_9625,county_us_17197
city_us_9626,county_us_55021
city_us_9627,county_us_05047
city_us_9628,county_us_22121
city_us_9629,county_us_48027
city_us_9630,county_us_22103
city_us_9631,county_us_42107
city_us_9632,county_us_39025
city_us_9633,county_us_18053
city_us_9634,county_us_42103
city_us_9635,county_us_37037
city_us_9636,county_us_39029
city_us_9637,county_us_39157
city_us_9638,county_us_37101
city_us_9639,county_us_25005
city_us_9640,county_us_45047
city_us_9641,county_us_49003
city_us_9642,county_us_48427
city_us_9643,county_us_26107
city_us_9644,county_us_13255
city_us_9645,county_us_48309
city_us_9646,county_us_54069
city_us_9647,county_us_37133
city_us_9648,county_us_50015
city_us_9649,county_us_37033
city_us_9650,county_us_12051
city_us_9651,county_us_35045
city_us_9652,county_us_09190
city_us_9653,county_us_42125
city_us_9654,county_us_19113
city_us_9655,county_us_39099
city_us_9656,county_us_13109
city_us_9657,county_us_29071
city_us_9658,county_us_55089
city_us_9659,county_us_12069
city_us_9660,county_us_12115
city_us_9661,county_us_08029
city_us_9662,county_us_49027
city_us_9663,county_us_39143
city_us_9664,county_us_45019
city_us_9665,county_us_39145
city_us_9666,county_us_08077
city_us_9667,county_us_34023
city_us_9668,county_us_29077
city_us_9669,county_us_37019
city_us_9670,county_us_42081
city_us_9671,county_us_38057
city_us_9672,county_us_55049
city_us_9673,county_us_42077
city_us_9674,county_us_48257
city_us_9675,county_us_34007
city_us_9676,county_us_36079
city_us_9677,county_us_01089
city_us_9678,county_us_18101
city_us_9679,county_us_54067
city_us_9680,county_us_26159
city_us_9681,county_us_22085
city_us_9682,county_us_27115
city_us_9683,county_us_39057
city_us_9684,county_us_42091
city_us_9685,county_us_17099
city_us_9686,county_us_37179
city_us_9687,county_us_26159
city_us_9688,county_us_30029
city_us_9689,county_us_46109
city_us_9690,county_us_26079
city_us_9691,county_us_05085
city_us_9692,county_us_25027
city_us_9693,county_us_50001
city_us_9694,county_us_39109
city_us_9695,county_us_29119
city_us_9696,county_us_02170
city_us_9697,county_us_17067
city_us_9698,county_us_27157
city_us_9699,county_us_51059
city_us_9700,county_us_29221
city_us_9701,county_us_01049
city_us_9702,county_us_42033
city_us_9703,county_us_23011
city_us_9704,county_us_29091
city_us_9705,county_us_12053
city_us_9706,county_us_16021
city_us_9707,county_us_19013
city_us_9708,county_us_01009
city_us_9709,county_us_16013
city_us_9710,county_us_36029
city_us_9711,county_us_34027
city_us_9712,county_us_01021
city_us_9713,county_us_13051
city_us_9714,county_us_42065
city_us_9715,county_us_29109
city_us_9716,county_us_36029
city_us_9717,county_us_51179
city_us_9718,county_us_54107
city_us_9719,county_us_29141
city_us_9720,county_us_34023
city_us_9721,county_us_05145
city_us_9722,county_us_16081
city_us_9723,county_us_21191
city_us_9724,county_us_42043
city_us_9725,county_us_06071
city_us_9726,county_us_17061
city_us_9727,county_us_29049
city_us_9728,county_us_06017
city_us_9729,county_us_22055
city_us_9730,county_us_36031
city_us_9731,county_us_20173
city_us_9732,county_us_42079
city_us_9733,county_us_42025
city_us_9734,county_us_18131
city_us_9735,county_us_29215
city_us_9736,county_us_13029
city_us_9737,county_us_40109
city_us_9738,county_us_09170
city_us_9739,county_us_47007
city_us_9740,county_us_48489
city_us_9741,county_us_34031
city_us_9742,county_us_39145
city_us_9743,county_us_46015
city_us_9744,county_us_13267
city_us_9745,county_us_06041
city_us_9746,county_us_17031
city_us_9747,county_us_18121
city_us_9748,county_us_48181
city_us_9749,county_us_27013
city_us_9750,county_us_28003
city_us_9751,county_us_41015
city_us_9752,county_us_22093
city_us_9753,county_us_51107
city_us_9754,county_us_34009
city_us_9755,county_us_34041
city_us_9756,county_us_09190
city_us_9757,county_us_48361
city_us_9758,county_us_39077
city_us_9759,county_us_26139
city_us_9760,county_us_49041
city_us_9761,county_us_31159
city_us_9762,county_us_36019
city_us_9763,county_us_48439
city_us_9764,county_us_56037
city_us_9765,county_us_13137
city_us_9766,county_us_37101
city_us_9767,county_us_48159
city_us_9768,county_us_13057
city_us_9769,county_us_47089
city_us_9770,county_us_42079
city_us_9771,county_us_13135
city_us_9772,county_us_55113
city_us_9773,county_us_42075
city_us_9774,county_us_39131
city_us_9775,county_us_48133
city_us_9776,county_us_21157
city_us_9777,county_us_42003
city_us_9778,county_us_12069
city_us_9779,county_us_35049
city_us_9780,county_us_48499
city_us_9781,county_us_42021
city_us_9782,county_us_46117
city_us_9783,county_us_39123
city_us_9784,county_us_26127
city_us_9785,county_us_55139
city_us_9786,county_us_17141
city_us_9787,county_us_27035
city_us_9788,county_us_37155
city_us_9789,county_us_36027
city_us_9790,county_us_22051
city_us_9791,county_us_39089
city_us_9792,county_us_18095
city_us_9793,county_us_01127
city_us_9794,county_us_06077
city_us_9795,county_us_53033
city_us_9796,county_us_26121
city_us_9797,county_us_01051
city_us_9798,county_us_48339
city_us_9799,county_us_36067
city_us_9800,county_us_45051
city_us_9801,county_us_22087
city_us_9802,county_us_19197
city_us_9803,county_us_42013
city_us_9804,county_us_27045
city_us_9805,county_us_22109
city_us_9806,county_us_42081
city_us_9807,county_us_16055
city_us_9808,county_us_01103
city_us_9809,county_us_39023
city_us_9810,county_us_28135
city_us_9811,county_us_06111
city_us_9812,county_us_05141
city_us_9813,county_us_45003
city_us_9814,county_us_53065
city_us_9815,county_us_02063
city_us_9816,county_us_20159
city_us_9817,county_us_36087
city_us_9818,county_us_17055
city_us_9819,county_us_12069
city_us_9820,county_us_19153
city_us_9821,county_us_36079
city_us_9822,county_us_53039
city_us_9823,county_us_48453
city_us_9824,county_us_42001
city_us_9825,county_us_12037
city_us_9826,county_us_45083
city_us_9827,county_us_45037
city_us_9828,county_us_19031
city_us_9829,county_us_01043
city_us_9830,county_us_48343
city_us_9831,county_us_27079
city_us_9832,county_us_19019
city_us_9833,county_us_34005
city_us_9834,county_us_42125
city_us_9835,county_us_48021
city_us_9836,county_us_06039
city_us_9837,county_us_49041
city_us_9838,county_us_08103
city_us_9839,county_us_06083
city_us_9840,county_us_08035
city_us_9841,county_us_42017
city_us_9842,county_us_53027
city_us_9843,county_us_47053
city_us_9844,county_us_42013
city_us_9845,county_us_05031
city_us_9846,county_us_34009
city_us_9847,county_us_38017
city_us_9848,county_us_47057
city_us_9849,county_us_06107
city_us_9850,county_us_48267
city_us_9851,county_us_24021
city_us_9852,county_us_48455
city_us_9853,county_us_42107
city_us_9854,county_us_29189
city_us_9855,county_us_47059
city_us_9856,county_us_37193
city_us_9857,county_us_24009
city_us_9858,county_us_04007
city_us_9859,county_us_06023
city_us_9860,county_us_55141
city_us_9861,county_us_18039
city_us_9862,county_us_12095
city_us_9863,county_us_06019
city_us_9864,county_us_53061
city_us_9865,county_us_55133
city_us_9866,county_us_37017
city_us_9867,county_us_12029
city_us_9868,county_us_37191
city_us_9869,county_us_39089
city_us_9870,county_us_12049
city_us_9871,county_us_12117
city_us_9872,county_us_41017
city_us_9873,county_us_53025
city_us_9874,county_us_49007
city_us_9875,county_us_36055
city_us_9876,county_us_53029
city_us_9877,county_us_26133
city_us_9878,county_us_26091
city_us_9879,county_us_48029
city_us_9880,county_us_37069
city_us_9881,county_us_42129
city_us_9882,county_us_12103
city_us_9883,county_us_21027
city_us_9884,county_us_12021
city_us_9885,county_us_01069
city_us_9886,county_us_05125
city_us_9887,county_us_17111
city_us_9888,county_us_26029
city_us_9889,county_us_53011
city_us_9890,county_us_17073
city_us_9891,county_us_48233
city_us_9892,county_us_19087
city_us_9893,county_us_17123
city_us_9894,county_us_06029
city_us_9895,county_us_12005
city_us_9896,county_us_48147
city_us_9897,county_us_19065
city_us_9898,county_us_05131
city_us_9899,county_us_12015
city_us_9900,county_us_05005
city_us_9901,county_us_42029
city_us_9902,county_us_45003
city_us_9903,county_us_37001
city_us_9904,county_us_42027
city_us_9905,county_us_55065
city_us_9906,county_us_34013
city_us_9907,county_us_23031
city_us_9908,county_us_08125
city_us_9909,county_us_42071
city_us_9910,county_us_27019
city_us_9911,county_us_34005
city_us_9912,county_us_25023
city_us_9913,county_us_22055
city_us_9914,county_us_13075
city_us_9915,county_us_26123
city_us_9916,county_us_25023
city_us_9917,county_us_34029
city_us_9918,county_us_35039
city_us_9919,county_us_47173
city_us_9920,county_us_27161
city_us_9921,county_us_12113
city_us_9922,county_us_06019
city_us_9923,county_us_47159
city_us_9924,county_us_27123
city_us_9925,county_us_41031
city_us_9926,county_us_13179
city_us_9927,county_us_36071
city_us_9928,county_us_20127
city_us_9929,county_us_47039
city_us_9930,county_us_04017
city_us_9931,county_us_26049
city_us_9932,county_us_42097
city_us_9933,county_us_26145
city_us_9934,county_us_13039
city_us_9935,county_us_27003
city_us_9936,county_us_22007
city_us_9937,county_us_04027
city_us_9938,county_us_37089
city_us_9939,county_us_17197
city_us_9940,county_us_55089
city_us_9941,county_us_42091
city_us_9942,county_us_24039
city_us_9943,county_us_06079
city_us_9944,county_us_26065
city_us_9945,county_us_29187
city_us_9946,county_us_29043
city_us_9947,county_us_17117
city_us_9948,county_us_36075
city_us_9949,county_us_48305
city_us_9950,county_us_06109
city_us_9951,county_us_37053
city_us_9952,county_us_01115
city_us_9953,county_us_15007
city_us_9954,county_us_37157
city_us_9955,county_us_48439
city_us_9956,county_us_48027
city_us_9957,county_us_51107
city_us_9958,county_us_48469
city_us_9959,county_us_37159
city_us_9960,county_us_42129
city_us_9961,county_us_55117
city_us_9962,county_us_31055
city_us_9963,county_us_27145
city_us_9964,county_us_08059
city_us_9965,county_us_08095
city_us_9966,county_us_05065
city_us_9967,county_us_42019
city_us_9968,county_us_06027
city_us_9969,county_us_09180
city_us_9970,county_us_29047
city_us_9971,county_us_01097
city_us_9972,county_us_18037
city_us_9973,county_us_01023
city_us_9974,county_us_54033
city_us_9975,county_us_27143
city_us_9976,county_us_06063
city_us_9977,county_us_17129
city_us_9978,county_us_53027
city_us_9979,county_us_12101
city_us_9980,county_us_48249
city_us_9981,county_us_34023
city_us_9982,county_us_01119
city_us_9983,county_us_27023
city_us_9984,county_us_05065
city_us_9985,county_us_22113
city_us_9986,county_us_04019
city_us_9987,county_us_04013
city_us_9988,county_us_29165
city_us_9989,county_us_42051
city_us_9990,county_us_08011
city_us_9991,county_us_18051
city_us_9992,county_us_48121
city_us_9993,county_us_37069
city_us_9994,county_us_19011
city_us_9995,county_us_48071
city_us_9996,county_us_18115
city_us_9997,county_us_01125
city_us_9998,county_us_48215
city_us_9999,county_us_21111
city_us_10000,county_us_46127
city_us_10001,county_us_12086
city_us_10002,county_us_17041
city_us_10003,county_us_01065
city_us_10004,county_us_37089
city_us_10005,county_us_48071
city_us_10006,county_us_29215
city_us_10007,county_us_53017
city_us_10008,county_us_36103
city_us_10009,county_us_51003
city_us_10010,county_us_55101
city_us_10011,county_us_17103
city_us_10012,county_us_39017
city_us_10013,county_us_49043
city_us_10014,county_us_17101
city_us_10015,county_us_26075
city_us_10016,county_us_13313
city_us_10017,county_us_35045
city_us_10018,county_us_16009
city_us_10019,county_us_48201
city_us_10020,county_us_01115
city_us_10021,county_us_18127
city_us_10022,county_us_42125
city_us_10023,county_us_31093
city_us_10024,county_us_04025
city_us_10025,county_us_22079
city_us_10026,county_us_13103
city_us_10027,county_us_47033
city_us_10028,county_us_36027
city_us_10029,county_us_01117
city_us_10030,county_us_18095
city_us_10031,county_us_24025
city_us_10032,county_us_34029
city_us_10033,county_us_55009
city_us_10034,county_us_15001
city_us_10035,county_us_48037
city_us_10036,county_us_39045
city_us_10037,county_us_51155
city_us_10038,county_us_42079
city_us_10039,county_us_06063
city_us_10040,county_us_10005
city_us_10041,county_us_17129
city_us_10042,county_us_17097
city_us_10043,county_us_39157
city_us_10044,county_us_48367
city_us_10045,county_us_06029
city_us_10046,county_us_47091
city_us_10047,county_us_42103
city_us_10048,county_us_20055
city_us_10049,county_us_48453
city_us_10050,county_us_22047
city_us_10051,county_us_24021
city_us_10052,county_us_49037
city_us_10053,county_us_05031
city_us_10054,county_us_01003
city_us_10055,county_us_53011
city_us_10056,county_us_01073
city_us_10057,county_us_21095
city_us_10058,county_us_29107
city_us_10059,county_us_06033
city_us_10060,county_us_19025
city_us_10061,county_us_13055
city_us_10062,county_us_05031
city_us_10063,county_us_48209
city_us_10064,county_us_34015
city_us_10065,county_us_55099
city_us_10066,county_us_21059
city_us_10067,county_us_42079
city_us_10068,county_us_08043
city_us_10069,county_us_22015
city_us_10070,county_us_48399
city_us_10071,county_us_48061
city_us_10072,county_us_06029
city_us_10073,county_us_42105
city_us_10074,county_us_36105
city_us_10075,county_us_05149
city_us_10076,county_us_08103
city_us_10077,county_us_42029
city_us_10078,county_us_06099
city_us_10079,county_us_37199
city_us_10080,county_us_20173
city_us_10081,county_us_28089
city_us_10082,county_us_04007
city_us_10083,county_us_47181
city_us_10084,county_us_05007
city_us_10085,county_us_37167
city_us_10086,county_us_26021
city_us_10087,county_us_42077
city_us_10088,county_us_47147
city_us_10089,county_us_24009
city_us_10090,county_us_36111
city_us_10091,county_us_16055
city_us_10092,county_us_45037
city_us_10093,county_us_35006
city_us_10094,county_us_29073
city_us_10095,county_us_51041
city_us_10096,county_us_48027
city_us_10097,county_us_42133
city_us_10098,county_us_24021
city_us_10099,county_us_12095
city_us_10100,county_us_28151
city_us_10101,county_us_51173
city_us_10102,county_us_48187
city_us_10103,county_us_06029
city_us_10104,county_us_54055
city_us_10105,county_us_51165
city_us_10106,county_us_25007
city_us_10107,county_us_29155
city_us_10108,county_us_32007
city_us_10109,county_us_01071
city_us_10110,county_us_42133
city_us_10111,county_us_48213
city_us_10112,county_us_34031
city_us_10113,county_us_40019
city_us_10114,county_us_06079
city_us_10115,county_us_40127
city_us_10116,county_us_35031
city_us_10117,county_us_42071
city_us_10118,county_us_55045
city_us_10119,county_us_24021
city_us_10120,county_us_24047
city_us_10121,county_us_05015
city_us_10122,county_us_27129
city_us_10123,county_us_36111
city_us_10124,county_us_47173
city_us_10125,county_us_48213
city_us_10126,county_us_36107
city_us_10127,county_us_12103
city_us_10128,county_us_37023
city_us_10129,county_us_21099
city_us_10130,county_us_36059
city_us_10131,county_us_22039
city_us_10132,county_us_28157
city_us_10133,county_us_27165
city_us_10134,county_us_17019
city_us_10135,county_us_47047
city_us_10136,county_us_24009
city_us_10137,county_us_20131
city_us_10138,county_us_12055
city_us_10139,county_us_08109
city_us_10140,county_us_53059
city_us_10141,county_us_36107
city_us_10142,county_us_22057
city_us_10143,county_us_19013
city_us_10144,county_us_51069
city_us_10145,county_us_13045
city_us_10146,county_us_53053
city_us_10147,county_us_35045
city_us_10148,county_us_46103
city_us_10149,county_us_34011
city_us_10150,county_us_36103
city_us_10151,county_us_21207
city_us_10152,county_us_21203
city_us_10153,county_us_17027
city_us_10154,county_us_42071
city_us_10155,county_us_28147
city_us_10156,county_us_01117
city_us_10157,county_us_48241
city_us_10158,county_us_19167
city_us_10159,county_us_22089
city_us_10160,county_us_41071
city_us_10161,county_us_51117
city_us_10162,county_us_39165
city_us_10163,county_us_53061
city_us_10164,county_us_18055
city_us_10165,county_us_12083
city_us_10166,county_us_35049
city_us_10167,county_us_48439
city_us_10168,county_us_48217
city_us_10169,county_us_34025
city_us_10170,county_us_22031
city_us_10171,county_us_12099
city_us_10172,county_us_47109
city_us_10173,county_us_42077
city_us_10174,county_us_51107
city_us_10175,county_us_42011
city_us_10176,county_us_36067
city_us_10177,county_us_51159
city_us_10178,county_us_48211
city_us_10179,county_us_05085
city_us_10180,county_us_48139
city_us_10181,county_us_54009
city_us_10182,county_us_54033
city_us_10183,county_us_06041
city_us_10184,county_us_06065
city_us_10185,county_us_30087
city_us_10186,county_us_04021
city_us_10187,county_us_29015
city_us_10188,county_us_42041
city_us_10189,county_us_28101
city_us_10190,county_us_01107
city_us_10191,county_us_42039
city_us_10192,county_us_48039
city_us_10193,county_us_37085
city_us_10194,county_us_42071
city_us_10195,county_us_35006
city_us_10196,county_us_12011
city_us_10197,county_us_39111
city_us_10198,county_us_05111
city_us_10199,county_us_30009
city_us_10200,county_us_42017
city_us_10201,county_us_48201
city_us_10202,county_us_06087
city_us_10203,county_us_06029
city_us_10204,county_us_17087
city_us_10205,county_us_48239
city_us_10206,county_us_12099
city_us_10207,county_us_48407
city_us_10208,county_us_25001
city_us_10209,county_us_55123
city_us_10210,county_us_54109
city_us_10211,county_us_45019
city_us_10212,county_us_09130
city_us_10213,county_us_47073
city_us_10214,county_us_42097
city_us_10215,county_us_42051
city_us_10216,county_us_48073
city_us_10217,county_us_17197
city_us_10218,county_us_53077
city_us_10219,county_us_42107
city_us_10220,county_us_37129
city_us_10221,county_us_35055
city_us_10222,county_us_19061
city_us_10223,county_us_39061
city_us_10224,county_us_26035
city_us_10225,county_us_39127
city_us_10226,county_us_45057
city_us_10227,county_us_55019
city_us_10228,county_us_01109
city_us_10229,county_us_55127
city_us_10230,county_us_01067
city_us_10231,county_us_36103
city_us_10232,county_us_29169
city_us_10233,county_us_06065
city_us_10234,county_us_21087
city_us_10235,county_us_48105
city_us_10236,county_us_13119
city_us_10237,county_us_12021
city_us_10238,county_us_26059
city_us_10239,county_us_45069
city_us_10240,county_us_36119
city_us_10241,county_us_56023
city_us_10242,county_us_34023
city_us_10243,county_us_40115
city_us_10244,county_us_34035
city_us_10245,county_us_48499
city_us_10246,county_us_17143
city_us_10247,county_us_37155
city_us_10248,county_us_34023
city_us_10249,county_us_27159
city_us_10250,county_us_05079
city_us_10251,county_us_24017
city_us_10252,county_us_51009
city_us_10253,county_us_42039
city_us_10254,county_us_47183
city_us_10255,county_us_29097
city_us_10256,county_us_19011
city_us_10257,county_us_48061
city_us_10258,county_us_21215
city_us_10259,county_us_16079
city_us_10260,county_us_17023
city_us_10261,county_us_47143
city_us_10262,county_us_13137
city_us_10263,county_us_42047
city_us_10264,county_us_40091
city_us_10265,county_us_42059
city_us_10266,county_us_36001
city_us_10267,county_us_06007
city_us_10268,county_us_05141
city_us_10269,county_us_51089
city_us_10270,county_us_42045
city_us_10271,county_us_22115
city_us_10272,county_us_34013
city_us_10273,county_us_20077
city_us_10274,county_us_15001
city_us_10275,county_us_41071
city_us_10276,county_us_22027
city_us_10277,county_us_21025
city_us_10278,county_us_48029
city_us_10279,county_us_28029
city_us_10280,county_us_25027
city_us_10281,county_us_47131
city_us_10282,county_us_40037
city_us_10283,county_us_41009
city_us_10284,county_us_29049
city_us_10285,county_us_19053
city_us_10286,county_us_24019
city_us_10287,county_us_40037
city_us_10288,county_us_42051
city_us_10289,county_us_39025
city_us_10290,county_us_42129
city_us_10291,county_us_26155
city_us_10292,county_us_54073
city_us_10293,county_us_15007
city_us_10294,county_us_40033
city_us_10295,county_us_36031
city_us_10296,county_us_48181
city_us_10297,county_us_28155
city_us_10298,county_us_34025
city_us_10299,county_us_28081
city_us_10300,county_us_34007
city_us_10301,county_us_27043
city_us_10302,county_us_12071
city_us_10303,county_us_13241
city_us_10304,county_us_42011
city_us_10305,county_us_24009
city_us_10306,county_us_26049
city_us_10307,county_us_42027
city_us_10308,county_us_26157
city_us_10309,county_us_29145
city_us_10310,county_us_15003
city_us_10311,county_us_28051
city_us_10312,county_us_22089
city_us_10313,county_us_01073
city_us_10314,county_us_48453
city_us_10315,county_us_42027
city_us_10316,county_us_36119
city_us_10317,county_us_06063
city_us_10318,county_us_27145
city_us_10319,county_us_28031
city_us_10320,county_us_10001
city_us_10321,county_us_37101
city_us_10322,county_us_06065
city_us_10323,county_us_55095
city_us_10324,county_us_53057
city_us_10325,county_us_06029
city_us_10326,county_us_17111
city_us_10327,county_us_21053
city_us_10328,county_us_34009
city_us_10329,county_us_55005
city_us_10330,county_us_42125
city_us_10331,county_us_48013
city_us_10332,county_us_12097
city_us_10333,county_us_35039
city_us_10334,county_us_12087
city_us_10335,county_us_26161
city_us_10336,county_us_37155
city_us_10337,county_us_47163
city_us_10338,county_us_27171
city_us_10339,county_us_02122
city_us_10340,county_us_17125
city_us_10341,county_us_35025
city_us_10342,county_us_22105
city_us_10343,county_us_39059
city_us_10344,county_us_42133
city_us_10345,county_us_34029
city_us_10346,county_us_28075
city_us_10347,county_us_27053
city_us_10348,county_us_42083
city_us_10349,county_us_12009
city_us_10350,county_us_45063
city_us_10351,county_us_48029
city_us_10352,county_us_55073
city_us_10353,county_us_53027
city_us_10354,county_us_15007
city_us_10355,county_us_51105
city_us_10356,county_us_01069
city_us_10357,county_us_46115
city_us_10358,county_us_25001
city_us_10359,county_us_17073
city_us_10360,county_us_13209
city_us_10361,county_us_36067
city_us_10362,county_us_42011
city_us_10363,county_us_34029
city_us_10364,county_us_51191
city_us_10365,county_us_53045
city_us_10366,county_us_18109
city_us_10367,county_us_42073
city_us_10368,county_us_06089
city_us_10369,county_us_42041
city_us_10370,county_us_46101
city_us_10371,county_us_48351
city_us_10372,county_us_36059
city_us_10373,county_us_34003
city_us_10374,county_us_20079
city_us_10375,county_us_42051
city_us_10376,county_us_24009
city_us_10377,county_us_15007
city_us_10378,county_us_34035
city_us_10379,county_us_53047
city_us_10380,county_us_24031
city_us_10381,county_us_18119
city_us_10382,county_us_20073
city_us_10383,county_us_12087
city_us_10384,county_us_17179
city_us_10385,county_us_20205
city_us_10386,county_us_49005
city_us_10387,county_us_42029
city_us_10388,county_us_42089
city_us_10389,county_us_08069
city_us_10390,county_us_51069
city_us_10391,county_us_26097
city_us_10392,county_us_01055
city_us_10393,county_us_12099
city_us_10394,county_us_39155
city_us_10395,county_us_45015
city_us_10396,county_us_17049
city_us_10397,county_us_56023
city_us_10398,county_us_22113
city_us_10399,county_us_36103
city_us_10400,county_us_01005
city_us_10401,county_us_45049
city_us_10402,county_us_09110
city_us_10403,county_us_06061
city_us_10404,county_us_12071
city_us_10405,county_us_28109
city_us_10406,county_us_18117
city_us_10407,county_us_21081
city_us_10408,county_us_48479
city_us_10409,county_us_28133
city_us_10410,county_us_17113
city_us_10411,county_us_12011
city_us_10412,county_us_20009
city_us_10413,county_us_17043
city_us_10414,county_us_41057
city_us_10415,county_us_09110
city_us_10416,county_us_36111
city_us_10417,county_us_25023
city_us_10418,county_us_34041
city_us_10419,county_us_06015
city_us_10420,county_us_39159
city_us_10421,county_us_42043
city_us_10422,county_us_16071
city_us_10423,county_us_18127
city_us_10424,county_us_15003
city_us_10425,county_us_06105
city_us_10426,county_us_48481
city_us_10427,county_us_46009
city_us_10428,county_us_45073
city_us_10429,county_us_22113
city_us_10430,county_us_34037
city_us_10431,county_us_01097
city_us_10432,county_us_13277
city_us_10433,county_us_39137
city_us_10434,county_us_26149
city_us_10435,county_us_19057
city_us_10436,county_us_54045
city_us_10437,county_us_34015
city_us_10438,county_us_36091
city_us_10439,county_us_13119
city_us_10440,county_us_39155
city_us_10441,county_us_51015
city_us_10442,county_us_15009
city_us_10443,county_us_39057
city_us_10444,county_us_36119
city_us_10445,county_us_48303
city_us_10446,county_us_26115
city_us_10447,county_us_44009
city_us_10448,county_us_41061
city_us_10449,county_us_23017
city_us_10450,county_us_19021
city_us_10451,county_us_18007
city_us_10452,county_us_55025
city_us_10453,county_us_31029
city_us_10454,county_us_47025
city_us_10455,county_us_42089
city_us_10456,county_us_42017
city_us_10457,county_us_24045
city_us_10458,county_us_35013
city_us_10459,county_us_20147
city_us_10460,county_us_55001
city_us_10461,county_us_42133
city_us_10462,county_us_05145
city_us_10463,county_us_51141
city_us_10464,county_us_06089
city_us_10465,county_us_01125
city_us_10466,county_us_17135
city_us_10467,county_us_41005
city_us_10468,county_us_18133
city_us_10469,county_us_48087
city_us_10470,county_us_18065
city_us_10471,county_us_45045
city_us_10472,county_us_37003
city_us_10473,county_us_26129
city_us_10474,county_us_37031
city_us_10475,county_us_34029
city_us_10476,county_us_39115
city_us_10477,county_us_13303
city_us_10478,county_us_24031
city_us_10479,county_us_42021
city_us_10480,county_us_06013
city_us_10481,county_us_37087
city_us_10482,county_us_21051
city_us_10483,county_us_06029
city_us_10484,county_us_17167
city_us_10485,county_us_42003
city_us_10486,county_us_28109
city_us_10487,county_us_28073
city_us_10488,county_us_42091
city_us_10489,county_us_36013
city_us_10490,county_us_21111
city_us_10491,county_us_42065
city_us_10492,county_us_06021
city_us_10493,county_us_39023
city_us_10494,county_us_45085
city_us_10495,county_us_29115
city_us_10496,county_us_39057
city_us_10497,county_us_38061
city_us_10498,county_us_48113
city_us_10499,county_us_13083
city_us_10500,county_us_15001
city_us_10501,county_us_09190
city_us_10502,county_us_42069
city_us_10503,county_us_55073
city_us_10504,county_us_19099
city_us_10505,county_us_49005
city_us_10506,county_us_37157
city_us_10507,county_us_06097
city_us_10508,county_us_09110
city_us_10509,county_us_34023
city_us_10510,county_us_48123
city_us_10511,county_us_18147
city_us_10512,county_us_06111
city_us_10513,county_us_22097
city_us_10514,county_us_47013
city_us_10515,county_us_48181
city_us_10516,county_us_21077
city_us_10517,county_us_54009
city_us_10518,county_us_18133
city_us_10519,county_us_39097
city_us_10520,county_us_36043
city_us_10521,county_us_21091
city_us_10522,county_us_48309
city_us_10523,county_us_35055
city_us_10524,county_us_56003
city_us_10525,county_us_17009
city_us_10526,county_us_46127
city_us_10527,county_us_37049
city_us_10528,county_us_30007
city_us_10529,county_us_17061
city_us_10530,county_us_18065
city_us_10531,county_us_02070
city_us_10532,county_us_21059
city_us_10533,county_us_01069
city_us_10534,county_us_39003
city_us_10535,county_us_26127
city_us_10536,county_us_45049
city_us_10537,county_us_41031
city_us_10538,county_us_51109
city_us_10539,county_us_28125
city_us_10540,county_us_27017
city_us_10541,county_us_48439
city_us_10542,county_us_29207
city_us_10543,county_us_41063
city_us_10544,county_us_05045
city_us_10545,county_us_42045
city_us_10546,county_us_18151
city_us_10547,county_us_16017
city_us_10548,county_us_42017
city_us_10549,county_us_17031
city_us_10550,county_us_28107
city_us_10551,county_us_54061
city_us_10552,county_us_47021
city_us_10553,county_us_54089
city_us_10554,county_us_08123
city_us_10555,county_us_21021
city_us_10556,county_us_29205
city_us_10557,county_us_13059
city_us_10558,county_us_35049
city_us_10559,county_us_48427
city_us_10560,county_us_21045
city_us_10561,county_us_42125
city_us_10562,county_us_55043
city_us_10563,county_us_02122
city_us_10564,county_us_51171
city_us_10565,county_us_12063
city_us_10566,county_us_18141
city_us_10567,county_us_45083
city_us_10568,county_us_38031
city_us_10569,county_us_05017
city_us_10570,county_us_17143
city_us_10571,county_us_38073
city_us_10572,county_us_48319
city_us_10573,county_us_39035
city_us_10574,county_us_51011
city_us_10575,county_us_42073
city_us_10576,county_us_15009
city_us_10577,county_us_28045
city_us_10578,county_us_46121
city_us_10579,county_us_26065
city_us_10580,county_us_06087
city_us_10581,county_us_17037
city_us_10582,county_us_35057
city_us_10583,county_us_42009
city_us_10584,county_us_39061
city_us_10585,county_us_06109
city_us_10586,county_us_34009
city_us_10587,county_us_21133
city_us_10588,county_us_26103
city_us_10589,county_us_39103
city_us_10590,county_us_42107
city_us_10591,county_us_27001
city_us_10592,county_us_29213
city_us_10593,county_us_35017
city_us_10594,county_us_48029
city_us_10595,county_us_37133
city_us_10596,county_us_42133
city_us_10597,county_us_54003
city_us_10598,county_us_39061
city_us_10599,county_us_31105
city_us_10600,county_us_42011
city_us_10601,county_us_01131
city_us_10602,county_us_48423
city_us_10603,county_us_48031
city_us_10604,county_us_36119
city_us_10605,county_us_13299
city_us_10606,county_us_47011
city_us_10607,county_us_56003
city_us_10608,county_us_19017
city_us_10609,county_us_48053
city_us_10610,county_us_17117
city_us_10611,county_us_34035
city_us_10612,county_us_34001
city_us_10613,county_us_55117
city_us_10614,county_us_36077
city_us_10615,county_us_19195
city_us_10616,county_us_36087
city_us_10617,county_us_48215
city_us_10618,county_us_42133
city_us_10619,county_us_04012
city_us_10620,county_us_17201
city_us_10621,county_us_48377
city_us_10622,county_us_39035
city_us_10623,county_us_37133
city_us_10624,county_us_34023
city_us_10625,county_us_06017
city_us_10626,county_us_01003
city_us_10627,county_us_42011
city_us_10628,county_us_42005
city_us_10629,county_us_39021
city_us_10630,county_us_29181
city_us_10631,county_us_13183
city_us_10632,county_us_48485
city_us_10633,county_us_35035
city_us_10634,county_us_13051
city_us_10635,county_us_53051
city_us_10636,county_us_17047
city_us_10637,county_us_18033
city_us_10638,county_us_36103
city_us_10639,county_us_22109
city_us_10640,county_us_36059
city_us_10641,county_us_27035
city_us_10642,county_us_36103
city_us_10643,county_us_36109
city_us_10644,county_us_29045
city_us_10645,county_us_36111
city_us_10646,county_us_02275
city_us_10647,county_us_54029
city_us_10648,county_us_01055
city_us_10649,county_us_28051
city_us_10650,county_us_55073
city_us_10651,county_us_05093
city_us_10652,county_us_48491
city_us_10653,county_us_19097
city_us_10654,county_us_13201
city_us_10655,county_us_48191
city_us_10656,county_us_45019
city_us_10657,county_us_42061
city_us_10658,county_us_34025
city_us_10659,county_us_26067
city_us_10660,county_us_47065
city_us_10661,county_us_41059
city_us_10662,county_us_18015
city_us_10663,county_us_04021
city_us_10664,county_us_39003
city_us_10665,county_us_12039
city_us_10666,county_us_18125
city_us_10667,county_us_47049
city_us_10668,county_us_01001
city_us_10669,county_us_29091
city_us_10670,county_us_17163
city_us_10671,county_us_48121
city_us_10672,county_us_38021
city_us_10673,county_us_10001
city_us_10674,county_us_45045
city_us_10675,county_us_53015
city_us_10676,county_us_12095
city_us_10677,county_us_41039
city_us_10678,county_us_30071
city_us_10679,county_us_20205
city_us_10680,county_us_31175
city_us_10681,county_us_17119
city_us_10682,county_us_47019
city_us_10683,county_us_36027
city_us_10684,county_us_40125
city_us_10685,county_us_45041
city_us_10686,county_us_42111
city_us_10687,county_us_24033
city_us_10688,county_us_24023
city_us_10689,county_us_20051
city_us_10690,county_us_53037
city_us_10691,county_us_37101
city_us_10692,county_us_45021
city_us_10693,county_us_17201
city_us_10694,county_us_53033
city_us_10695,county_us_39155
city_us_10696,county_us_35023
city_us_10697,county_us_38035
city_us_10698,county_us_02150
city_us_10699,county_us_08019
city_us_10700,county_us_29149
city_us_10701,county_us_42071
city_us_10702,county_us_18089
city_us_10703,county_us_34001
city_us_10704,county_us_39121
city_us_10705,county_us_27147
city_us_10706,county_us_39001
city_us_10707,county_us_17113
city_us_10708,county_us_48093
city_us_10709,county_us_22095
city_us_10710,county_us_13319
city_us_10711,county_us_51069
city_us_10712,county_us_29189
city_us_10713,county_us_12127
city_us_10714,county_us_06037
city_us_10715,county_us_53061
city_us_10716,county_us_42007
city_us_10717,county_us_30063
city_us_10718,county_us_20079
city_us_10719,county_us_20125
city_us_10720,county_us_38009
city_us_10721,county_us_06077
city_us_10722,county_us_41011
city_us_10723,county_us_09140
city_us_10724,county_us_38097
city_us_10725,county_us_12061
city_us_10726,county_us_18149
city_us_10727,county_us_17089
city_us_10728,county_us_42091
city_us_10729,county_us_55133
city_us_10730,county_us_31119
city_us_10731,county_us_17057
city_us_10732,county_us_31059
city_us_10733,county_us_55055
city_us_10734,county_us_42133
city_us_10735,county_us_42027
city_us_10736,county_us_20157
city_us_10737,county_us_28143
city_us_10738,county_us_53073
city_us_10739,county_us_27137
city_us_10740,county_us_40079
city_us_10741,county_us_48285
city_us_10742,county_us_19149
city_us_10743,county_us_39151
city_us_10744,county_us_39011
city_us_10745,county_us_22073
city_us_10746,county_us_36009
city_us_10747,county_us_06053
city_us_10748,county_us_18157
city_us_10749,county_us_37079
city_us_10750,county_us_17183
city_us_10751,county_us_27015
city_us_10752,county_us_36075
city_us_10753,county_us_27109
city_us_10754,county_us_21029
city_us_10755,county_us_19009
city_us_10756,county_us_51003
city_us_10757,county_us_18097
city_us_10758,county_us_23005
city_us_10759,county_us_27019
city_us_10760,county_us_37039
city_us_10761,county_us_48309
city_us_10762,county_us_36067
city_us_10763,county_us_18161
city_us_10764,county_us_51173
city_us_10765,county_us_55025
city_us_10766,county_us_42027
city_us_10767,county_us_05017
city_us_10768,county_us_09110
city_us_10769,county_us_42075
city_us_10770,county_us_36071
city_us_10771,county_us_48199
city_us_10772,county_us_42055
city_us_10773,county_us_47019
city_us_10774,county_us_27143
city_us_10775,county_us_27011
city_us_10776,county_us_09110
city_us_10777,county_us_36123
city_us_10778,county_us_33003
city_us_10779,county_us_36075
city_us_10780,county_us_49015
city_us_10781,county_us_12103
city_us_10782,county_us_48315
city_us_10783,county_us_48409
city_us_10784,county_us_48339
city_us_10785,county_us_12075
city_us_10786,county_us_27135
city_us_10787,county_us_26031
city_us_10788,county_us_22115
city_us_10789,county_us_48109
city_us_10790,county_us_37167
city_us_10791,county_us_39029
city_us_10792,county_us_20127
city_us_10793,county_us_08049
city_us_10794,county_us_22089
city_us_10795,county_us_42003
city_us_10796,county_us_06033
city_us_10797,county_us_18157
city_us_10798,county_us_06039
city_us_10799,county_us_39169
city_us_10800,county_us_35031
city_us_10801,county_us_01071
city_us_10802,county_us_40097
city_us_10803,county_us_12105
city_us_10804,county_us_42069
city_us_10805,county_us_01091
city_us_10806,county_us_35043
city_us_10807,county_us_26077
city_us_10808,county_us_42127
city_us_10809,county_us_28035
city_us_10810,county_us_21029
city_us_10811,county_us_26159
city_us_10812,county_us_13157
city_us_10813,county_us_48181
city_us_10814,county_us_15003
city_us_10815,county_us_20093
city_us_10816,county_us_48253
city_us_10817,county_us_41041
city_us_10818,county_us_12103
city_us_10819,county_us_20143
city_us_10820,county_us_22101
city_us_10821,county_us_51185
city_us_10822,county_us_48215
city_us_10823,county_us_27027
city_us_10824,county_us_48201
city_us_10825,county_us_30087
city_us_10826,county_us_18167
city_us_10827,county_us_55055
city_us_10828,county_us_13163
city_us_10829,county_us_20109
city_us_10830,county_us_35045
city_us_10831,county_us_17161
city_us_10832,county_us_48061
city_us_10833,county_us_45019
city_us_10834,county_us_54027
city_us_10835,county_us_55129
city_us_10836,county_us_41007
city_us_10837,county_us_53025
city_us_10838,county_us_13269
city_us_10839,county_us_02240
city_us_10840,county_us_12083
city_us_10841,county_us_04017
city_us_10842,county_us_39165
city_us_10843,county_us_54087
city_us_10844,county_us_08107
city_us_10845,county_us_47065
city_us_10846,county_us_04001
city_us_10847,county_us_16065
city_us_10848,county_us_06047
city_us_10849,county_us_53035
city_us_10850,county_us_39127
city_us_10851,county_us_27101
city_us_10852,county_us_22081
city_us_10853,county_us_22057
city_us_10854,county_us_39105
city_us_10855,county_us_05015
city_us_10856,county_us_42045
city_us_10857,county_us_10005
city_us_10858,county_us_48231
city_us_10859,county_us_09150
city_us_10860,county_us_22093
city_us_10861,county_us_54067
city_us_10862,county_us_24015
city_us_10863,county_us_26147
city_us_10864,county_us_55133
city_us_10865,county_us_45085
city_us_10866,county_us_36059
city_us_10867,county_us_31139
city_us_10868,county_us_13163
city_us_10869,county_us_48339
city_us_10870,county_us_34029
city_us_10871,county_us_13065
city_us_10872,county_us_19171
city_us_10873,county_us_34009
city_us_10874,county_us_39087
city_us_10875,county_us_41067
city_us_10876,county_us_34027
city_us_10877,county_us_20131
city_us_10878,county_us_53067
city_us_10879,county_us_55137
city_us_10880,county_us_42029
city_us_10881,county_us_19113
city_us_10882,county_us_37143
city_us_10883,county_us_05145
city_us_10884,county_us_19139
city_us_10885,county_us_01049
city_us_10886,county_us_46033
city_us_10887,county_us_46011
city_us_10888,county_us_36069
city_us_10889,county_us_48199
city_us_10890,county_us_47019
city_us_10891,county_us_40149
city_us_10892,county_us_21111
city_us_10893,county_us_48453
city_us_10894,county_us_49057
city_us_10895,county_us_53033
city_us_10896,county_us_26077
city_us_10897,county_us_53029
city_us_10898,county_us_12107
city_us_10899,county_us_54077
city_us_10900,county_us_26099
city_us_10901,county_us_36059
city_us_10902,county_us_06073
city_us_10903,county_us_22007
city_us_10904,county_us_39123
city_us_10905,county_us_12069
city_us_10906,county_us_30081
city_us_10907,county_us_36111
city_us_10908,county_us_05135
city_us_10909,county_us_53035
city_us_10910,county_us_41045
city_us_10911,county_us_40027
city_us_10912,county_us_01049
city_us_10913,county_us_34029
city_us_10914,county_us_45005
city_us_10915,county_us_18067
city_us_10916,county_us_47189
city_us_10917,county_us_45011
city_us_10918,county_us_49053
city_us_10919,county_us_36077
city_us_10920,county_us_42079
city_us_10921,county_us_12043
city_us_10922,county_us_51163
city_us_10923,county_us_24033
city_us_10924,county_us_13217
city_us_10925,county_us_30031
city_us_10926,county_us_48409
city_us_10927,county_us_26115
city_us_10928,county_us_20173
city_us_10929,county_us_05051
city_us_10930,county_us_34025
city_us_10931,county_us_39001
city_us_10932,county_us_17101
city_us_10933,county_us_22007
city_us_10934,county_us_39029
city_us_10935,county_us_19115
city_us_10936,county_us_37169
city_us_10937,county_us_34029
city_us_10938,county_us_45013
city_us_10939,county_us_21107
city_us_10940,county_us_48217
city_us_10941,county_us_39089
city_us_10942,county_us_48121
city_us_10943,county_us_48197
city_us_10944,county_us_47051
city_us_10945,county_us_34021
city_us_10946,county_us_06009
city_us_10947,county_us_26021
city_us_10948,county_us_18141
city_us_10949,county_us_47065
city_us_10950,county_us_20059
city_us_10951,county_us_23005
city_us_10952,county_us_29013
city_us_10953,county_us_35043
city_us_10954,county_us_26145
city_us_10955,county_us_26013
city_us_10956,county_us_48373
city_us_10957,county_us_18091
city_us_10958,county_us_53033
city_us_10959,county_us_39151
city_us_10960,county_us_09130
city_us_10961,county_us_51015
city_us_10962,county_us_12075
city_us_10963,county_us_24003
city_us_10964,county_us_12017
city_us_10965,county_us_47189
city_us_10966,county_us_21089
city_us_10967,county_us_54001
city_us_10968,county_us_36057
city_us_10969,county_us_55109
city_us_10970,county_us_42011
city_us_10971,county_us_48453
city_us_10972,county_us_49043
city_us_10973,county_us_17031
city_us_10974,county_us_37037
city_us_10975,county_us_04015
city_us_10976,county_us_37031
city_us_10977,county_us_39145
city_us_10978,county_us_45059
city_us_10979,county_us_17161
city_us_10980,county_us_35061
city_us_10981,county_us_42129
city_us_10982,county_us_17203
city_us_10983,county_us_41009
city_us_10984,county_us_06025
city_us_10985,county_us_22109
city_us_10986,county_us_28121
city_us_10987,county_us_40143
city_us_10988,county_us_45091
city_us_10989,county_us_39171
city_us_10990,county_us_47061
city_us_10991,county_us_22063
city_us_10992,county_us_39155
city_us_10993,county_us_15007
city_us_10994,county_us_48167
city_us_10995,county_us_27083
city_us_10996,county_us_04001
city_us_10997,county_us_29145
city_us_10998,county_us_37055
city_us_10999,county_us_34007
city_us_11000,county_us_26003
city_us_11001,county_us_48265
city_us_11002,county_us_41015
city_us_11003,county_us_46067
city_us_11004,county_us_36021
city_us_11005,county_us_55137
city_us_11006,county_us_08065
city_us_11007,county_us_06017
city_us_11008,county_us_10001
city_us_11009,county_us_48157
city_us_11010,county_us_42019
city_us_11011,county_us_39083
city_us_11012,county_us_48253
city_us_11013,county_us_22101
city_us_11014,county_us_48483
city_us_11015,county_us_21111
city_us_11016,county_us_25017
city_us_11017,county_us_01117
city_us_11018,county_us_26091
city_us_11019,county_us_47043
city_us_11020,county_us_41029
city_us_11021,county_us_36011
city_us_11022,county_us_24033
city_us_11023,county_us_37191
city_us_11024,county_us_17107
city_us_11025,county_us_36105
city_us_11026,county_us_24023
city_us_11027,county_us_01025
city_us_11028,county_us_39139
city_us_11029,county_us_05147
city_us_11030,county_us_42071
city_us_11031,county_us_40121
city_us_11032,county_us_06013
city_us_11033,county_us_16079
city_us_11034,county_us_24001
city_us_11035,county_us_29019
city_us_11036,county_us_36103
city_us_11037,county_us_17041
city_us_11038,county_us_26023
city_us_11039,county_us_26049
city_us_11040,county_us_45063
city_us_11041,county_us_51071
city_us_11042,county_us_28093
city_us_11043,county_us_34029
city_us_11044,county_us_29211
city_us_11045,county_us_42023
city_us_11046,county_us_29195
city_us_11047,county_us_42069
city_us_11048,county_us_41005
city_us_11049,county_us_08123
city_us_11050,county_us_02185
city_us_11051,county_us_30031
city_us_11052,county_us_47161
city_us_11053,county_us_42029
city_us_11054,county_us_42133
city_us_11055,county_us_37023
city_us_11056,county_us_13047
city_us_11057,county_us_19061
city_us_11058,county_us_55055
city_us_11059,county_us_18137
city_us_11060,county_us_37193
city_us_11061,county_us_35049
city_us_11062,county_us_18055
city_us_11063,county_us_42075
city_us_11064,county_us_48251
city_us_11065,county_us_12083
city_us_11066,county_us_42085
city_us_11067,county_us_39135
city_us_11068,county_us_29189
city_us_11069,county_us_37019
city_us_11070,county_us_36007
city_us_11071,county_us_06069
city_us_11072,county_us_41009
city_us_11073,county_us_29113
city_us_11074,county_us_05139
city_us_11075,county_us_42017
city_us_11076,county_us_55007
city_us_11077,county_us_28049
city_us_11078,county_us_06109
city_us_11079,county_us_15001
city_us_11080,county_us_22031
city_us_11081,county_us_36063
city_us_11082,county_us_01049
city_us_11083,county_us_25001
city_us_11084,county_us_01127
city_us_11085,county_us_45083
city_us_11086,county_us_30043
city_us_11087,county_us_34037
city_us_11088,county_us_18095
city_us_11089,county_us_55109
city_us_11090,county_us_12011
city_us_11091,county_us_19093
city_us_11092,county_us_31151
city_us_11093,county_us_37083
city_us_11094,county_us_17111
city_us_11095,county_us_17073
city_us_11096,county_us_17203
city_us_11097,county_us_42017
city_us_11098,county_us_30003
city_us_11099,county_us_36063
city_us_11100,county_us_19189
city_us_11101,county_us_36029
city_us_11102,county_us_13197
city_us_11103,county_us_51149
city_us_11104,county_us_27085
city_us_11105,county_us_22099
city_us_11106,county_us_21011
city_us_11107,county_us_48071
city_us_11108,county_us_06065
city_us_11109,county_us_48467
city_us_11110,county_us_26049
city_us_11111,county_us_42079
city_us_11112,county_us_53041
city_us_11113,county_us_39007
city_us_11114,county_us_17143
city_us_11115,county_us_48121
city_us_11116,county_us_27053
city_us_11117,county_us_21129
city_us_11118,county_us_36117
city_us_11119,county_us_21125
city_us_11120,county_us_39107
city_us_11121,county_us_21219
city_us_11122,county_us_25011
city_us_11123,county_us_53035
city_us_11124,county_us_02170
city_us_11125,county_us_12033
city_us_11126,county_us_48215
city_us_11127,county_us_26063
city_us_11128,county_us_17163
city_us_11129,county_us_29097
city_us_11130,county_us_36029
city_us_11131,county_us_48147
city_us_11132,county_us_41041
city_us_11133,county_us_42085
city_us_11134,county_us_19049
city_us_11135,county_us_42095
city_us_11136,county_us_12099
city_us_11137,county_us_26093
city_us_11138,county_us_28033
city_us_11139,county_us_06019
city_us_11140,county_us_41019
city_us_11141,county_us_09120
city_us_11142,county_us_18045
city_us_11143,county_us_17173
city_us_11144,county_us_28053
city_us_11145,county_us_56035
city_us_11146,county_us_51111
city_us_11147,county_us_53011
city_us_11148,county_us_47071
city_us_11149,county_us_13145
city_us_11150,county_us_01003
city_us_11151,county_us_51137
city_us_11152,county_us_54081
city_us_11153,county_us_26067
city_us_11154,county_us_06065
city_us_11155,county_us_48167
city_us_11156,county_us_06005
city_us_11157,county_us_55063
city_us_11158,county_us_13141
city_us_11159,county_us_47003
city_us_11160,county_us_34015
city_us_11161,county_us_42133
city_us_11162,county_us_17179
city_us_11163,county_us_47019
city_us_11164,county_us_26013
city_us_11165,county_us_36059
city_us_11166,county_us_20001
city_us_11167,county_us_47131
city_us_11168,county_us_01055
city_us_11169,county_us_42079
city_us_11170,county_us_45001
city_us_11171,county_us_36105
city_us_11172,county_us_17057
city_us_11173,county_us_55105
city_us_11174,county_us_16027
city_us_11175,county_us_21185
city_us_11176,county_us_36103
city_us_11177,county_us_51147
city_us_11178,county_us_48413
city_us_11179,county_us_21111
city_us_11180,county_us_48209
city_us_11181,county_us_48039
city_us_11182,county_us_08013
city_us_11183,county_us_34025
city_us_11184,county_us_22003
city_us_11185,county_us_45047
city_us_11186,county_us_06037
city_us_11187,county_us_29189
city_us_11188,county_us_42039
city_us_11189,county_us_22105
city_us_11190,county_us_55039
city_us_11191,county_us_51059
city_us_11192,county_us_18177
city_us_11193,county_us_29225
city_us_11194,county_us_45017
city_us_11195,county_us_10003
city_us_11196,county_us_08101
city_us_11197,county_us_30095
city_us_11198,county_us_29039
city_us_11199,county_us_48349
city_us_11200,county_us_48361
city_us_11201,county_us_26025
city_us_11202,county_us_53063
city_us_11203,county_us_29119
city_us_11204,county_us_31157
city_us_11205,county_us_40117
city_us_11206,county_us_36065
city_us_11207,county_us_36059
city_us_11208,county_us_08005
city_us_11209,county_us_01061
city_us_11210,county_us_39117
city_us_11211,county_us_36051
city_us_11212,county_us_45083
city_us_11213,county_us_37179
city_us_11214,county_us_42041
city_us_11215,county_us_12075
city_us_11216,county_us_06079
city_us_11217,county_us_12085
city_us_11218,county_us_42123
city_us_11219,county_us_48189
city_us_11220,county_us_19017
city_us_11221,county_us_26017
city_us_11222,county_us_19081
city_us_11223,county_us_26147
city_us_11224,county_us_42005
city_us_11225,county_us_28067
city_us_11226,county_us_32005
city_us_11227,county_us_22005
city_us_11228,county_us_47097
city_us_11229,county_us_27053
city_us_11230,county_us_51057
city_us_11231,county_us_45075
city_us_11232,county_us_44005
city_us_11233,county_us_42129
city_us_11234,county_us_06107
city_us_11235,county_us_42095
city_us_11236,county_us_27085
city_us_11237,county_us_34037
city_us_11238,county_us_06013
city_us_11239,county_us_39099
city_us_11240,county_us_47019
city_us_11241,county_us_29207
city_us_11242,county_us_24043
city_us_11243,county_us_28129
city_us_11244,county_us_51165
city_us_11245,county_us_47061
city_us_11246,county_us_04005
city_us_11247,county_us_40131
city_us_11248,county_us_32003
city_us_11249,county_us_29189
city_us_11250,county_us_01107
city_us_11251,county_us_42011
city_us_11252,county_us_39035
city_us_11253,county_us_39143
city_us_11254,county_us_30021
city_us_11255,county_us_48119
city_us_11256,county_us_51169
city_us_11257,county_us_41033
city_us_11258,county_us_36065
city_us_11259,county_us_39159
city_us_11260,county_us_17055
city_us_11261,county_us_48241
city_us_11262,county_us_21095
city_us_11263,county_us_36065
city_us_11264,county_us_55133
city_us_11265,county_us_53049
city_us_11266,county_us_48309
city_us_11267,county_us_31129
city_us_11268,county_us_12086
city_us_11269,county_us_32019
city_us_11270,county_us_17161
city_us_11271,county_us_45075
city_us_11272,county_us_13127
city_us_11273,county_us_19031
city_us_11274,county_us_37035
city_us_11275,county_us_24033
city_us_11276,county_us_18005
city_us_11277,county_us_47065
city_us_11278,county_us_45035
city_us_11279,county_us_08085
city_us_11280,county_us_27009
city_us_11281,county_us_08035
city_us_11282,county_us_27033
city_us_11283,county_us_36111
city_us_11284,county_us_56039
city_us_11285,county_us_48439
city_us_11286,county_us_21169
city_us_11287,county_us_15001
city_us_11288,county_us_06039
city_us_11289,county_us_01069
city_us_11290,county_us_39145
city_us_11291,county_us_37023
city_us_11292,county_us_27025
city_us_11293,county_us_30031
city_us_11294,county_us_42003
city_us_11295,county_us_34007
city_us_11296,county_us_39049
city_us_11297,county_us_01047
city_us_11298,county_us_20091
city_us_11299,county_us_53029
city_us_11300,county_us_36119
city_us_11301,county_us_40071
city_us_11302,county_us_18051
city_us_11303,county_us_36013
city_us_11304,county_us_39097
city_us_11305,county_us_42029
city_us_11306,county_us_47151
city_us_11307,county_us_19099
city_us_11308,county_us_20163
city_us_11309,county_us_01045
city_us_11310,county_us_18155
city_us_11311,county_us_45023
city_us_11312,county_us_10001
city_us_11313,county_us_36055
city_us_11314,county_us_40081
city_us_11315,county_us_40029
city_us_11316,county_us_09110
city_us_11317,county_us_26159
city_us_11318,county_us_42077
city_us_11319,county_us_48085
city_us_11320,county_us_26121
city_us_11321,county_us_24031
city_us_11322,county_us_13137
city_us_11323,county_us_06053
city_us_11324,county_us_21075
city_us_11325,county_us_42051
city_us_11326,county_us_35045
city_us_11327,county_us_26021
city_us_11328,county_us_49013
city_us_11329,county_us_36119
city_us_11330,county_us_45003
city_us_11331,county_us_41035
city_us_11332,county_us_21153
city_us_11333,county_us_53061
city_us_11334,county_us_36059
city_us_11335,county_us_45045
city_us_11336,county_us_36027
city_us_11337,county_us_40131
city_us_11338,county_us_29025
city_us_11339,county_us_31097
city_us_11340,county_us_39171
city_us_11341,county_us_19015
city_us_11342,county_us_42003
city_us_11343,county_us_37151
city_us_11344,county_us_39119
city_us_11345,county_us_13181
city_us_11346,county_us_06065
city_us_11347,county_us_26005
city_us_11348,county_us_26029
city_us_11349,county_us_31131
city_us_11350,county_us_48061
city_us_11351,county_us_26115
city_us_11352,county_us_29189
city_us_11353,county_us_39083
city_us_11354,county_us_56039
city_us_11355,county_us_19113
city_us_11356,county_us_24035
city_us_11357,county_us_08025
city_us_11358,county_us_01107
city_us_11359,county_us_42011
city_us_11360,county_us_19163
city_us_11361,county_us_54033
city_us_11362,county_us_53071
city_us_11363,county_us_37009
city_us_11364,county_us_53033
city_us_11365,county_us_28011
city_us_11366,county_us_28121
city_us_11367,county_us_15003
city_us_11368,county_us_21163
city_us_11369,county_us_53021
city_us_11370,county_us_26159
city_us_11371,county_us_53035
city_us_11372,county_us_41049
city_us_11373,county_us_23019
city_us_11374,county_us_39151
city_us_11375,county_us_30047
city_us_11376,county_us_45057
city_us_11377,county_us_48189
city_us_11378,county_us_06009
city_us_11379,county_us_40079
city_us_11380,county_us_42003
city_us_11381,county_us_04003
city_us_11382,county_us_27061
city_us_11383,county_us_48465
city_us_11384,county_us_47037
city_us_11385,county_us_18039
city_us_11386,county_us_29199
city_us_11387,county_us_21133
city_us_11388,county_us_45083
city_us_11389,county_us_37083
city_us_11390,county_us_17039
city_us_11391,county_us_19115
city_us_11392,county_us_22085
city_us_11393,county_us_01061
city_us_11394,county_us_39021
city_us_11395,county_us_41067
city_us_11396,county_us_53049
city_us_11397,county_us_29075
city_us_11398,county_us_35055
city_us_11399,county_us_36011
city_us_11400,county_us_36107
city_us_11401,county_us_35035
city_us_11402,county_us_42001
city_us_11403,county_us_29189
city_us_11404,county_us_55135
city_us_11405,county_us_37037
city_us_11406,county_us_39043
city_us_11407,county_us_12099
city_us_11408,county_us_20113
city_us_11409,county_us_19163
city_us_11410,county_us_37089
city_us_11411,county_us_29017
city_us_11412,county_us_39109
city_us_11413,county_us_18127
city_us_11414,county_us_28013
city_us_11415,county_us_34019
city_us_11416,county_us_27171
city_us_11417,county_us_18069
city_us_11418,county_us_19061
city_us_11419,county_us_53043
city_us_11420,county_us_24031
city_us_11421,county_us_48225
city_us_11422,county_us_13107
city_us_11423,county_us_39145
city_us_11424,county_us_18095
city_us_11425,county_us_42091
city_us_11426,county_us_17197
city_us_11427,county_us_31021
city_us_11428,county_us_13301
city_us_11429,county_us_34023
city_us_11430,county_us_18171
city_us_11431,county_us_48405
city_us_11432,county_us_06077
city_us_11433,county_us_48215
city_us_11434,county_us_47001
city_us_11435,county_us_36079
city_us_11436,county_us_36103
city_us_11437,county_us_47085
city_us_11438,county_us_34009
city_us_11439,county_us_12041
city_us_11440,county_us_37023
city_us_11441,county_us_39135
city_us_11442,county_us_48071
city_us_11443,county_us_48231
city_us_11444,county_us_09120
city_us_11445,county_us_04015
city_us_11446,county_us_47121
city_us_11447,county_us_29101
city_us_11448,county_us_19125
city_us_11449,county_us_28081
city_us_11450,county_us_48497
city_us_11451,county_us_19159
city_us_11452,county_us_48289
city_us_11453,county_us_42069
city_us_11454,county_us_17099
city_us_11455,county_us_41011
city_us_11456,county_us_01009
city_us_11457,county_us_42003
city_us_11458,county_us_18019
city_us_11459,county_us_06107
city_us_11460,county_us_42097
city_us_11461,county_us_20115
city_us_11462,county_us_26117
city_us_11463,county_us_39139
city_us_11464,county_us_19107
city_us_11465,county_us_50003
city_us_11466,county_us_42069
city_us_11467,county_us_42117
city_us_11468,county_us_36111
city_us_11469,county_us_36059
city_us_11470,county_us_42003
city_us_11471,county_us_51171
city_us_11472,county_us_21173
city_us_11473,county_us_19061
city_us_11474,county_us_48053
city_us_11475,county_us_13037
city_us_11476,county_us_41043
city_us_11477,county_us_53049
city_us_11478,county_us_55101
city_us_11479,county_us_29099
city_us_11480,county_us_20069
city_us_11481,county_us_08039
city_us_11482,county_us_06107
city_us_11483,county_us_36097
city_us_11484,county_us_34015
city_us_11485,county_us_06073
city_us_11486,county_us_13145
city_us_11487,county_us_20091
city_us_11488,county_us_30049
city_us_11489,county_us_36073
city_us_11490,county_us_42109
city_us_11491,county_us_36103
city_us_11492,county_us_18183
city_us_11493,county_us_13157
city_us_11494,county_us_42075
city_us_11495,county_us_27107
city_us_11496,county_us_49005
city_us_11497,county_us_47051
city_us_11498,county_us_42095
city_us_11499,county_us_13003
city_us_11500,county_us_26023
city_us_11501,county_us_53071
city_us_11502,county_us_34021
city_us_11503,county_us_19161
city_us_11504,county_us_17035
city_us_11505,county_us_30065
city_us_11506,county_us_40067
city_us_11507,county_us_39165
city_us_11508,county_us_12015
city_us_11509,county_us_40101
city_us_11510,county_us_47147
city_us_11511,county_us_01045
city_us_11512,county_us_05065
city_us_11513,county_us_48095
city_us_11514,county_us_35013
city_us_11515,county_us_27137
city_us_11516,county_us_47085
city_us_11517,county_us_27049
city_us_11518,county_us_42087
city_us_11519,county_us_55141
city_us_11520,county_us_17181
city_us_11521,county_us_48215
city_us_11522,county_us_48333
city_us_11523,county_us_34025
city_us_11524,county_us_39163
city_us_11525,county_us_48175
city_us_11526,county_us_27045
city_us_11527,county_us_49005
city_us_11528,county_us_21139
city_us_11529,county_us_51067
city_us_11530,county_us_29047
city_us_11531,county_us_06023
city_us_11532,county_us_39061
city_us_11533,county_us_29171
city_us_11534,county_us_39093
city_us_11535,county_us_41033
city_us_11536,county_us_42003
city_us_11537,county_us_42079
city_us_11538,county_us_54051
city_us_11539,county_us_37171
city_us_11540,county_us_39125
city_us_11541,county_us_17049
city_us_11542,county_us_47099
city_us_11543,county_us_51139
city_us_11544,county_us_18111
city_us_11545,county_us_13195
city_us_11546,county_us_53053
city_us_11547,county_us_28073
city_us_11548,county_us_26081
city_us_11549,county_us_37055
city_us_11550,county_us_08105
city_us_11551,county_us_28023
city_us_11552,county_us_47013
city_us_11553,county_us_26091
city_us_11554,county_us_06107
city_us_11555,county_us_46037
city_us_11556,county_us_39007
city_us_11557,county_us_27171
city_us_11558,county_us_48265
city_us_11559,county_us_28057
city_us_11560,county_us_09110
city_us_11561,county_us_47065
city_us_11562,county_us_20195
city_us_11563,county_us_01075
city_us_11564,county_us_48149
city_us_11565,county_us_42013
city_us_11566,county_us_55005
city_us_11567,county_us_05115
city_us_11568,county_us_30047
city_us_11569,county_us_34029
city_us_11570,county_us_12031
city_us_11571,county_us_21233
city_us_11572,county_us_47095
city_us_11573,county_us_17037
city_us_11574,county_us_26151
city_us_11575,county_us_36109
city_us_11576,county_us_21013
city_us_11577,county_us_35061
city_us_11578,county_us_18071
city_us_11579,county_us_42007
city_us_11580,county_us_12015
city_us_11581,county_us_37005
city_us_11582,county_us_55021
city_us_11583,county_us_42011
city_us_11584,county_us_01097
city_us_11585,county_us_13295
city_us_11586,county_us_05021
city_us_11587,county_us_28019
city_us_11588,county_us_25001
city_us_11589,county_us_42097
city_us_11590,county_us_18075
city_us_11591,county_us_34025
city_us_11592,county_us_26055
city_us_11593,county_us_55027
city_us_11594,county_us_39023
city_us_11595,county_us_20099
city_us_11596,county_us_42015
city_us_11597,county_us_20061
city_us_11598,county_us_46081
city_us_11599,county_us_05089
city_us_11600,county_us_30053
city_us_11601,county_us_28073
city_us_11602,county_us_28061
city_us_11603,county_us_48251
city_us_11604,county_us_39077
city_us_11605,county_us_26037
city_us_11606,county_us_47089
city_us_11607,county_us_49001
city_us_11608,county_us_39151
city_us_11609,county_us_31019
city_us_11610,county_us_06107
city_us_11611,county_us_17167
city_us_11612,county_us_19075
city_us_11613,county_us_17097
city_us_11614,county_us_25017
city_us_11615,county_us_28075
city_us_11616,county_us_40131
city_us_11617,county_us_04013
city_us_11618,county_us_24037
city_us_11619,county_us_15003
city_us_11620,county_us_21019
city_us_11621,county_us_12069
city_us_11622,county_us_36111
city_us_11623,county_us_30091
city_us_11624,county_us_17115
city_us_11625,county_us_15001
city_us_11626,county_us_27053
city_us_11627,county_us_42011
city_us_11628,county_us_08049
city_us_11629,county_us_06073
city_us_11630,county_us_19001
city_us_11631,county_us_36097
city_us_11632,county_us_32023
city_us_11633,county_us_39133
city_us_11634,county_us_37025
city_us_11635,county_us_36103
city_us_11636,county_us_45003
city_us_11637,county_us_06029
city_us_11638,county_us_51113
city_us_11639,county_us_27137
city_us_11640,county_us_12011
city_us_11641,county_us_34041
city_us_11642,county_us_41009
city_us_11643,county_us_26071
city_us_11644,county_us_38079
city_us_11645,county_us_36003
city_us_11646,county_us_42021
city_us_11647,county_us_21225
city_us_11648,county_us_19049
city_us_11649,county_us_55121
city_us_11650,county_us_04017
city_us_11651,county_us_37023
city_us_11652,county_us_39021
city_us_11653,county_us_06111
city_us_11654,county_us_27031
city_us_11655,county_us_27169
city_us_11656,county_us_47027
city_us_11657,county_us_12099
city_us_11658,county_us_37125
city_us_11659,county_us_41051
city_us_11660,county_us_41057
city_us_11661,county_us_38103
city_us_11662,county_us_40049
city_us_11663,county_us_36059
city_us_11664,county_us_41011
city_us_11665,county_us_45087
city_us_11666,county_us_55025
city_us_11667,county_us_13233
city_us_11668,county_us_41071
city_us_11669,county_us_18181
city_us_11670,county_us_06037
city_us_11671,county_us_54069
city_us_11672,county_us_25027
city_us_11673,county_us_42089
city_us_11674,county_us_17097
city_us_11675,county_us_18085
city_us_11676,county_us_17119
city_us_11677,county_us_02100
city_us_11678,county_us_19099
city_us_11679,county_us_48181
city_us_11680,county_us_18099
city_us_11681,county_us_24009
city_us_11682,county_us_34001
city_us_11683,county_us_34027
city_us_11684,county_us_24035
city_us_11685,county_us_28095
city_us_11686,county_us_54053
city_us_11687,county_us_39035
city_us_11688,county_us_41043
city_us_11689,county_us_12049
city_us_11690,county_us_29055
city_us_11691,county_us_17165
city_us_11692,county_us_34035
city_us_11693,county_us_05035
city_us_11694,county_us_12099
city_us_11695,county_us_26039
city_us_11696,county_us_17157
city_us_11697,county_us_18127
city_us_11698,county_us_06025
city_us_11699,county_us_05019
city_us_11700,county_us_06093
city_us_11701,county_us_47117
city_us_11702,county_us_55125
city_us_11703,county_us_01003
city_us_11704,county_us_47113
city_us_11705,county_us_44007
city_us_11706,county_us_48031
city_us_11707,county_us_40121
city_us_11708,county_us_37061
city_us_11709,county_us_17081
city_us_11710,county_us_01105
city_us_11711,county_us_06029
city_us_11712,county_us_17123
city_us_11713,county_us_55019
city_us_11714,county_us_49003
city_us_11715,county_us_53047
city_us_11716,county_us_18117
city_us_11717,county_us_06095
city_us_11718,county_us_24033
city_us_11719,county_us_42041
city_us_11720,county_us_42029
city_us_11721,county_us_28011
city_us_11722,county_us_39091
city_us_11723,county_us_26027
city_us_11724,county_us_51015
city_us_11725,county_us_45077
city_us_11726,county_us_13123
city_us_11727,county_us_48279
city_us_11728,county_us_18023
city_us_11729,county_us_36065
city_us_11730,county_us_26069
city_us_11731,county_us_42107
city_us_11732,county_us_21239
city_us_11733,county_us_06033
city_us_11734,county_us_29175
city_us_11735,county_us_36065
city_us_11736,county_us_42003
city_us_11737,county_us_29061
city_us_11738,county_us_18099
city_us_11739,county_us_47065
city_us_11740,county_us_06041
city_us_11741,county_us_36103
city_us_11742,county_us_21099
city_us_11743,county_us_06087
city_us_11744,county_us_36069
city_us_11745,county_us_19025
city_us_11746,county_us_36001
city_us_11747,county_us_18097
city_us_11748,county_us_01039
city_us_11749,county_us_35017
city_us_11750,county_us_49043
city_us_11751,county_us_12063
city_us_11752,county_us_51131
city_us_11753,county_us_35017
city_us_11754,county_us_35049
city_us_11755,county_us_26063
city_us_11756,county_us_48499
city_us_11757,county_us_01121
city_us_11758,county_us_29165
city_us_11759,county_us_42125
city_us_11760,county_us_49023
city_us_11761,county_us_22115
city_us_11762,county_us_22093
city_us_11763,county_us_05109
city_us_11764,county_us_26133
city_us_11765,county_us_45085
city_us_11766,county_us_42091
city_us_11767,county_us_12115
city_us_11768,county_us_05147
city_us_11769,county_us_45079
city_us_11770,county_us_19023
city_us_11771,county_us_05117
city_us_11772,county_us_18029
city_us_11773,county_us_06043
city_us_11774,county_us_37031
city_us_11775,county_us_56041
city_us_11776,county_us_48367
city_us_11777,county_us_48059
city_us_11778,county_us_55091
city_us_11779,county_us_36101
city_us_11780,county_us_22009
city_us_11781,county_us_27171
city_us_11782,county_us_04005
city_us_11783,county_us_45083
city_us_11784,county_us_01085
city_us_11785,county_us_53001
city_us_11786,county_us_27035
city_us_11787,county_us_34011
city_us_11788,county_us_29029
city_us_11789,county_us_36103
city_us_11790,county_us_12113
city_us_11791,county_us_05071
city_us_11792,county_us_47123
city_us_11793,county_us_54081
city_us_11794,county_us_48129
city_us_11795,county_us_26125
city_us_11796,county_us_34001
city_us_11797,county_us_09130
city_us_11798,county_us_47031
city_us_11799,county_us_34039
city_us_11800,county_us_13115
city_us_11801,county_us_34025
city_us_11802,county_us_24011
city_us_11803,county_us_19001
city_us_11804,county_us_41011
city_us_11805,county_us_40095
city_us_11806,county_us_18141
city_us_11807,county_us_39143
city_us_11808,county_us_42005
city_us_11809,county_us_53011
city_us_11810,county_us_22125
city_us_11811,county_us_48467
city_us_11812,county_us_20107
city_us_11813,county_us_17019
city_us_11814,county_us_23005
city_us_11815,county_us_29113
city_us_11816,county_us_21089
city_us_11817,county_us_42075
city_us_11818,county_us_55121
city_us_11819,county_us_48153
city_us_11820,county_us_42001
city_us_11821,county_us_17125
city_us_11822,county_us_48215
city_us_11823,county_us_19025
city_us_11824,county_us_29049
city_us_11825,county_us_21215
city_us_11826,county_us_12015
city_us_11827,county_us_04005
city_us_11828,county_us_51067
city_us_11829,county_us_38019
city_us_11830,county_us_41065
city_us_11831,county_us_42011
city_us_11832,county_us_48121
city_us_11833,county_us_27131
city_us_11834,county_us_35029
city_us_11835,county_us_06071
city_us_11836,county_us_56007
city_us_11837,county_us_12071
city_us_11838,county_us_30099
city_us_11839,county_us_17031
city_us_11840,county_us_12011
city_us_11841,county_us_34031
city_us_11842,county_us_27053
city_us_11843,county_us_42025
city_us_11844,county_us_12099
city_us_11845,county_us_08035
city_us_11846,county_us_34011
city_us_11847,county_us_29037
city_us_11848,county_us_34025
city_us_11849,county_us_18055
city_us_11850,county_us_48493
city_us_11851,county_us_37193
city_us_11852,county_us_39119
city_us_11853,county_us_17179
city_us_11854,county_us_26053
city_us_11855,county_us_09180
city_us_11856,county_us_55021
city_us_11857,county_us_48067
city_us_11858,county_us_19053
city_us_11859,county_us_06097
city_us_11860,county_us_02170
city_us_11861,county_us_42125
city_us_11862,county_us_54019
city_us_11863,county_us_04001
city_us_11864,county_us_05111
city_us_11865,county_us_27041
city_us_11866,county_us_13157
city_us_11867,county_us_20013
city_us_11868,county_us_49043
city_us_11869,county_us_39169
city_us_11870,county_us_05109
city_us_11871,county_us_17195
city_us_11872,county_us_48215
city_us_11873,county_us_55135
city_us_11874,county_us_13091
city_us_11875,county_us_47043
city_us_11876,county_us_30097
city_us_11877,county_us_49017
city_us_11878,county_us_54033
city_us_11879,county_us_37021
city_us_11880,county_us_53041
city_us_11881,county_us_49047
city_us_11882,county_us_25011
city_us_11883,county_us_48049
city_us_11884,county_us_19083
city_us_11885,county_us_01073
city_us_11886,county_us_39079
city_us_11887,county_us_47159
city_us_11888,county_us_31161
city_us_11889,county_us_53059
city_us_11890,county_us_12075
city_us_11891,county_us_48049
city_us_11892,county_us_45045
city_us_11893,county_us_17195
city_us_11894,county_us_27109
city_us_11895,county_us_34029
city_us_11896,county_us_48491
city_us_11897,county_us_32005
city_us_11898,county_us_42097
city_us_11899,county_us_17141
city_us_11900,county_us_12071
city_us_11901,county_us_27115
city_us_11902,county_us_55025
city_us_11903,county_us_24043
city_us_11904,county_us_21225
city_us_11905,county_us_06097
city_us_11906,county_us_09130
city_us_11907,county_us_18151
city_us_11908,county_us_45083
city_us_11909,county_us_06083
city_us_11910,county_us_53053
city_us_11911,county_us_40083
city_us_11912,county_us_48035
city_us_11913,county_us_48461
city_us_11914,county_us_32005
city_us_11915,county_us_42071
city_us_11916,county_us_27075
city_us_11917,county_us_35061
city_us_11918,county_us_48039
city_us_11919,county_us_04017
city_us_11920,county_us_19185
city_us_11921,county_us_55101
city_us_11922,county_us_55057
city_us_11923,county_us_46013
city_us_11924,county_us_18035
city_us_11925,county_us_16063
city_us_11926,county_us_42087
city_us_11927,county_us_06081
city_us_11928,county_us_42119
city_us_11929,county_us_47115
city_us_11930,county_us_55071
city_us_11931,county_us_06007
city_us_11932,county_us_22013
city_us_11933,county_us_51023
city_us_11934,county_us_17077
city_us_11935,county_us_06041
city_us_11936,county_us_12001
city_us_11937,county_us_34029
city_us_11938,county_us_48203
city_us_11939,county_us_45039
city_us_11940,county_us_42013
city_us_11941,county_us_42043
city_us_11942,county_us_39169
city_us_11943,county_us_27079
city_us_11944,county_us_27059
city_us_11945,county_us_53011
city_us_11946,county_us_39069
city_us_11947,county_us_05007
city_us_11948,county_us_01117
city_us_11949,county_us_42107
city_us_11950,county_us_06047
city_us_11951,county_us_39137
city_us_11952,county_us_19155
city_us_11953,county_us_42007
city_us_11954,county_us_54049
city_us_11955,county_us_22099
city_us_11956,county_us_47081
city_us_11957,county_us_22003
city_us_11958,county_us_32027
city_us_11959,county_us_08121
city_us_11960,county_us_27013
city_us_11961,county_us_01027
city_us_11962,county_us_35013
city_us_11963,county_us_20015
city_us_11964,county_us_31167
city_us_11965,county_us_26145
city_us_11966,county_us_42117
city_us_11967,county_us_13115
city_us_11968,county_us_25013
city_us_11969,county_us_18137
city_us_11970,county_us_18137
city_us_11971,county_us_40001
city_us_11972,county_us_16027
city_us_11973,county_us_01019
city_us_11974,county_us_21111
city_us_11975,county_us_06097
city_us_11976,county_us_18141
city_us_11977,county_us_26061
city_us_11978,county_us_01037
city_us_11979,county_us_08123
city_us_11980,county_us_55073
city_us_11981,county_us_45023
city_us_11982,county_us_36021
city_us_11983,county_us_12045
city_us_11984,county_us_37171
city_us_11985,county_us_01095
city_us_11986,county_us_48245
city_us_11987,county_us_19043
city_us_11988,county_us_26069
city_us_11989,county_us_22069
city_us_11990,county_us_15001
city_us_11991,county_us_42021
city_us_11992,county_us_09130
city_us_11993,county_us_46041
city_us_11994,county_us_48215
city_us_11995,county_us_13157
city_us_11996,county_us_26155
city_us_11997,county_us_55129
city_us_11998,county_us_26025
city_us_11999,county_us_28081
city_us_12000,county_us_44009
city_us_12001,county_us_13133
city_us_12002,county_us_39061
city_us_12003,county_us_53061
city_us_12004,county_us_48029
city_us_12005,county_us_42107
city_us_12006,county_us_36045
city_us_12007,county_us_42075
city_us_12008,county_us_13011
city_us_12009,county_us_36071
city_us_12010,county_us_30089
city_us_12011,county_us_54039
city_us_12012,county_us_42051
city_us_12013,county_us_48107
city_us_12014,county_us_35013
city_us_12015,county_us_01099
city_us_12016,county_us_09190
city_us_12017,county_us_31167
city_us_12018,county_us_38097
city_us_12019,county_us_19127
city_us_12020,county_us_05067
city_us_12021,county_us_45073
city_us_12022,county_us_30035
city_us_12023,county_us_01117
city_us_12024,county_us_48139
city_us_12025,county_us_48343
city_us_12026,county_us_48465
city_us_12027,county_us_47115
city_us_12028,county_us_39165
city_us_12029,county_us_12051
city_us_12030,county_us_50021
city_us_12031,county_us_42013
city_us_12032,county_us_42017
city_us_12033,county_us_06109
city_us_12034,county_us_48309
city_us_12035,county_us_48339
city_us_12036,county_us_06103
city_us_12037,county_us_27089
city_us_12038,county_us_12107
city_us_12039,county_us_49049
city_us_12040,county_us_48497
city_us_12041,county_us_12099
city_us_12042,county_us_35013
city_us_12043,county_us_01125
city_us_12044,county_us_32019
city_us_12045,county_us_06013
city_us_12046,county_us_38011
city_us_12047,county_us_21141
city_us_12048,county_us_47107
city_us_12049,county_us_16075
city_us_12050,county_us_06107
city_us_12051,county_us_48417
city_us_12052,county_us_08007
city_us_12053,county_us_42011
city_us_12054,county_us_27145
city_us_12055,county_us_25027
city_us_12056,county_us_09190
city_us_12057,county_us_39055
city_us_12058,county_us_51175
city_us_12059,county_us_49057
city_us_12060,county_us_39167
city_us_12061,county_us_31011
city_us_12062,county_us_17091
city_us_12063,county_us_18181
city_us_12064,county_us_21187
city_us_12065,county_us_28063
city_us_12066,county_us_17011
city_us_12067,county_us_12095
city_us_12068,county_us_19193
city_us_12069,county_us_36091
city_us_12070,county_us_36029
city_us_12071,county_us_13111
city_us_12072,county_us_10001
city_us_12073,county_us_29069
city_us_12074,county_us_36019
city_us_12075,county_us_02170
city_us_12076,county_us_42063
city_us_12077,county_us_29093
city_us_12078,county_us_48309
city_us_12079,county_us_34019
city_us_12080,county_us_42003
city_us_12081,county_us_37173
city_us_12082,county_us_06029
city_us_12083,county_us_06029
city_us_12084,county_us_12083
city_us_12085,county_us_27163
city_us_12086,county_us_51143
city_us_12087,county_us_42133
city_us_12088,county_us_47189
city_us_12089,county_us_48497
city_us_12090,county_us_42045
city_us_12091,county_us_42079
city_us_12092,county_us_17061
city_us_12093,county_us_17107
city_us_12094,county_us_48323
city_us_12095,county_us_36039
city_us_12096,county_us_34027
city_us_12097,county_us_17037
city_us_12098,county_us_39089
city_us_12099,county_us_42131
city_us_12100,county_us_29051
city_us_12101,county_us_40137
city_us_12102,county_us_08005
city_us_12103,county_us_48107
city_us_12104,county_us_42087
city_us_12105,county_us_17085
city_us_12106,county_us_36103
city_us_12107,county_us_37023
city_us_12108,county_us_28119
city_us_12109,county_us_29189
city_us_12110,county_us_39045
city_us_12111,county_us_25001
city_us_12112,county_us_36045
city_us_12113,county_us_22043
city_us_12114,county_us_47149
city_us_12115,county_us_42043
city_us_12116,county_us_16019
city_us_12117,county_us_40131
city_us_12118,county_us_37065
city_us_12119,county_us_20039
city_us_12120,county_us_34025
city_us_12121,county_us_51117
city_us_12122,county_us_04015
city_us_12123,county_us_06111
city_us_12124,county_us_48193
city_us_12125,county_us_27063
city_us_12126,county_us_17119
city_us_12127,county_us_12071
city_us_12128,county_us_45083
city_us_12129,county_us_47117
city_us_12130,county_us_29077
city_us_12131,county_us_16079
city_us_12132,county_us_42007
city_us_12133,county_us_13231
city_us_12134,county_us_39149
city_us_12135,county_us_40113
city_us_12136,county_us_42003
city_us_12137,county_us_31003
city_us_12138,county_us_18097
city_us_12139,county_us_26125
city_us_12140,county_us_06045
city_us_12141,county_us_36105
city_us_12142,county_us_28011
city_us_12143,county_us_26009
city_us_12144,county_us_17179
city_us_12145,county_us_42049
city_us_12146,county_us_46023
city_us_12147,county_us_34015
city_us_12148,county_us_48067
city_us_12149,county_us_04007
city_us_12150,county_us_53053
city_us_12151,county_us_42003
city_us_12152,county_us_48339
city_us_12153,county_us_54085
city_us_12154,county_us_13297
city_us_12155,county_us_26045
city_us_12156,county_us_09170
city_us_12157,county_us_48505
city_us_12158,county_us_17031
city_us_12159,county_us_29077
city_us_12160,county_us_29187
city_us_12161,county_us_06111
city_us_12162,county_us_05033
city_us_12163,county_us_28011
city_us_12164,county_us_42003
city_us_12165,county_us_40111
city_us_12166,county_us_19151
city_us_12167,county_us_42003
city_us_12168,county_us_48339
city_us_12169,county_us_54051
city_us_12170,county_us_27097
city_us_12171,county_us_04005
city_us_12172,county_us_18003
city_us_12173,county_us_12105
city_us_12174,county_us_48291
city_us_12175,county_us_02170
city_us_12176,county_us_18031
city_us_12177,county_us_39063
city_us_12178,county_us_54037
city_us_12179,county_us_42115
city_us_12180,county_us_29189
city_us_12181,county_us_40019
city_us_12182,county_us_06053
city_us_12183,county_us_49057
city_us_12184,county_us_42051
city_us_12185,county_us_35035
city_us_12186,county_us_15001
city_us_12187,county_us_17085
city_us_12188,county_us_51031
city_us_12189,county_us_34019
city_us_12190,county_us_48037
city_us_12191,county_us_48181
city_us_12192,county_us_39015
city_us_12193,county_us_36083
city_us_12194,county_us_41025
city_us_12195,county_us_36111
city_us_12196,county_us_41009
city_us_12197,county_us_12009
city_us_12198,county_us_17085
city_us_12199,county_us_01053
city_us_12200,county_us_39105
city_us_12201,county_us_17143
city_us_12202,county_us_39023
city_us_12203,county_us_19077
city_us_12204,county_us_37059
city_us_12205,county_us_29097
city_us_12206,county_us_12095
city_us_12207,county_us_37147
city_us_12208,county_us_37173
city_us_12209,county_us_48325
city_us_12210,county_us_41061
city_us_12211,county_us_54081
city_us_12212,county_us_13185
city_us_12213,county_us_13217
city_us_12214,county_us_49003
city_us_12215,county_us_55127
city_us_12216,county_us_08123
city_us_12217,county_us_39123
city_us_12218,county_us_19157
city_us_12219,county_us_18039
city_us_12220,county_us_21023
city_us_12221,county_us_06079
city_us_12222,county_us_27023
city_us_12223,county_us_42129
city_us_12224,county_us_49003
city_us_12225,county_us_53065
city_us_12226,county_us_29069
city_us_12227,county_us_17119
city_us_12228,county_us_26045
city_us_12229,county_us_56013
city_us_12230,county_us_39127
city_us_12231,county_us_17179
city_us_12232,county_us_13015
city_us_12233,county_us_42069
city_us_12234,county_us_12113
city_us_12235,county_us_20065
city_us_12236,county_us_25023
city_us_12237,county_us_22075
city_us_12238,county_us_06099
city_us_12239,county_us_47001
city_us_12240,county_us_19003
city_us_12241,county_us_27005
city_us_12242,county_us_30049
city_us_12243,county_us_51169
city_us_12244,county_us_35057
city_us_12245,county_us_47067
city_us_12246,county_us_30063
city_us_12247,county_us_48259
city_us_12248,county_us_28073
city_us_12249,county_us_37125
city_us_12250,county_us_20015
city_us_12251,county_us_06095
city_us_12252,county_us_48037
city_us_12253,county_us_26077
city_us_12254,county_us_40015
city_us_12255,county_us_51195
city_us_12256,county_us_54039
city_us_12257,county_us_48371
city_us_12258,county_us_47061
city_us_12259,county_us_47153
city_us_12260,county_us_47139
city_us_12261,county_us_55127
city_us_12262,county_us_26155
city_us_12263,county_us_05119
city_us_12264,county_us_51187
city_us_12265,county_us_35045
city_us_12266,county_us_28047
city_us_12267,county_us_38101
city_us_12268,county_us_17175
city_us_12269,county_us_24043
city_us_12270,county_us_55121
city_us_12271,county_us_08113
city_us_12272,county_us_46067
city_us_12273,county_us_19149
city_us_12274,county_us_55117
city_us_12275,county_us_01009
city_us_12276,county_us_55099
city_us_12277,county_us_42017
city_us_12278,county_us_31021
city_us_12279,county_us_39085
city_us_12280,county_us_12115
city_us_12281,county_us_12009
city_us_12282,county_us_39119
city_us_12283,county_us_48057
city_us_12284,county_us_55125
city_us_12285,county_us_37161
city_us_12286,county_us_39137
city_us_12287,county_us_48195
city_us_12288,county_us_22079
city_us_12289,county_us_40101
city_us_12290,county_us_13213
city_us_12291,county_us_18109
city_us_12292,county_us_42001
city_us_12293,county_us_01051
city_us_12294,county_us_49043
city_us_12295,county_us_35051
city_us_12296,county_us_36013
city_us_12297,county_us_53053
city_us_12298,county_us_51153
city_us_12299,county_us_48079
city_us_12300,county_us_36071
city_us_12301,county_us_19043
city_us_12302,county_us_08029
city_us_12303,county_us_47171
city_us_12304,county_us_06079
city_us_12305,county_us_53021
city_us_12306,county_us_28107
city_us_12307,county_us_17119
city_us_12308,county_us_34015
city_us_12309,county_us_37191
city_us_12310,county_us_54061
city_us_12311,county_us_30063
city_us_12312,county_us_31169
city_us_12313,county_us_06037
city_us_12314,county_us_28073
city_us_12315,county_us_06023
city_us_12316,county_us_26009
city_us_12317,county_us_48245
city_us_12318,county_us_42037
city_us_12319,county_us_20163
city_us_12320,county_us_39063
city_us_12321,county_us_21197
city_us_12322,county_us_41005
city_us_12323,county_us_42021
city_us_12324,county_us_27073
city_us_12325,county_us_55121
city_us_12326,county_us_19011
city_us_12327,county_us_17143
city_us_12328,county_us_53073
city_us_12329,county_us_45085
city_us_12330,county_us_27115
city_us_12331,county_us_36103
city_us_12332,county_us_54081
city_us_12333,county_us_42017
city_us_12334,county_us_06027
city_us_12335,county_us_31017
city_us_12336,county_us_53011
city_us_12337,county_us_42133
city_us_12338,county_us_39061
city_us_12339,county_us_42055
city_us_12340,county_us_42133
city_us_12341,county_us_41023
city_us_12342,county_us_40139
city_us_12343,county_us_18007
city_us_12344,county_us_25001
city_us_12345,county_us_39095
city_us_12346,county_us_01007
city_us_12347,county_us_35017
city_us_12348,county_us_17015
city_us_12349,county_us_34011
city_us_12350,county_us_20191
city_us_12351,county_us_19093
city_us_12352,county_us_39009
city_us_12353,county_us_35055
city_us_12354,county_us_42021
city_us_12355,county_us_48007
city_us_12356,county_us_36021
city_us_12357,county_us_51069
city_us_12358,county_us_55111
city_us_12359,county_us_17097
city_us_12360,county_us_10005
city_us_12361,county_us_36119
city_us_12362,county_us_42087
city_us_12363,county_us_40003
city_us_12364,county_us_38099
city_us_12365,county_us_42083
city_us_12366,county_us_09110
city_us_12367,county_us_39019
city_us_12368,county_us_31153
city_us_12369,county_us_08045
city_us_12370,county_us_26053
city_us_12371,county_us_36063
city_us_12372,county_us_50011
city_us_12373,county_us_39057
city_us_12374,county_us_17015
city_us_12375,county_us_26011
city_us_12376,county_us_01115
city_us_12377,county_us_17113
city_us_12378,county_us_40083
city_us_12379,county_us_48497
city_us_12380,county_us_31027
city_us_12381,county_us_04009
city_us_12382,county_us_40057
city_us_12383,county_us_34029
city_us_12384,county_us_36053
city_us_12385,county_us_42025
city_us_12386,county_us_22037
city_us_12387,county_us_47057
city_us_12388,county_us_26073
city_us_12389,county_us_54081
city_us_12390,county_us_42103
city_us_12391,county_us_01093
city_us_12392,county_us_17147
city_us_12393,county_us_37039
city_us_12394,county_us_48009
city_us_12395,county_us_37047
city_us_12396,county_us_48141
city_us_12397,county_us_49003
city_us_12398,county_us_05033
city_us_12399,county_us_17085
city_us_12400,county_us_45035
city_us_12401,county_us_47143
city_us_12402,county_us_45019
city_us_12403,county_us_18075
city_us_12404,county_us_48297
city_us_12405,county_us_22007
city_us_12406,county_us_19169
city_us_12407,county_us_53077
city_us_12408,county_us_53035
city_us_12409,county_us_12079
city_us_12410,county_us_21043
city_us_12411,county_us_12095
city_us_12412,county_us_53053
city_us_12413,county_us_26149
city_us_12414,county_us_39127
city_us_12415,county_us_30015
city_us_12416,county_us_02170
city_us_12417,county_us_20125
city_us_12418,county_us_55057
city_us_12419,county_us_45063
city_us_12420,county_us_06099
city_us_12421,county_us_42049
city_us_12422,county_us_19171
city_us_12423,county_us_19023
city_us_12424,county_us_17193
city_us_12425,county_us_20129
city_us_12426,county_us_18053
city_us_12427,county_us_17171
city_us_12428,county_us_28049
city_us_12429,county_us_53025
city_us_12430,county_us_42021
city_us_12431,county_us_41039
city_us_12432,county_us_20183
city_us_12433,county_us_55097
city_us_12434,county_us_55111
city_us_12435,county_us_35001
city_us_12436,county_us_17067
city_us_12437,county_us_51033
city_us_12438,county_us_42051
city_us_12439,county_us_55109
city_us_12440,county_us_37021
city_us_12441,county_us_20203
city_us_12442,county_us_19141
city_us_12443,county_us_09170
city_us_12444,county_us_48403
city_us_12445,county_us_48035
city_us_12446,county_us_37083
city_us_12447,county_us_19141
city_us_12448,county_us_06061
city_us_12449,county_us_48201
city_us_12450,county_us_34033
city_us_12451,county_us_17037
city_us_12452,county_us_24021
city_us_12453,county_us_48455
city_us_12454,county_us_45085
city_us_12455,county_us_48199
city_us_12456,county_us_35045
city_us_12457,county_us_51195
city_us_12458,county_us_51141
city_us_12459,county_us_37129
city_us_12460,county_us_28083
city_us_12461,county_us_42003
city_us_12462,county_us_17117
city_us_12463,county_us_54081
city_us_12464,county_us_36045
city_us_12465,county_us_51197
city_us_12466,county_us_22123
city_us_12467,county_us_17149
city_us_12468,county_us_55079
city_us_12469,county_us_48369
city_us_12470,county_us_17075
city_us_12471,county_us_42021
city_us_12472,county_us_55078
city_us_12473,county_us_17113
city_us_12474,county_us_42021
city_us_12475,county_us_20161
city_us_12476,county_us_51121
city_us_12477,county_us_18013
city_us_12478,county_us_39169
city_us_12479,county_us_39037
city_us_12480,county_us_01045
city_us_12481,county_us_13031
city_us_12482,county_us_15001
city_us_12483,county_us_10003
city_us_12484,county_us_04007
city_us_12485,county_us_36053
city_us_12486,county_us_18043
city_us_12487,county_us_51153
city_us_12488,county_us_38055
city_us_12489,county_us_40007
city_us_12490,county_us_54093
city_us_12491,county_us_36103
city_us_12492,county_us_55105
city_us_12493,county_us_28013
city_us_12494,county_us_24041
city_us_12495,county_us_48157
city_us_12496,county_us_41019
city_us_12497,county_us_48061
city_us_12498,county_us_48497
city_us_12499,county_us_22097
city_us_12500,county_us_13303
city_us_12501,county_us_01073
city_us_12502,county_us_42123
city_us_12503,county_us_48453
city_us_12504,county_us_34029
city_us_12505,county_us_42125
city_us_12506,county_us_35049
city_us_12507,county_us_25007
city_us_12508,county_us_42003
city_us_12509,county_us_02122
city_us_12510,county_us_06099
city_us_12511,county_us_31177
city_us_12512,county_us_55041
city_us_12513,county_us_49053
city_us_12514,county_us_45033
city_us_12515,county_us_21195
city_us_12516,county_us_39091
city_us_12517,county_us_48009
city_us_12518,county_us_18109
city_us_12519,county_us_22001
city_us_12520,county_us_18057
city_us_12521,county_us_37149
city_us_12522,county_us_24033
city_us_12523,county_us_42091
city_us_12524,county_us_24033
city_us_12525,county_us_41017
city_us_12526,county_us_44007
city_us_12527,county_us_29055
city_us_12528,county_us_39023
city_us_12529,county_us_09120
city_us_12530,county_us_01115
city_us_12531,county_us_37089
city_us_12532,county_us_21185
city_us_12533,county_us_04025
city_us_12534,county_us_28035
city_us_12535,county_us_48453
city_us_12536,county_us_48231
city_us_12537,county_us_20173
city_us_12538,county_us_35049
city_us_12539,county_us_05055
city_us_12540,county_us_01061
city_us_12541,county_us_04025
city_us_12542,county_us_12103
city_us_12543,county_us_20141
city_us_12544,county_us_26105
city_us_12545,county_us_39099
city_us_12546,county_us_28133
city_us_12547,county_us_37125
city_us_12548,county_us_42013
city_us_12549,county_us_20075
city_us_12550,county_us_06031
city_us_12551,county_us_17003
city_us_12552,county_us_12101
city_us_12553,county_us_17037
city_us_12554,county_us_06037
city_us_12555,county_us_55027
city_us_12556,county_us_56005
city_us_12557,county_us_40041
city_us_12558,county_us_37009
city_us_12559,county_us_42027
city_us_12560,county_us_34011
city_us_12561,county_us_49007
city_us_12562,county_us_13185
city_us_12563,county_us_35049
city_us_12564,county_us_51179
city_us_12565,county_us_56027
city_us_12566,county_us_12101
city_us_12567,county_us_46102
city_us_12568,county_us_35039
city_us_12569,county_us_01009
city_us_12570,county_us_37127
city_us_12571,county_us_49035
city_us_12572,county_us_17055
city_us_12573,county_us_39061
city_us_12574,county_us_40051
city_us_12575,county_us_36103
city_us_12576,county_us_26021
city_us_12577,county_us_39123
city_us_12578,county_us_06061
city_us_12579,county_us_30025
city_us_12580,county_us_45015
city_us_12581,county_us_04005
city_us_12582,county_us_39035
city_us_12583,county_us_42103
city_us_12584,county_us_20043
city_us_12585,county_us_31025
city_us_12586,county_us_42035
city_us_12587,county_us_36063
city_us_12588,county_us_40063
city_us_12589,county_us_15007
city_us_12590,county_us_01003
city_us_12591,county_us_17137
city_us_12592,county_us_48157
city_us_12593,county_us_48491
city_us_12594,county_us_17115
city_us_12595,county_us_18093
city_us_12596,county_us_37003
city_us_12597,county_us_37163
city_us_12598,county_us_39149
city_us_12599,county_us_29015
city_us_12600,county_us_34037
city_us_12601,county_us_39013
city_us_12602,county_us_54079
city_us_12603,county_us_36111
city_us_12604,county_us_17037
city_us_12605,county_us_17117
city_us_12606,county_us_39041
city_us_12607,county_us_13249
city_us_12608,county_us_42043
city_us_12609,county_us_41041
city_us_12610,county_us_05007
city_us_12611,county_us_48219
city_us_12612,county_us_06019
city_us_12613,county_us_24033
city_us_12614,county_us_48181
city_us_12615,county_us_19077
city_us_12616,county_us_17017
city_us_12617,county_us_48213
city_us_12618,county_us_04015
city_us_12619,county_us_19019
city_us_12620,county_us_35031
city_us_12621,county_us_53017
city_us_12622,county_us_19173
city_us_12623,county_us_20207
city_us_12624,county_us_30005
city_us_12625,county_us_48021
city_us_12626,county_us_18073
city_us_12627,county_us_36109
city_us_12628,county_us_22095
city_us_12629,county_us_22021
city_us_12630,county_us_06009
city_us_12631,county_us_18043
city_us_12632,county_us_48187
city_us_12633,county_us_06093
city_us_12634,county_us_29151
city_us_12635,county_us_09110
city_us_12636,county_us_04003
city_us_12637,county_us_21147
city_us_12638,county_us_48217
city_us_12639,county_us_42019
city_us_12640,county_us_48061
city_us_12641,county_us_04001
city_us_12642,county_us_48361
city_us_12643,county_us_04015
city_us_12644,county_us_56013
city_us_12645,county_us_48053
city_us_12646,county_us_42011
city_us_12647,county_us_05073
city_us_12648,county_us_18123
city_us_12649,county_us_39093
city_us_12650,county_us_08077
city_us_12651,county_us_37051
city_us_12652,county_us_45007
city_us_12653,county_us_40137
city_us_12654,county_us_51001
city_us_12655,county_us_36067
city_us_12656,county_us_36083
city_us_12657,county_us_22089
city_us_12658,county_us_42029
city_us_12659,county_us_37051
city_us_12660,county_us_17091
city_us_12661,county_us_40087
city_us_12662,county_us_27173
city_us_12663,county_us_08073
city_us_12664,county_us_39137
city_us_12665,county_us_17167
city_us_12666,county_us_04005
city_us_12667,county_us_47141
city_us_12668,county_us_17063
city_us_12669,county_us_37055
city_us_12670,county_us_45037
city_us_12671,county_us_55017
city_us_12672,county_us_42079
city_us_12673,county_us_06047
city_us_12674,county_us_18177
city_us_12675,county_us_49005
city_us_12676,county_us_18097
city_us_12677,county_us_29187
city_us_12678,county_us_37193
city_us_12679,county_us_48453
city_us_12680,county_us_17155
city_us_12681,county_us_39019
city_us_12682,county_us_19183
city_us_12683,county_us_13145
city_us_12684,county_us_26117
city_us_12685,county_us_34029
city_us_12686,county_us_40055
city_us_12687,county_us_22057
city_us_12688,county_us_40123
city_us_12689,county_us_30005
city_us_12690,county_us_29005
city_us_12691,county_us_35043
city_us_12692,county_us_37063
city_us_12693,county_us_42027
city_us_12694,county_us_19037
city_us_12695,county_us_19169
city_us_12696,county_us_47105
city_us_12697,county_us_01127
city_us_12698,county_us_42095
city_us_12699,county_us_37117
city_us_12700,county_us_56013
city_us_12701,county_us_37101
city_us_12702,county_us_34041
city_us_12703,county_us_29209
city_us_12704,county_us_18009
city_us_12705,county_us_48231
city_us_12706,county_us_12089
city_us_12707,county_us_47175
city_us_12708,county_us_47135
city_us_12709,county_us_16005
city_us_12710,county_us_47159
city_us_12711,county_us_12069
city_us_12712,county_us_06041
city_us_12713,county_us_17167
city_us_12714,county_us_19049
city_us_12715,county_us_09110
city_us_12716,county_us_48409
city_us_12717,county_us_04003
city_us_12718,county_us_04011
city_us_12719,county_us_26089
city_us_12720,county_us_12067
city_us_12721,county_us_36119
city_us_12722,county_us_48039
city_us_12723,county_us_04007
city_us_12724,county_us_12107
city_us_12725,county_us_20079
city_us_12726,county_us_17201
city_us_12727,county_us_18137
city_us_12728,county_us_48353
city_us_12729,county_us_19067
city_us_12730,county_us_29097
city_us_12731,county_us_38055
city_us_12732,county_us_37167
city_us_12733,county_us_42045
city_us_12734,county_us_01097
city_us_12735,county_us_46099
city_us_12736,county_us_01093
city_us_12737,county_us_51089
city_us_12738,county_us_48309
city_us_12739,county_us_42079
city_us_12740,county_us_36021
city_us_12741,county_us_13079
city_us_12742,county_us_37047
city_us_12743,county_us_15001
city_us_12744,county_us_16083
city_us_12745,county_us_27053
city_us_12746,county_us_35049
city_us_12747,county_us_51059
city_us_12748,county_us_54081
city_us_12749,county_us_34029
city_us_12750,county_us_05125
city_us_12751,county_us_34039
city_us_12752,county_us_47083
city_us_12753,county_us_12099
city_us_12754,county_us_17033
city_us_12755,county_us_12093
city_us_12756,county_us_34011
city_us_12757,county_us_42029
city_us_12758,county_us_01075
city_us_12759,county_us_34009
city_us_12760,county_us_42003
city_us_12761,county_us_40003
city_us_12762,county_us_55035
city_us_12763,county_us_48459
city_us_12764,county_us_30087
city_us_12765,county_us_39125
city_us_12766,county_us_17007
city_us_12767,county_us_48213
city_us_12768,county_us_39061
city_us_12769,county_us_53061
city_us_12770,county_us_17045
city_us_12771,county_us_09190
city_us_12772,county_us_24029
city_us_12773,county_us_17111
city_us_12774,county_us_39065
city_us_12775,county_us_55049
city_us_12776,county_us_04017
city_us_12777,county_us_48483
city_us_12778,county_us_29099
city_us_12779,county_us_42079
city_us_12780,county_us_08123
city_us_12781,county_us_04005
city_us_12782,county_us_13003
city_us_12783,county_us_51153
city_us_12784,county_us_31155
city_us_12785,county_us_06037
city_us_12786,county_us_29207
city_us_12787,county_us_35013
city_us_12788,county_us_39173
city_us_12789,county_us_39013
city_us_12790,county_us_34003
city_us_12791,county_us_55071
city_us_12792,county_us_18089
city_us_12793,county_us_29189
city_us_12794,county_us_17027
city_us_12795,county_us_18027
city_us_12796,county_us_34011
city_us_12797,county_us_01073
city_us_12798,county_us_20177
city_us_12799,county_us_17201
city_us_12800,county_us_26037
city_us_12801,county_us_22063
city_us_12802,county_us_40019
city_us_12803,county_us_36059
city_us_12804,county_us_54039
city_us_12805,county_us_20191
city_us_12806,county_us_09140
city_us_12807,county_us_08059
city_us_12808,county_us_13109
city_us_12809,county_us_48027
city_us_12810,county_us_40131
city_us_12811,county_us_19027
city_us_12812,county_us_39099
city_us_12813,county_us_39071
city_us_12814,county_us_39135
city_us_12815,county_us_55025
city_us_12816,county_us_22097
city_us_12817,county_us_39135
city_us_12818,county_us_44007
city_us_12819,county_us_37127
city_us_12820,county_us_22055
city_us_12821,county_us_04012
city_us_12822,county_us_19171
city_us_12823,county_us_46102
city_us_12824,county_us_46107
city_us_12825,county_us_46099
city_us_12826,county_us_26015
city_us_12827,county_us_36111
city_us_12828,county_us_42073
city_us_12829,county_us_28047
city_us_12830,county_us_10005
city_us_12831,county_us_48403
city_us_12832,county_us_45091
city_us_12833,county_us_17199
city_us_12834,county_us_37061
city_us_12835,county_us_47163
city_us_12836,county_us_47115
city_us_12837,county_us_48041
city_us_12838,county_us_02198
city_us_12839,county_us_19085
city_us_12840,county_us_26121
city_us_12841,county_us_36039
city_us_12842,county_us_48221
city_us_12843,county_us_31123
city_us_12844,county_us_17197
city_us_12845,county_us_22057
city_us_12846,county_us_42129
city_us_12847,county_us_27007
city_us_12848,county_us_19113
city_us_12849,county_us_08051
city_us_12850,county_us_51001
city_us_12851,county_us_51173
city_us_12852,county_us_42003
city_us_12853,county_us_01127
city_us_12854,county_us_53049
city_us_12855,county_us_34011
city_us_12856,county_us_42061
city_us_12857,county_us_36071
city_us_12858,county_us_42015
city_us_12859,county_us_42087
city_us_12860,county_us_06029
city_us_12861,county_us_12117
city_us_12862,county_us_09190
city_us_12863,county_us_29041
city_us_12864,county_us_35043
city_us_12865,county_us_54049
city_us_12866,county_us_46011
city_us_12867,county_us_28087
city_us_12868,county_us_09190
city_us_12869,county_us_42021
city_us_12870,county_us_19043
city_us_12871,county_us_20107
city_us_12872,county_us_42011
city_us_12873,county_us_55115
city_us_12874,county_us_42079
city_us_12875,county_us_18147
city_us_12876,county_us_06081
city_us_12877,county_us_18035
city_us_12878,county_us_42079
city_us_12879,county_us_53039
city_us_12880,county_us_31089
city_us_12881,county_us_54025
city_us_12882,county_us_42045
city_us_12883,county_us_06073
city_us_12884,county_us_45025
city_us_12885,county_us_12075
city_us_12886,county_us_37087
city_us_12887,county_us_55078
city_us_12888,county_us_05143
city_us_12889,county_us_40097
city_us_12890,county_us_42005
city_us_12891,county_us_54025
city_us_12892,county_us_42011
city_us_12893,county_us_37111
city_us_12894,county_us_21057
city_us_12895,county_us_46081
city_us_12896,county_us_55075
city_us_12897,county_us_01013
city_us_12898,county_us_01103
city_us_12899,county_us_29189
city_us_12900,county_us_35055
city_us_12901,county_us_53053
city_us_12902,county_us_06081
city_us_12903,county_us_39035
city_us_12904,county_us_05063
city_us_12905,county_us_34031
city_us_12906,county_us_42081
city_us_12907,county_us_38027
city_us_12908,county_us_20155
city_us_12909,county_us_27083
city_us_12910,county_us_39151
city_us_12911,county_us_50003
city_us_12912,county_us_54043
city_us_12913,county_us_42069
city_us_12914,county_us_41043
city_us_12915,county_us_04017
city_us_12916,county_us_48257
city_us_12917,county_us_25001
city_us_12918,county_us_51083
city_us_12919,county_us_47019
city_us_12920,county_us_19085
city_us_12921,county_us_36103
city_us_12922,county_us_41027
city_us_12923,county_us_54045
city_us_12924,county_us_12127
city_us_12925,county_us_09150
city_us_12926,county_us_51117
city_us_12927,county_us_06065
city_us_12928,county_us_20113
city_us_12929,county_us_48339
city_us_12930,county_us_17143
city_us_12931,county_us_17143
city_us_12932,county_us_19173
city_us_12933,county_us_27039
city_us_12934,county_us_37105
city_us_12935,county_us_13295
city_us_12936,county_us_26073
city_us_12937,county_us_01005
city_us_12938,county_us_29009
city_us_12939,county_us_19195
city_us_12940,county_us_48331
city_us_12941,county_us_21219
city_us_12942,county_us_31155
city_us_12943,county_us_15007
city_us_12944,county_us_22039
city_us_12945,county_us_08013
city_us_12946,county_us_47053
city_us_12947,county_us_35015
city_us_12948,county_us_16029
city_us_12949,county_us_34009
city_us_12950,county_us_26057
city_us_12951,county_us_21111
city_us_12952,county_us_17113
city_us_12953,county_us_09180
city_us_12954,county_us_26143
city_us_12955,county_us_48309
city_us_12956,county_us_42111
city_us_12957,county_us_17147
city_us_12958,county_us_37189
city_us_12959,county_us_42011
city_us_12960,county_us_35001
city_us_12961,county_us_05097
city_us_12962,county_us_27145
city_us_12963,county_us_24037
city_us_12964,county_us_41053
city_us_12965,county_us_48213
city_us_12966,county_us_48131
city_us_12967,county_us_26077
city_us_12968,county_us_31019
city_us_12969,county_us_48271
city_us_12970,county_us_12107
city_us_12971,county_us_05069
city_us_12972,county_us_42071
city_us_12973,county_us_55133
city_us_12974,county_us_42003
city_us_12975,county_us_40041
city_us_12976,county_us_45059
city_us_12977,county_us_04017
city_us_12978,county_us_31119
city_us_12979,county_us_28031
city_us_12980,county_us_31079
city_us_12981,county_us_55051
city_us_12982,county_us_55077
city_us_12983,county_us_06029
city_us_12984,county_us_17051
city_us_12985,county_us_48325
city_us_12986,county_us_28115
city_us_12987,county_us_12069
city_us_12988,county_us_48343
city_us_12989,county_us_13013
city_us_12990,county_us_40021
city_us_12991,county_us_53061
city_us_12992,county_us_42075
city_us_12993,county_us_54081
city_us_12994,county_us_47083
city_us_12995,county_us_05117
city_us_12996,county_us_54107
city_us_12997,county_us_36063
city_us_12998,county_us_17001
city_us_12999,county_us_41033
city_us_13000,county_us_48295
city_us_13001,county_us_12019
city_us_13002,county_us_42125
city_us_13003,county_us_22029
city_us_13004,county_us_31135
city_us_13005,county_us_53073
city_us_13006,county_us_53023
city_us_13007,county_us_27129
city_us_13008,county_us_04015
city_us_13009,county_us_48135
city_us_13010,county_us_02122
city_us_13011,county_us_42071
city_us_13012,county_us_06061
city_us_13013,county_us_46137
city_us_13014,county_us_30081
city_us_13015,county_us_53033
city_us_13016,county_us_42115
city_us_13017,county_us_20133
city_us_13018,county_us_09150
city_us_13019,county_us_51125
city_us_13020,county_us_20139
city_us_13021,county_us_55017
city_us_13022,county_us_22061
city_us_13023,county_us_35031
city_us_13024,county_us_01069
city_us_13025,county_us_48309
city_us_13026,county_us_17117
city_us_13027,county_us_18165
city_us_13028,county_us_41057
city_us_13029,county_us_46053
city_us_13030,county_us_51101
city_us_13031,county_us_42091
city_us_13032,county_us_37057
city_us_13033,county_us_22089
city_us_13034,county_us_01007
city_us_13035,county_us_18091
city_us_13036,county_us_17167
city_us_13037,county_us_28059
city_us_13038,county_us_26149
city_us_13039,county_us_17089
city_us_13040,county_us_39109
city_us_13041,county_us_09180
city_us_13042,county_us_51067
city_us_13043,county_us_56005
city_us_13044,county_us_37193
city_us_13045,county_us_36059
city_us_13046,county_us_17019
city_us_13047,county_us_31039
city_us_13048,county_us_48343
city_us_13049,county_us_06041
city_us_13050,county_us_42011
city_us_13051,county_us_51111
city_us_13052,county_us_51153
city_us_13053,county_us_39077
city_us_13054,county_us_26121
city_us_13055,county_us_39171
city_us_13056,county_us_42121
city_us_13057,county_us_42037
city_us_13058,county_us_06099
city_us_13059,county_us_21027
city_us_13060,county_us_28033
city_us_13061,county_us_45015
city_us_13062,county_us_13025
city_us_13063,county_us_34035
city_us_13064,county_us_20081
city_us_13065,county_us_55013
city_us_13066,county_us_29137
city_us_13067,county_us_53007
city_us_13068,county_us_05129
city_us_13069,county_us_48085
city_us_13070,county_us_29013
city_us_13071,county_us_45075
city_us_13072,county_us_54061
city_us_13073,county_us_31035
city_us_13074,county_us_34007
city_us_13075,county_us_31123
city_us_13076,county_us_15001
city_us_13077,county_us_39157
city_us_13078,county_us_16013
city_us_13079,county_us_40017
city_us_13080,county_us_42107
city_us_13081,county_us_19149
city_us_13082,county_us_05119
city_us_13083,county_us_36027
city_us_13084,county_us_36105
city_us_13085,county_us_55073
city_us_13086,county_us_35027
city_us_13087,county_us_51051
city_us_13088,county_us_55059
city_us_13089,county_us_39153
city_us_13090,county_us_04007
city_us_13091,county_us_36063
city_us_13092,county_us_54043
city_us_13093,county_us_26081
city_us_13094,county_us_17033
city_us_13095,county_us_55027
city_us_13096,county_us_29103
city_us_13097,county_us_37013
city_us_13098,county_us_42103
city_us_13099,county_us_51143
city_us_13100,county_us_53025
city_us_13101,county_us_37027
city_us_13102,county_us_27101
city_us_13103,county_us_20007
city_us_13104,county_us_12061
city_us_13105,county_us_06073
city_us_13106,county_us_27137
city_us_13107,county_us_51163
city_us_13108,county_us_22009
city_us_13109,county_us_38105
city_us_13110,county_us_06081
city_us_13111,county_us_06089
city_us_13112,county_us_34009
city_us_13113,county_us_29155
city_us_13114,county_us_55025
city_us_13115,county_us_19155
city_us_13116,county_us_22099
city_us_13117,county_us_48427
city_us_13118,county_us_21089
city_us_13119,county_us_04023
city_us_13120,county_us_12101
city_us_13121,county_us_05027
city_us_13122,county_us_37065
city_us_13123,county_us_21111
city_us_13124,county_us_48457
city_us_13125,county_us_51079
city_us_13126,county_us_29009
city_us_13127,county_us_06017
city_us_13128,county_us_45079
city_us_13129,county_us_17023
city_us_13130,county_us_48379
city_us_13131,county_us_12085
city_us_13132,county_us_29109
city_us_13133,county_us_36027
city_us_13134,county_us_13137
city_us_13135,county_us_04017
city_us_13136,county_us_15001
city_us_13137,county_us_42035
city_us_13138,county_us_40135
city_us_13139,county_us_20047
city_us_13140,county_us_06023
city_us_13141,county_us_26103
city_us_13142,county_us_12071
city_us_13143,county_us_18091
city_us_13144,county_us_27073
city_us_13145,county_us_48021
city_us_13146,county_us_40041
city_us_13147,county_us_06063
city_us_13148,county_us_41029
city_us_13149,county_us_17175
city_us_13150,county_us_19121
city_us_13151,county_us_16043
city_us_13152,county_us_48423
city_us_13153,county_us_42091
city_us_13154,county_us_05089
city_us_13155,county_us_05095
city_us_13156,county_us_42033
city_us_13157,county_us_30013
city_us_13158,county_us_13111
city_us_13159,county_us_49007
city_us_13160,county_us_36059
city_us_13161,county_us_40109
city_us_13162,county_us_42077
city_us_13163,county_us_55039
city_us_13164,county_us_39113
city_us_13165,county_us_42029
city_us_13166,county_us_18149
city_us_13167,county_us_37197
city_us_13168,county_us_09160
city_us_13169,county_us_55073
city_us_13170,county_us_48427
city_us_13171,county_us_29015
city_us_13172,county_us_56021
city_us_13173,county_us_17007
city_us_13174,county_us_13129
city_us_13175,county_us_39103
city_us_13176,county_us_37031
city_us_13177,county_us_24003
city_us_13178,county_us_24003
city_us_13179,county_us_54081
city_us_13180,county_us_35006
city_us_13181,county_us_50023
city_us_13182,county_us_36069
city_us_13183,county_us_26021
city_us_13184,county_us_42099
city_us_13185,county_us_01133
city_us_13186,county_us_39077
city_us_13187,county_us_45003
city_us_13188,county_us_21203
city_us_13189,county_us_17037
city_us_13190,county_us_27055
city_us_13191,county_us_39155
city_us_13192,county_us_36059
city_us_13193,county_us_38067
city_us_13194,county_us_49015
city_us_13195,county_us_42041
city_us_13196,county_us_06045
city_us_13197,county_us_48493
city_us_13198,county_us_54085
city_us_13199,county_us_39081
city_us_13200,county_us_26135
city_us_13201,county_us_39173
city_us_13202,county_us_48221
city_us_13203,county_us_01055
city_us_13204,county_us_09190
city_us_13205,county_us_48039
city_us_13206,county_us_36019
city_us_13207,county_us_08009
city_us_13208,county_us_10005
city_us_13209,county_us_39169
city_us_13210,county_us_48327
city_us_13211,county_us_42073
city_us_13212,county_us_48015
city_us_13213,county_us_36013
city_us_13214,county_us_32023
city_us_13215,county_us_37189
city_us_13216,county_us_31051
city_us_13217,county_us_05013
city_us_13218,county_us_26017
city_us_13219,county_us_47055
city_us_13220,county_us_48395
city_us_13221,county_us_37087
city_us_13222,county_us_31125
city_us_13223,county_us_19103
city_us_13224,county_us_12101
city_us_13225,county_us_46103
city_us_13226,county_us_54045
city_us_13227,county_us_04007
city_us_13228,county_us_49039
city_us_13229,county_us_09160
city_us_13230,county_us_01055
city_us_13231,county_us_02240
city_us_13232,county_us_04005
city_us_13233,county_us_40049
city_us_13234,county_us_06065
city_us_13235,county_us_39149
city_us_13236,county_us_17193
city_us_13237,county_us_29229
city_us_13238,county_us_12077
city_us_13239,county_us_39061
city_us_13240,county_us_55133
city_us_13241,county_us_01077
city_us_13242,county_us_36059
city_us_13243,county_us_17183
city_us_13244,county_us_05135
city_us_13245,county_us_29189
city_us_13246,county_us_42095
city_us_13247,county_us_12103
city_us_13248,county_us_18017
city_us_13249,county_us_36079
city_us_13250,county_us_18067
city_us_13251,county_us_28059
city_us_13252,county_us_49003
city_us_13253,county_us_45019
city_us_13254,county_us_20119
city_us_13255,county_us_17011
city_us_13256,county_us_26123
city_us_13257,county_us_49015
city_us_13258,county_us_47111
city_us_13259,county_us_22109
city_us_13260,county_us_05031
city_us_13261,county_us_48281
city_us_13262,county_us_27151
city_us_13263,county_us_34001
city_us_13264,county_us_42115
city_us_13265,county_us_22063
city_us_13266,county_us_35013
city_us_13267,county_us_18085
city_us_13268,county_us_01077
city_us_13269,county_us_17097
city_us_13270,county_us_39173
city_us_13271,county_us_38035
city_us_13272,county_us_20155
city_us_13273,county_us_06037
city_us_13274,county_us_16011
city_us_13275,county_us_26121
city_us_13276,county_us_42123
city_us_13277,county_us_51171
city_us_13278,county_us_27093
city_us_13279,county_us_18113
city_us_13280,county_us_17031
city_us_13281,county_us_27155
city_us_13282,county_us_27027
city_us_13283,county_us_48381
city_us_13284,county_us_49015
city_us_13285,county_us_42017
city_us_13286,county_us_37031
city_us_13287,county_us_10005
city_us_13288,county_us_48369
city_us_13289,county_us_26065
city_us_13290,county_us_48283
city_us_13291,county_us_40013
city_us_13292,county_us_48097
city_us_13293,county_us_39119
city_us_13294,county_us_06019
city_us_13295,county_us_19157
city_us_13296,county_us_21037
city_us_13297,county_us_54099
city_us_13298,county_us_16067
city_us_13299,county_us_49039
city_us_13300,county_us_53047
city_us_13301,county_us_31019
city_us_13302,county_us_42019
city_us_13303,county_us_41059
city_us_13304,county_us_39171
city_us_13305,county_us_53041
city_us_13306,county_us_12127
city_us_13307,county_us_47129
city_us_13308,county_us_29185
city_us_13309,county_us_42133
city_us_13310,county_us_51035
city_us_13311,county_us_22007
city_us_13312,county_us_27145
city_us_13313,county_us_49049
city_us_13314,county_us_33009
city_us_13315,county_us_22059
city_us_13316,county_us_42109
city_us_13317,county_us_36027
city_us_13318,county_us_42107
city_us_13319,county_us_26151
city_us_13320,county_us_39015
city_us_13321,county_us_55019
city_us_13322,county_us_29095
city_us_13323,county_us_13011
city_us_13324,county_us_18013
city_us_13325,county_us_16039
city_us_13326,county_us_55025
city_us_13327,county_us_31139
city_us_13328,county_us_34025
city_us_13329,county_us_05127
city_us_13330,county_us_48201
city_us_13331,county_us_40017
city_us_13332,county_us_19043
city_us_13333,county_us_25023
city_us_13334,county_us_04017
city_us_13335,county_us_42121
city_us_13336,county_us_06033
city_us_13337,county_us_35045
city_us_13338,county_us_04007
city_us_13339,county_us_01003
city_us_13340,county_us_34029
city_us_13341,county_us_55083
city_us_13342,county_us_48013
city_us_13343,county_us_19027
city_us_13344,county_us_22079
city_us_13345,county_us_42051
city_us_13346,county_us_06027
city_us_13347,county_us_22119
city_us_13348,county_us_18061
city_us_13349,county_us_02170
city_us_13350,county_us_34015
city_us_13351,county_us_26165
city_us_13352,county_us_42081
city_us_13353,county_us_06005
city_us_13354,county_us_40075
city_us_13355,county_us_36059
city_us_13356,county_us_42005
city_us_13357,county_us_51171
city_us_13358,county_us_01123
city_us_13359,county_us_42063
city_us_13360,county_us_28075
city_us_13361,county_us_41053
city_us_13362,county_us_17075
city_us_13363,county_us_42049
city_us_13364,county_us_47097
city_us_13365,county_us_12103
city_us_13366,county_us_51083
city_us_13367,county_us_37153
city_us_13368,county_us_08003
city_us_13369,county_us_28005
city_us_13370,county_us_48401
city_us_13371,county_us_48275
city_us_13372,county_us_40073
city_us_13373,county_us_55123
city_us_13374,county_us_17115
city_us_13375,county_us_20187
city_us_13376,county_us_41049
city_us_13377,county_us_42021
city_us_13378,county_us_48085
city_us_13379,county_us_55063
city_us_13380,county_us_01009
city_us_13381,county_us_13153
city_us_13382,county_us_17063
city_us_13383,county_us_32031
city_us_13384,county_us_16001
city_us_13385,county_us_47071
city_us_13386,county_us_17011
city_us_13387,county_us_42125
city_us_13388,county_us_21227
city_us_13389,county_us_53053
city_us_13390,county_us_26149
city_us_13391,county_us_55033
city_us_13392,county_us_39103
city_us_13393,county_us_34039
city_us_13394,county_us_42107
city_us_13395,county_us_36027
city_us_13396,county_us_17097
city_us_13397,county_us_19023
city_us_13398,county_us_47017
city_us_13399,county_us_01009
city_us_13400,county_us_48055
city_us_13401,county_us_12127
city_us_13402,county_us_16069
city_us_13403,county_us_46039
city_us_13404,county_us_36013
city_us_13405,county_us_39119
city_us_13406,county_us_39143
city_us_13407,county_us_21029
city_us_13408,county_us_38101
city_us_13409,county_us_22009
city_us_13410,county_us_42073
city_us_13411,county_us_37057
city_us_13412,county_us_36019
city_us_13413,county_us_55131
city_us_13414,county_us_08021
city_us_13415,county_us_48067
city_us_13416,county_us_47151
city_us_13417,county_us_18069
city_us_13418,county_us_01083
city_us_13419,county_us_10003
city_us_13420,county_us_24013
city_us_13421,county_us_42079
city_us_13422,county_us_21115
city_us_13423,county_us_10001
city_us_13424,county_us_21135
city_us_13425,county_us_55081
city_us_13426,county_us_26023
city_us_13427,county_us_26037
city_us_13428,county_us_56039
city_us_13429,county_us_39075
city_us_13430,county_us_34027
city_us_13431,county_us_08041
city_us_13432,county_us_29179
city_us_13433,county_us_05105
city_us_13434,county_us_13277
city_us_13435,county_us_21111
city_us_13436,county_us_42043
city_us_13437,county_us_06019
city_us_13438,county_us_45075
city_us_13439,county_us_34027
city_us_13440,county_us_48469
city_us_13441,county_us_26157
city_us_13442,county_us_04003
city_us_13443,county_us_48439
city_us_13444,county_us_48287
city_us_13445,county_us_54025
city_us_13446,county_us_42029
city_us_13447,county_us_46023
city_us_13448,county_us_41043
city_us_13449,county_us_39137
city_us_13450,county_us_27119
city_us_13451,county_us_42037
city_us_13452,county_us_39015
city_us_13453,county_us_41017
city_us_13454,county_us_18135
city_us_13455,county_us_48271
city_us_13456,county_us_06023
city_us_13457,county_us_40039
city_us_13458,county_us_24017
city_us_13459,county_us_06005
city_us_13460,county_us_48027
city_us_13461,county_us_06109
city_us_13462,county_us_17061
city_us_13463,county_us_37163
city_us_13464,county_us_17105
city_us_13465,county_us_27143
city_us_13466,county_us_39157
city_us_13467,county_us_42051
city_us_13468,county_us_39167
city_us_13469,county_us_06015
city_us_13470,county_us_33013
city_us_13471,county_us_29189
city_us_13472,county_us_42021
city_us_13473,county_us_32005
city_us_13474,county_us_36111
city_us_13475,county_us_02158
city_us_13476,county_us_26117
city_us_13477,county_us_46059
city_us_13478,county_us_17075
city_us_13479,county_us_16021
city_us_13480,county_us_42017
city_us_13481,county_us_18109
city_us_13482,county_us_26073
city_us_13483,county_us_36027
city_us_13484,county_us_55047
city_us_13485,county_us_29037
city_us_13486,county_us_40081
city_us_13487,county_us_28121
city_us_13488,county_us_05061
city_us_13489,county_us_18069
city_us_13490,county_us_13259
city_us_13491,county_us_39013
city_us_13492,county_us_22077
city_us_13493,county_us_48251
city_us_13494,county_us_54107
city_us_13495,county_us_45051
city_us_13496,county_us_18107
city_us_13497,county_us_15001
city_us_13498,county_us_26131
city_us_13499,county_us_34035
city_us_13500,county_us_49039
city_us_13501,county_us_27125
city_us_13502,county_us_17075
city_us_13503,county_us_01075
city_us_13504,county_us_29057
city_us_13505,county_us_41019
city_us_13506,county_us_20179
city_us_13507,county_us_01055
city_us_13508,county_us_37001
city_us_13509,county_us_31067
city_us_13510,county_us_28051
city_us_13511,county_us_19085
city_us_13512,county_us_40123
city_us_13513,county_us_29027
city_us_13514,county_us_55033
city_us_13515,county_us_34001
city_us_13516,county_us_06053
city_us_13517,county_us_26059
city_us_13518,county_us_42097
city_us_13519,county_us_55093
city_us_13520,county_us_17015
city_us_13521,county_us_22053
city_us_13522,county_us_51099
city_us_13523,county_us_51103
city_us_13524,county_us_17149
city_us_13525,county_us_42069
city_us_13526,county_us_54037
city_us_13527,county_us_49003
city_us_13528,county_us_02122
city_us_13529,county_us_19167
city_us_13530,county_us_36091
city_us_13531,county_us_01055
city_us_13532,county_us_36089
city_us_13533,county_us_01031
city_us_13534,county_us_48001
city_us_13535,county_us_18001
city_us_13536,county_us_01051
city_us_13537,county_us_17097
city_us_13538,county_us_18023
city_us_13539,county_us_06113
city_us_13540,county_us_09110
city_us_13541,county_us_09150
city_us_13542,county_us_30063
city_us_13543,county_us_20037
city_us_13544,county_us_26045
city_us_13545,county_us_53037
city_us_13546,county_us_37049
city_us_13547,county_us_35029
city_us_13548,county_us_34001
city_us_13549,county_us_35015
city_us_13550,county_us_53033
city_us_13551,county_us_06041
city_us_13552,county_us_06035
city_us_13553,county_us_36011
city_us_13554,county_us_56023
city_us_13555,county_us_40041
city_us_13556,county_us_17031
city_us_13557,county_us_40079
city_us_13558,county_us_54039
city_us_13559,county_us_18153
city_us_13560,county_us_19125
city_us_13561,county_us_24031
city_us_13562,county_us_28077
city_us_13563,county_us_42051
city_us_13564,county_us_20139
city_us_13565,county_us_18081
city_us_13566,county_us_37125
city_us_13567,county_us_36055
city_us_13568,county_us_47179
city_us_13569,county_us_48489
city_us_13570,county_us_13219
city_us_13571,county_us_54019
city_us_13572,county_us_17001
city_us_13573,county_us_04005
city_us_13574,county_us_56003
city_us_13575,county_us_06059
city_us_13576,county_us_42029
city_us_13577,county_us_29051
city_us_13578,county_us_47123
city_us_13579,county_us_24021
city_us_13580,county_us_47137
city_us_13581,county_us_51079
city_us_13582,county_us_06083
city_us_13583,county_us_48323
city_us_13584,county_us_29005
city_us_13585,county_us_12069
city_us_13586,county_us_48299
city_us_13587,county_us_35015
city_us_13588,county_us_40059
city_us_13589,county_us_31173
city_us_13590,county_us_18183
city_us_13591,county_us_29043
city_us_13592,county_us_29189
city_us_13593,county_us_17201
city_us_13594,county_us_02158
city_us_13595,county_us_36071
city_us_13596,county_us_55127
city_us_13597,county_us_06005
city_us_13598,county_us_41059
city_us_13599,county_us_26125
city_us_13600,county_us_22057
city_us_13601,county_us_41007
city_us_13602,county_us_26145
city_us_13603,county_us_12087
city_us_13604,county_us_42007
city_us_13605,county_us_35006
city_us_13606,county_us_48151
city_us_13607,county_us_53053
city_us_13608,county_us_55077
city_us_13609,county_us_39071
city_us_13610,county_us_25001
city_us_13611,county_us_27121
city_us_13612,county_us_09120
city_us_13613,county_us_23031
city_us_13614,county_us_18003
city_us_13615,county_us_34033
city_us_13616,county_us_13051
city_us_13617,county_us_12119
city_us_13618,county_us_55121
city_us_13619,county_us_19023
city_us_13620,county_us_53007
city_us_13621,county_us_39101
city_us_13622,county_us_49049
city_us_13623,county_us_20119
city_us_13624,county_us_48289
city_us_13625,county_us_40097
city_us_13626,county_us_41013
city_us_13627,county_us_29121
city_us_13628,county_us_42035
city_us_13629,county_us_40051
city_us_13630,county_us_26027
city_us_13631,county_us_17119
city_us_13632,county_us_39133
city_us_13633,county_us_29129
city_us_13634,county_us_06087
city_us_13635,county_us_19129
city_us_13636,county_us_17035
city_us_13637,county_us_17189
city_us_13638,county_us_29037
city_us_13639,county_us_05055
city_us_13640,county_us_06039
city_us_13641,county_us_26043
city_us_13642,county_us_40045
city_us_13643,county_us_36079
city_us_13644,county_us_36023
city_us_13645,county_us_18163
city_us_13646,county_us_29075
city_us_13647,county_us_19103
city_us_13648,county_us_54095
city_us_13649,county_us_48277
city_us_13650,county_us_41029
city_us_13651,county_us_47145
city_us_13652,county_us_53061
city_us_13653,county_us_42107
city_us_13654,county_us_42129
city_us_13655,county_us_53017
city_us_13656,county_us_48035
city_us_13657,county_us_36009
city_us_13658,county_us_26065
city_us_13659,county_us_46099
city_us_13660,county_us_20115
city_us_13661,county_us_51105
city_us_13662,county_us_49039
city_us_13663,county_us_35031
city_us_13664,county_us_15003
city_us_13665,county_us_48473
city_us_13666,county_us_18183
city_us_13667,county_us_29195
city_us_13668,county_us_42117
city_us_13669,county_us_36103
city_us_13670,county_us_27147
city_us_13671,county_us_06099
city_us_13672,county_us_06023
city_us_13673,county_us_08067
city_us_13674,county_us_34031
city_us_13675,county_us_54057
city_us_13676,county_us_27117
city_us_13677,county_us_36027
city_us_13678,county_us_29167
city_us_13679,county_us_46121
city_us_13680,county_us_45071
city_us_13681,county_us_54099
city_us_13682,county_us_39155
city_us_13683,county_us_29189
city_us_13684,county_us_42003
city_us_13685,county_us_55035
city_us_13686,county_us_12033
city_us_13687,county_us_17091
city_us_13688,county_us_13191
city_us_13689,county_us_01009
city_us_13690,county_us_12099
city_us_13691,county_us_42043
city_us_13692,county_us_04007
city_us_13693,county_us_22025
city_us_13694,county_us_48421
city_us_13695,county_us_48083
city_us_13696,county_us_13019
city_us_13697,county_us_54051
city_us_13698,county_us_48277
city_us_13699,county_us_39045
city_us_13700,county_us_31053
city_us_13701,county_us_35013
city_us_13702,county_us_42041
city_us_13703,county_us_53073
city_us_13704,county_us_39173
city_us_13705,county_us_29125
city_us_13706,county_us_17111
city_us_13707,county_us_17167
city_us_13708,county_us_08041
city_us_13709,county_us_42005
city_us_13710,county_us_17075
city_us_13711,county_us_17123
city_us_13712,county_us_48051
city_us_13713,county_us_35001
city_us_13714,county_us_36031
city_us_13715,county_us_45001
city_us_13716,county_us_37151
city_us_13717,county_us_12099
city_us_13718,county_us_28093
city_us_13719,county_us_27043
city_us_13720,county_us_37159
city_us_13721,county_us_16073
city_us_13722,county_us_01069
city_us_13723,county_us_34019
city_us_13724,county_us_16013
city_us_13725,county_us_48085
city_us_13726,county_us_16049
city_us_13727,county_us_20135
city_us_13728,county_us_42005
city_us_13729,county_us_37041
city_us_13730,county_us_34027
city_us_13731,county_us_39153
city_us_13732,county_us_12086
city_us_13733,county_us_39001
city_us_13734,county_us_31107
city_us_13735,county_us_15001
city_us_13736,county_us_48007
city_us_13737,county_us_24021
city_us_13738,county_us_39091
city_us_13739,county_us_48321
city_us_13740,county_us_28101
city_us_13741,county_us_36077
city_us_13742,county_us_19075
city_us_13743,county_us_42005
city_us_13744,county_us_20153
city_us_13745,county_us_04009
city_us_13746,county_us_08117
city_us_13747,county_us_55135
city_us_13748,county_us_13143
city_us_13749,county_us_48133
city_us_13750,county_us_20185
city_us_13751,county_us_22105
city_us_13752,county_us_28137
city_us_13753,county_us_42017
city_us_13754,county_us_39013
city_us_13755,county_us_16015
city_us_13756,county_us_39017
city_us_13757,county_us_06037
city_us_13758,county_us_49049
city_us_13759,county_us_42003
city_us_13760,county_us_24021
city_us_13761,county_us_19075
city_us_13762,county_us_13097
city_us_13763,county_us_40145
city_us_13764,county_us_40115
city_us_13765,county_us_37011
city_us_13766,county_us_37047
city_us_13767,county_us_53061
city_us_13768,county_us_06061
city_us_13769,county_us_49053
city_us_13770,county_us_56039
city_us_13771,county_us_12127
city_us_13772,county_us_36027
city_us_13773,county_us_42003
city_us_13774,county_us_48167
city_us_13775,county_us_54109
city_us_13776,county_us_48497
city_us_13777,county_us_01049
city_us_13778,county_us_48127
city_us_13779,county_us_48061
city_us_13780,county_us_39141
city_us_13781,county_us_17199
city_us_13782,county_us_09130
city_us_13783,county_us_20023
city_us_13784,county_us_42019
city_us_13785,county_us_27049
city_us_13786,county_us_18099
city_us_13787,county_us_22077
city_us_13788,county_us_47017
city_us_13789,county_us_36055
city_us_13790,county_us_13037
city_us_13791,county_us_27163
city_us_13792,county_us_42097
city_us_13793,county_us_18003
city_us_13794,county_us_27007
city_us_13795,county_us_48391
city_us_13796,county_us_48241
city_us_13797,county_us_01009
city_us_13798,county_us_17199
city_us_13799,county_us_17139
city_us_13800,county_us_51143
city_us_13801,county_us_15009
city_us_13802,county_us_24003
city_us_13803,county_us_45079
city_us_13804,county_us_26145
city_us_13805,county_us_42127
city_us_13806,county_us_51125
city_us_13807,county_us_05005
city_us_13808,county_us_26115
city_us_13809,county_us_51031
city_us_13810,county_us_42037
city_us_13811,county_us_18153
city_us_13812,county_us_48497
city_us_13813,county_us_47181
city_us_13814,county_us_42003
city_us_13815,county_us_21147
city_us_13816,county_us_51015
city_us_13817,county_us_06097
city_us_13818,county_us_18175
city_us_13819,county_us_29189
city_us_13820,county_us_42131
city_us_13821,county_us_19059
city_us_13822,county_us_39129
city_us_13823,county_us_19151
city_us_13824,county_us_13287
city_us_13825,county_us_41039
city_us_13826,county_us_21103
city_us_13827,county_us_01121
city_us_13828,county_us_27045
city_us_13829,county_us_26075
city_us_13830,county_us_48321
city_us_13831,county_us_47167
city_us_13832,county_us_17089
city_us_13833,county_us_21163
city_us_13834,county_us_47053
city_us_13835,county_us_48407
city_us_13836,county_us_22113
city_us_13837,county_us_08049
city_us_13838,county_us_12127
city_us_13839,county_us_36103
city_us_13840,county_us_42087
city_us_13841,county_us_18127
city_us_13842,county_us_22059
city_us_13843,county_us_27025
city_us_13844,county_us_21107
city_us_13845,county_us_51185
city_us_13846,county_us_48231
city_us_13847,county_us_06085
city_us_13848,county_us_30029
city_us_13849,county_us_47051
city_us_13850,county_us_27159
city_us_13851,county_us_48011
city_us_13852,county_us_21085
city_us_13853,county_us_42087
city_us_13854,county_us_55039
city_us_13855,county_us_36063
city_us_13856,county_us_55121
city_us_13857,county_us_38095
city_us_13858,county_us_42103
city_us_13859,county_us_36105
city_us_13860,county_us_26087
city_us_13861,county_us_53053
city_us_13862,county_us_55065
city_us_13863,county_us_36119
city_us_13864,county_us_12099
city_us_13865,county_us_17113
city_us_13866,county_us_45031
city_us_13867,county_us_38061
city_us_13868,county_us_06029
city_us_13869,county_us_48303
city_us_13870,county_us_49057
city_us_13871,county_us_24037
city_us_13872,county_us_55133
city_us_13873,county_us_21089
city_us_13874,county_us_27091
city_us_13875,county_us_37159
city_us_13876,county_us_42051
city_us_13877,county_us_06043
city_us_13878,county_us_32007
city_us_13879,county_us_46103
city_us_13880,county_us_42103
city_us_13881,county_us_30043
city_us_13882,county_us_48171
city_us_13883,county_us_29051
city_us_13884,county_us_40047
city_us_13885,county_us_05081
city_us_13886,county_us_17097
city_us_13887,county_us_55095
city_us_13888,county_us_51167
city_us_13889,county_us_48229
city_us_13890,county_us_21111
city_us_13891,county_us_13129
city_us_13892,county_us_42001
city_us_13893,county_us_42035
city_us_13894,county_us_48001
city_us_13895,county_us_45045
city_us_13896,county_us_39139
city_us_13897,county_us_23029
city_us_13898,county_us_41039
city_us_13899,county_us_37171
city_us_13900,county_us_39061
city_us_13901,county_us_48233
city_us_13902,county_us_16061
city_us_13903,county_us_27067
city_us_13904,county_us_20177
city_us_13905,county_us_51185
city_us_13906,county_us_48039
city_us_13907,county_us_37137
city_us_13908,county_us_16057
city_us_13909,county_us_27111
city_us_13910,county_us_27105
city_us_13911,county_us_19069
city_us_13912,county_us_36045
city_us_13913,county_us_37123
city_us_13914,county_us_16017
city_us_13915,county_us_12039
city_us_13916,county_us_36059
city_us_13917,county_us_26021
city_us_13918,county_us_55109
city_us_13919,county_us_19017
city_us_13920,county_us_48367
city_us_13921,county_us_26059
city_us_13922,county_us_29119
city_us_13923,county_us_39075
city_us_13924,county_us_35011
city_us_13925,county_us_22111
city_us_13926,county_us_46025
city_us_13927,county_us_13255
city_us_13928,county_us_39041
city_us_13929,county_us_05059
city_us_13930,county_us_22047
city_us_13931,county_us_54037
city_us_13932,county_us_42003
city_us_13933,county_us_42037
city_us_13934,county_us_42125
city_us_13935,county_us_48419
city_us_13936,county_us_17115
city_us_13937,county_us_26027
city_us_13938,county_us_13179
city_us_13939,county_us_42013
city_us_13940,county_us_36065
city_us_13941,county_us_29189
city_us_13942,county_us_48255
city_us_13943,county_us_29099
city_us_13944,county_us_48101
city_us_13945,county_us_31025
city_us_13946,county_us_22113
city_us_13947,county_us_33005
city_us_13948,county_us_19035
city_us_13949,county_us_17163
city_us_13950,county_us_47077
city_us_13951,county_us_37001
city_us_13952,county_us_42111
city_us_13953,county_us_51025
city_us_13954,county_us_17027
city_us_13955,county_us_28047
city_us_13956,county_us_16047
city_us_13957,county_us_46093
city_us_13958,county_us_17183
city_us_13959,county_us_05067
city_us_13960,county_us_48399
city_us_13961,county_us_29071
city_us_13962,county_us_26123
city_us_13963,county_us_16085
city_us_13964,county_us_51121
city_us_13965,county_us_35057
city_us_13966,county_us_05003
city_us_13967,county_us_26079
city_us_13968,county_us_17133
city_us_13969,county_us_48167
city_us_13970,county_us_28087
city_us_13971,county_us_42133
city_us_13972,county_us_47183
city_us_13973,county_us_26059
city_us_13974,county_us_27061
city_us_13975,county_us_48029
city_us_13976,county_us_18157
city_us_13977,county_us_39029
city_us_13978,county_us_12017
city_us_13979,county_us_06105
city_us_13980,county_us_08005
city_us_13981,county_us_53053
city_us_13982,county_us_27029
city_us_13983,county_us_06065
city_us_13984,county_us_55121
city_us_13985,county_us_26051
city_us_13986,county_us_55087
city_us_13987,county_us_55043
city_us_13988,county_us_04007
city_us_13989,county_us_48161
city_us_13990,county_us_27067
city_us_13991,county_us_06067
city_us_13992,county_us_20087
city_us_13993,county_us_48403
city_us_13994,county_us_53003
city_us_13995,county_us_51165
city_us_13996,county_us_40031
city_us_13997,county_us_39093
city_us_13998,county_us_47049
city_us_13999,county_us_17167
city_us_14000,county_us_20149
city_us_14001,county_us_38079
city_us_14002,county_us_32027
city_us_14003,county_us_27013
city_us_14004,county_us_27067
city_us_14005,county_us_16011
city_us_14006,county_us_27049
city_us_14007,county_us_44009
city_us_14008,county_us_39061
city_us_14009,county_us_04003
city_us_14010,county_us_51001
city_us_14011,county_us_21109
city_us_14012,county_us_48469
city_us_14013,county_us_45075
city_us_14014,county_us_08037
city_us_14015,county_us_02122
city_us_14016,county_us_06057
city_us_14017,county_us_34027
city_us_14018,county_us_42045
city_us_14019,county_us_18135
city_us_14020,county_us_37181
city_us_14021,county_us_56035
city_us_14022,county_us_55075
city_us_14023,county_us_08115
city_us_14024,county_us_19179
city_us_14025,county_us_42051
city_us_14026,county_us_05135
city_us_14027,county_us_40021
city_us_14028,county_us_06097
city_us_14029,county_us_08083
city_us_14030,county_us_36021
city_us_14031,county_us_21027
city_us_14032,county_us_13051
city_us_14033,county_us_47047
city_us_14034,county_us_41003
city_us_14035,county_us_54045
city_us_14036,county_us_19169
city_us_14037,county_us_48061
city_us_14038,county_us_54033
city_us_14039,county_us_32031
city_us_14040,county_us_18091
city_us_14041,county_us_26061
city_us_14042,county_us_31111
city_us_14043,county_us_41071
city_us_14044,county_us_18151
city_us_14045,county_us_17025
city_us_14046,county_us_19123
city_us_14047,county_us_51131
city_us_14048,county_us_17059
city_us_14049,county_us_26061
city_us_14050,county_us_38079
city_us_14051,county_us_42111
city_us_14052,county_us_12103
city_us_14053,county_us_51003
city_us_14054,county_us_48245
city_us_14055,county_us_06011
city_us_14056,county_us_01055
city_us_14057,county_us_30089
city_us_14058,county_us_17035
city_us_14059,county_us_39117
city_us_14060,county_us_26145
city_us_14061,county_us_02230
city_us_14062,county_us_17067
city_us_14063,county_us_04005
city_us_14064,county_us_27097
city_us_14065,county_us_19065
city_us_14066,county_us_40119
city_us_14067,county_us_12061
city_us_14068,county_us_42055
city_us_14069,county_us_26069
city_us_14070,county_us_04021
city_us_14071,county_us_42013
city_us_14072,county_us_06061
city_us_14073,county_us_17141
city_us_14074,county_us_39051
city_us_14075,county_us_26075
city_us_14076,county_us_42055
city_us_14077,county_us_29139
city_us_14078,county_us_09190
city_us_14079,county_us_42011
city_us_14080,county_us_51077
city_us_14081,county_us_48401
city_us_14082,county_us_51185
city_us_14083,county_us_31019
city_us_14084,county_us_42033
city_us_14085,county_us_42095
city_us_14086,county_us_40021
city_us_14087,county_us_06065
city_us_14088,county_us_55127
city_us_14089,county_us_29189
city_us_14090,county_us_36009
city_us_14091,county_us_41043
city_us_14092,county_us_25023
city_us_14093,county_us_42029
city_us_14094,county_us_05031
city_us_14095,county_us_54057
city_us_14096,county_us_05103
city_us_14097,county_us_06087
city_us_14098,county_us_35045
city_us_14099,county_us_21105
city_us_14100,county_us_35039
city_us_14101,county_us_41033
city_us_14102,county_us_39151
city_us_14103,county_us_24043
city_us_14104,county_us_54021
city_us_14105,county_us_40113
city_us_14106,county_us_42109
city_us_14107,county_us_01117
city_us_14108,county_us_06061
city_us_14109,county_us_26021
city_us_14110,county_us_39153
city_us_14111,county_us_17017
city_us_14112,county_us_37185
city_us_14113,county_us_46045
city_us_14114,county_us_31065
city_us_14115,county_us_55117
city_us_14116,county_us_47013
city_us_14117,county_us_20087
city_us_14118,county_us_40133
city_us_14119,county_us_39077
city_us_14120,county_us_20173
city_us_14121,county_us_27129
city_us_14122,county_us_48213
city_us_14123,county_us_42019
city_us_14124,county_us_48025
city_us_14125,county_us_47183
city_us_14126,county_us_13313
city_us_14127,county_us_39089
city_us_14128,county_us_37123
city_us_14129,county_us_29099
city_us_14130,county_us_48013
city_us_14131,county_us_36023
city_us_14132,county_us_13083
city_us_14133,county_us_26157
city_us_14134,county_us_39173
city_us_14135,county_us_27021
city_us_14136,county_us_27111
city_us_14137,county_us_55071
city_us_14138,county_us_01117
city_us_14139,county_us_24017
city_us_14140,county_us_19113
city_us_14141,county_us_53061
city_us_14142,county_us_28021
city_us_14143,county_us_13035
city_us_14144,county_us_44009
city_us_14145,county_us_53029
city_us_14146,county_us_36059
city_us_14147,county_us_42013
city_us_14148,county_us_20059
city_us_14149,county_us_42003
city_us_14150,county_us_13317
city_us_14151,county_us_49045
city_us_14152,county_us_46087
city_us_14153,county_us_39087
city_us_14154,county_us_40095
city_us_14155,county_us_19113
city_us_14156,county_us_42015
city_us_14157,county_us_20165
city_us_14158,county_us_42043
city_us_14159,county_us_24045
city_us_14160,county_us_19113
city_us_14161,county_us_47041
city_us_14162,county_us_05089
city_us_14163,county_us_39165
city_us_14164,county_us_45087
city_us_14165,county_us_18165
city_us_14166,county_us_29169
city_us_14167,county_us_16009
city_us_14168,county_us_39049
city_us_14169,county_us_37195
city_us_14170,county_us_51093
city_us_14171,county_us_46017
city_us_14172,county_us_41019
city_us_14173,county_us_53053
city_us_14174,county_us_01073
city_us_14175,county_us_40145
city_us_14176,county_us_18129
city_us_14177,county_us_36057
city_us_14178,county_us_17099
city_us_14179,county_us_17093
city_us_14180,county_us_37153
city_us_14181,county_us_24031
city_us_14182,county_us_54107
city_us_14183,county_us_45007
city_us_14184,county_us_13049
city_us_14185,county_us_39061
city_us_14186,county_us_05045
city_us_14187,county_us_39167
city_us_14188,county_us_17121
city_us_14189,county_us_28051
city_us_14190,county_us_31177
city_us_14191,county_us_36027
city_us_14192,county_us_22095
city_us_14193,county_us_12129
city_us_14194,county_us_36101
city_us_14195,county_us_16017
city_us_14196,county_us_36011
city_us_14197,county_us_38017
city_us_14198,county_us_41047
city_us_14199,county_us_54079
city_us_14200,county_us_04017
city_us_14201,county_us_27083
city_us_14202,county_us_28111
city_us_14203,county_us_09180
city_us_14204,county_us_29201
city_us_14205,county_us_54055
city_us_14206,county_us_26099
city_us_14207,county_us_45063
city_us_14208,county_us_18107
city_us_14209,county_us_19119
city_us_14210,county_us_45023
city_us_14211,county_us_42027
city_us_14212,county_us_40031
city_us_14213,county_us_06029
city_us_14214,county_us_55135
city_us_14215,county_us_45001
city_us_14216,county_us_06019
city_us_14217,county_us_19087
city_us_14218,county_us_26115
city_us_14219,county_us_36059
city_us_14220,county_us_17015
city_us_14221,county_us_21147
city_us_14222,county_us_55001
city_us_14223,county_us_30031
city_us_14224,county_us_22009
city_us_14225,county_us_26091
city_us_14226,county_us_34035
city_us_14227,county_us_42069
city_us_14228,county_us_53059
city_us_14229,county_us_17021
city_us_14230,county_us_48081
city_us_14231,county_us_42095
city_us_14232,county_us_17087
city_us_14233,county_us_54055
city_us_14234,county_us_21015
city_us_14235,county_us_06099
city_us_14236,county_us_01093
city_us_14237,county_us_10003
city_us_14238,county_us_34001
city_us_14239,county_us_18003
city_us_14240,county_us_28133
city_us_14241,county_us_45029
city_us_14242,county_us_29087
city_us_14243,county_us_56039
city_us_14244,county_us_48059
city_us_14245,county_us_39015
city_us_14246,county_us_29089
city_us_14247,county_us_50005
city_us_14248,county_us_47017
city_us_14249,county_us_37089
city_us_14250,county_us_39001
city_us_14251,county_us_13037
city_us_14252,county_us_05033
city_us_14253,county_us_34037
city_us_14254,county_us_12117
city_us_14255,county_us_39091
city_us_14256,county_us_13281
city_us_14257,county_us_20041
city_us_14258,county_us_17141
city_us_14259,county_us_22063
city_us_14260,county_us_18113
city_us_14261,county_us_22089
city_us_14262,county_us_40025
city_us_14263,county_us_39099
city_us_14264,county_us_37113
city_us_14265,county_us_48493
city_us_14266,county_us_42025
city_us_14267,county_us_19131
city_us_14268,county_us_45071
city_us_14269,county_us_36059
city_us_14270,county_us_54075
city_us_14271,county_us_42129
city_us_14272,county_us_20087
city_us_14273,county_us_08087
city_us_14274,county_us_26095
city_us_14275,county_us_02158
city_us_14276,county_us_48037
city_us_14277,county_us_04021
city_us_14278,county_us_19031
city_us_14279,county_us_18091
city_us_14280,county_us_37093
city_us_14281,county_us_26005
city_us_14282,county_us_50023
city_us_14283,county_us_10001
city_us_14284,county_us_17099
city_us_14285,county_us_42071
city_us_14286,county_us_55045
city_us_14287,county_us_18051
city_us_14288,county_us_18033
city_us_14289,county_us_18021
city_us_14290,county_us_48431
city_us_14291,county_us_32031
city_us_14292,county_us_01117
city_us_14293,county_us_20077
city_us_14294,county_us_41041
city_us_14295,county_us_21233
city_us_14296,county_us_39029
city_us_14297,county_us_19037
city_us_14298,county_us_54079
city_us_14299,county_us_21089
city_us_14300,county_us_35006
city_us_14301,county_us_47053
city_us_14302,county_us_06111
city_us_14303,county_us_18087
city_us_14304,county_us_29213
city_us_14305,county_us_48409
city_us_14306,county_us_31083
city_us_14307,county_us_36045
city_us_14308,county_us_17001
city_us_14309,county_us_36087
city_us_14310,county_us_26151
city_us_14311,county_us_17021
city_us_14312,county_us_40135
city_us_14313,county_us_30043
city_us_14314,county_us_51195
city_us_14315,county_us_12119
city_us_14316,county_us_27077
city_us_14317,county_us_54029
city_us_14318,county_us_42051
city_us_14319,county_us_53045
city_us_14320,county_us_22057
city_us_14321,county_us_40015
city_us_14322,county_us_06087
city_us_14323,county_us_18103
city_us_14324,county_us_24045
city_us_14325,county_us_27129
city_us_14326,county_us_13271
city_us_14327,county_us_19139
city_us_14328,county_us_17203
city_us_14329,county_us_26021
city_us_14330,county_us_17057
city_us_14331,county_us_19103
city_us_14332,county_us_02240
city_us_14333,county_us_40111
city_us_14334,county_us_42055
city_us_14335,county_us_12083
city_us_14336,county_us_54009
city_us_14337,county_us_19155
city_us_14338,county_us_42003
city_us_14339,county_us_27051
city_us_14340,county_us_37071
city_us_14341,county_us_29035
city_us_14342,county_us_36087
city_us_14343,county_us_37063
city_us_14344,county_us_55057
city_us_14345,county_us_48507
city_us_14346,county_us_48497
city_us_14347,county_us_28157
city_us_14348,county_us_48475
city_us_14349,county_us_26143
city_us_14350,county_us_35049
city_us_14351,county_us_24031
city_us_14352,county_us_42043
city_us_14353,county_us_39089
city_us_14354,county_us_01049
city_us_14355,county_us_28015
city_us_14356,county_us_42111
city_us_14357,county_us_51167
city_us_14358,county_us_42011
city_us_14359,county_us_37071
city_us_14360,county_us_08083
city_us_14361,county_us_13071
city_us_14362,county_us_06067
city_us_14363,county_us_54029
city_us_14364,county_us_42029
city_us_14365,county_us_53019
city_us_14366,county_us_18135
city_us_14367,county_us_17109
city_us_14368,county_us_48349
city_us_14369,county_us_35031
city_us_14370,county_us_37023
city_us_14371,county_us_05069
city_us_14372,county_us_18011
city_us_14373,county_us_53061
city_us_14374,county_us_46105
city_us_14375,county_us_51031
city_us_14376,county_us_27157
city_us_14377,county_us_18095
city_us_14378,county_us_31159
city_us_14379,county_us_31151
city_us_14380,county_us_01037
city_us_14381,county_us_17173
city_us_14382,county_us_36007
city_us_14383,county_us_39155
city_us_14384,county_us_15009
city_us_14385,county_us_06035
city_us_14386,county_us_34027
city_us_14387,county_us_42091
city_us_14388,county_us_24033
city_us_14389,county_us_08089
city_us_14390,county_us_23031
city_us_14391,county_us_56041
city_us_14392,county_us_51089
city_us_14393,county_us_12075
city_us_14394,county_us_01071
city_us_14395,county_us_05115
city_us_14396,county_us_18069
city_us_14397,county_us_39035
city_us_14398,county_us_09180
city_us_14399,county_us_35039
city_us_14400,county_us_39007
city_us_14401,county_us_30059
city_us_14402,county_us_39107
city_us_14403,county_us_06061
city_us_14404,county_us_12071
city_us_14405,county_us_01055
city_us_14406,county_us_27025
city_us_14407,county_us_22001
city_us_14408,county_us_32017
city_us_14409,county_us_36009
city_us_14410,county_us_46125
city_us_14411,county_us_27087
city_us_14412,county_us_36075
city_us_14413,county_us_42127
city_us_14414,county_us_42071
city_us_14415,county_us_55135
city_us_14416,county_us_36059
city_us_14417,county_us_31119
city_us_14418,county_us_20043
city_us_14419,county_us_42063
city_us_14420,county_us_21111
city_us_14421,county_us_39043
city_us_14422,county_us_55015
city_us_14423,county_us_46091
city_us_14424,county_us_49039
city_us_14425,county_us_40107
city_us_14426,county_us_13275
city_us_14427,county_us_51023
city_us_14428,county_us_13033
city_us_14429,county_us_53033
city_us_14430,county_us_02013
city_us_14431,county_us_45041
city_us_14432,county_us_01051
city_us_14433,county_us_36059
city_us_14434,county_us_48145
city_us_14435,county_us_36109
city_us_14436,county_us_06115
city_us_14437,county_us_36103
city_us_14438,county_us_18111
city_us_14439,county_us_18053
city_us_14440,county_us_06005
city_us_14441,county_us_21111
city_us_14442,county_us_20043
city_us_14443,county_us_55047
city_us_14444,county_us_27163
city_us_14445,county_us_20099
city_us_14446,county_us_19175
city_us_14447,county_us_38023
city_us_14448,county_us_41019
city_us_14449,county_us_08019
city_us_14450,county_us_26019
city_us_14451,county_us_55025
city_us_14452,county_us_37031
city_us_14453,county_us_18085
city_us_14454,county_us_39015
city_us_14455,county_us_05067
city_us_14456,county_us_37045
city_us_14457,county_us_26025
city_us_14458,county_us_06105
city_us_14459,county_us_48167
city_us_14460,county_us_34035
city_us_14461,county_us_48471
city_us_14462,county_us_17103
city_us_14463,county_us_24001
city_us_14464,county_us_39099
city_us_14465,county_us_39099
city_us_14466,county_us_56011
city_us_14467,county_us_55045
city_us_14468,county_us_18025
city_us_14469,county_us_55095
city_us_14470,county_us_29173
city_us_14471,county_us_48073
city_us_14472,county_us_42081
city_us_14473,county_us_42129
city_us_14474,county_us_48491
city_us_14475,county_us_28139
city_us_14476,county_us_42017
city_us_14477,county_us_36059
city_us_14478,county_us_05107
city_us_14479,county_us_26063
city_us_14480,county_us_48201
city_us_14481,county_us_18157
city_us_14482,county_us_40021
city_us_14483,county_us_18081
city_us_14484,county_us_48249
city_us_14485,county_us_40037
city_us_14486,county_us_31109
city_us_14487,county_us_42021
city_us_14488,county_us_42077
city_us_14489,county_us_26157
city_us_14490,county_us_47009
city_us_14491,county_us_42085
city_us_14492,county_us_53053
city_us_14493,county_us_48183
city_us_14494,county_us_34029
city_us_14495,county_us_48029
city_us_14496,county_us_42133
city_us_14497,county_us_28051
city_us_14498,county_us_38001
city_us_14499,county_us_36117
city_us_14500,county_us_37159
city_us_14501,county_us_15001
city_us_14502,county_us_22091
city_us_14503,county_us_48145
city_us_14504,county_us_30005
city_us_14505,county_us_53047
city_us_14506,county_us_01089
city_us_14507,county_us_51089
city_us_14508,county_us_40021
city_us_14509,county_us_48219
city_us_14510,county_us_16053
city_us_14511,county_us_29069
city_us_14512,county_us_55027
city_us_14513,county_us_51115
city_us_14514,county_us_22017
city_us_14515,county_us_17139
city_us_14516,county_us_40087
city_us_14517,county_us_08091
city_us_14518,county_us_08119
city_us_14519,county_us_54025
city_us_14520,county_us_39013
city_us_14521,county_us_48097
city_us_14522,county_us_13139
city_us_14523,county_us_51121
city_us_14524,county_us_55033
city_us_14525,county_us_53061
city_us_14526,county_us_39173
city_us_14527,county_us_36123
city_us_14528,county_us_48009
city_us_14529,county_us_42125
city_us_14530,county_us_42079
city_us_14531,county_us_27061
city_us_14532,county_us_48441
city_us_14533,county_us_39151
city_us_14534,county_us_26047
city_us_14535,county_us_48419
city_us_14536,county_us_19183
city_us_14537,county_us_37123
city_us_14538,county_us_06035
city_us_14539,county_us_48507
city_us_14540,county_us_39169
city_us_14541,county_us_40143
city_us_14542,county_us_48309
city_us_14543,county_us_13199
city_us_14544,county_us_42095
city_us_14545,county_us_01051
city_us_14546,county_us_19071
city_us_14547,county_us_40047
city_us_14548,county_us_37149
city_us_14549,county_us_45013
city_us_14550,county_us_47087
city_us_14551,county_us_39067
city_us_14552,county_us_40037
city_us_14553,county_us_45077
city_us_14554,county_us_06029
city_us_14555,county_us_39047
city_us_14556,county_us_18181
city_us_14557,county_us_39007
city_us_14558,county_us_15007
city_us_14559,county_us_06103
city_us_14560,county_us_34037
city_us_14561,county_us_24035
city_us_14562,county_us_41043
city_us_14563,county_us_48181
city_us_14564,county_us_21141
city_us_14565,county_us_13193
city_us_14566,county_us_28027
city_us_14567,county_us_16079
city_us_14568,county_us_20177
city_us_14569,county_us_18145
city_us_14570,county_us_51015
city_us_14571,county_us_22079
city_us_14572,county_us_08029
city_us_14573,county_us_06111
city_us_14574,county_us_31079
city_us_14575,county_us_13069
city_us_14576,county_us_40139
city_us_14577,county_us_08123
city_us_14578,county_us_12007
city_us_14579,county_us_45023
city_us_14580,county_us_09190
city_us_14581,county_us_30031
city_us_14582,county_us_35053
city_us_14583,county_us_53009
city_us_14584,county_us_21199
city_us_14585,county_us_42035
city_us_14586,county_us_17115
city_us_14587,county_us_42075
city_us_14588,county_us_12001
city_us_14589,county_us_42071
city_us_14590,county_us_02050
city_us_14591,county_us_18029
city_us_14592,county_us_42129
city_us_14593,county_us_06047
city_us_14594,county_us_21233
city_us_14595,county_us_28151
city_us_14596,county_us_20041
city_us_14597,county_us_39173
city_us_14598,county_us_29019
city_us_14599,county_us_42031
city_us_14600,county_us_17031
city_us_14601,county_us_42089
city_us_14602,county_us_42073
city_us_14603,county_us_15009
city_us_14604,county_us_53029
city_us_14605,county_us_17157
city_us_14606,county_us_19011
city_us_14607,county_us_49053
city_us_14608,county_us_20117
city_us_14609,county_us_17115
city_us_14610,county_us_18085
city_us_14611,county_us_42127
city_us_14612,county_us_40079
city_us_14613,county_us_48187
city_us_14614,county_us_18019
city_us_14615,county_us_37023
city_us_14616,county_us_28119
city_us_14617,county_us_30063
city_us_14618,county_us_23007
city_us_14619,county_us_16011
city_us_14620,county_us_04005
city_us_14621,county_us_45041
city_us_14622,county_us_21093
city_us_14623,county_us_48303
city_us_14624,county_us_02198
city_us_14625,county_us_51153
city_us_14626,county_us_42031
city_us_14627,county_us_02122
city_us_14628,county_us_20113
city_us_14629,county_us_30029
city_us_14630,county_us_12069
city_us_14631,county_us_06029
city_us_14632,county_us_35057
city_us_14633,county_us_12105
city_us_14634,county_us_28021
city_us_14635,county_us_19155
city_us_14636,county_us_37077
city_us_14637,county_us_06061
city_us_14638,county_us_29185
city_us_14639,county_us_24001
city_us_14640,county_us_51067
city_us_14641,county_us_19137
city_us_14642,county_us_39167
city_us_14643,county_us_48069
city_us_14644,county_us_29189
city_us_14645,county_us_35015
city_us_14646,county_us_40107
city_us_14647,county_us_48349
city_us_14648,county_us_47031
city_us_14649,county_us_17197
city_us_14650,county_us_44003
city_us_14651,county_us_49007
city_us_14652,county_us_51157
city_us_14653,county_us_48461
city_us_14654,county_us_48139
city_us_14655,county_us_42083
city_us_14656,county_us_13211
city_us_14657,county_us_41039
city_us_14658,county_us_21089
city_us_14659,county_us_42079
city_us_14660,county_us_48387
city_us_14661,county_us_39081
city_us_14662,county_us_42095
city_us_14663,county_us_17055
city_us_14664,county_us_48249
city_us_14665,county_us_17073
city_us_14666,county_us_48501
city_us_14667,county_us_36059
city_us_14668,county_us_06051
city_us_14669,county_us_13281
city_us_14670,county_us_22115
city_us_14671,county_us_47131
city_us_14672,county_us_49051
city_us_14673,county_us_17161
city_us_14674,county_us_17097
city_us_14675,county_us_40015
city_us_14676,county_us_42129
city_us_14677,county_us_48489
city_us_14678,county_us_47009
city_us_14679,county_us_10005
city_us_14680,county_us_51165
city_us_14681,county_us_34033
city_us_14682,county_us_51089
city_us_14683,county_us_04005
city_us_14684,county_us_26139
city_us_14685,county_us_19087
city_us_14686,county_us_40021
city_us_14687,county_us_18027
city_us_14688,county_us_35043
city_us_14689,county_us_17179
city_us_14690,county_us_02150
city_us_14691,county_us_13185
city_us_14692,county_us_19017
city_us_14693,county_us_42031
city_us_14694,county_us_20105
city_us_14695,county_us_34029
city_us_14696,county_us_28143
city_us_14697,county_us_12015
city_us_14698,county_us_18011
city_us_14699,county_us_18049
city_us_14700,county_us_01129
city_us_14701,county_us_34029
city_us_14702,county_us_39105
city_us_14703,county_us_12021
city_us_14704,county_us_06097
city_us_14705,county_us_48177
city_us_14706,county_us_25011
city_us_14707,county_us_17019
city_us_14708,county_us_22077
city_us_14709,county_us_13319
city_us_14710,county_us_35017
city_us_14711,county_us_06023
city_us_14712,county_us_47081
city_us_14713,county_us_06043
city_us_14714,county_us_42055
city_us_14715,county_us_45043
city_us_14716,county_us_37013
city_us_14717,county_us_20173
city_us_14718,county_us_48291
city_us_14719,county_us_40139
city_us_14720,county_us_26151
city_us_14721,county_us_53061
city_us_14722,county_us_37195
city_us_14723,county_us_48323
city_us_14724,county_us_06005
city_us_14725,county_us_42051
city_us_14726,county_us_53069
city_us_14727,county_us_32007
city_us_14728,county_us_48433
city_us_14729,county_us_18119
city_us_14730,county_us_29089
city_us_14731,county_us_47147
city_us_14732,county_us_49003
city_us_14733,county_us_45063
city_us_14734,county_us_42057
city_us_14735,county_us_31035
city_us_14736,county_us_19029
city_us_14737,county_us_36103
city_us_14738,county_us_41047
city_us_14739,county_us_39133
city_us_14740,county_us_48463
city_us_14741,county_us_22037
city_us_14742,county_us_37079
city_us_14743,county_us_24019
city_us_14744,county_us_27129
city_us_14745,county_us_41019
city_us_14746,county_us_41061
city_us_14747,county_us_12005
city_us_14748,county_us_48279
city_us_14749,county_us_39027
city_us_14750,county_us_01071
city_us_14751,county_us_17071
city_us_14752,county_us_19005
city_us_14753,county_us_01071
city_us_14754,county_us_54049
city_us_14755,county_us_38035
city_us_14756,county_us_37157
city_us_14757,county_us_42107
city_us_14758,county_us_51191
city_us_14759,county_us_37013
city_us_14760,county_us_22101
city_us_14761,county_us_53061
city_us_14762,county_us_19193
city_us_14763,county_us_42021
city_us_14764,county_us_05123
city_us_14765,county_us_32007
city_us_14766,county_us_21061
city_us_14767,county_us_06067
city_us_14768,county_us_38049
city_us_14769,county_us_48321
city_us_14770,county_us_25027
city_us_14771,county_us_36011
city_us_14772,county_us_35039
city_us_14773,county_us_34023
city_us_14774,county_us_02013
city_us_14775,county_us_55095
city_us_14776,county_us_42033
city_us_14777,county_us_41063
city_us_14778,county_us_27017
city_us_14779,county_us_01001
city_us_14780,county_us_17123
city_us_14781,county_us_46009
city_us_14782,county_us_34035
city_us_14783,county_us_51121
city_us_14784,county_us_04003
city_us_14785,county_us_45025
city_us_14786,county_us_51083
city_us_14787,county_us_30081
city_us_14788,county_us_17075
city_us_14789,county_us_42111
city_us_14790,county_us_21103
city_us_14791,county_us_40013
city_us_14792,county_us_06113
city_us_14793,county_us_40011
city_us_14794,county_us_39069
city_us_14795,county_us_21167
city_us_14796,county_us_48481
city_us_14797,county_us_02170
city_us_14798,county_us_42011
city_us_14799,county_us_01107
city_us_14800,county_us_41051
city_us_14801,county_us_42039
city_us_14802,county_us_21091
city_us_14803,county_us_55019
city_us_14804,county_us_13039
city_us_14805,county_us_13019
city_us_14806,county_us_34001
city_us_14807,county_us_17027
city_us_14808,county_us_36021
city_us_14809,county_us_22099
city_us_14810,county_us_38005
city_us_14811,county_us_13175
city_us_14812,county_us_27081
city_us_14813,county_us_36101
city_us_14814,county_us_36063
city_us_14815,county_us_29183
city_us_14816,county_us_06013
city_us_14817,county_us_01079
city_us_14818,county_us_13119
city_us_14819,county_us_39127
city_us_14820,county_us_51015
city_us_14821,county_us_29043
city_us_14822,county_us_42055
city_us_14823,county_us_48015
city_us_14824,county_us_48427
city_us_14825,county_us_17113
city_us_14826,county_us_32017
city_us_14827,county_us_53007
city_us_14828,county_us_06107
city_us_14829,county_us_06107
city_us_14830,county_us_30029
city_us_14831,county_us_42065
city_us_14832,county_us_21185
city_us_14833,county_us_13145
city_us_14834,county_us_34025
city_us_14835,county_us_48505
city_us_14836,county_us_05049
city_us_14837,county_us_39053
city_us_14838,county_us_48227
city_us_14839,county_us_35049
city_us_14840,county_us_19099
city_us_14841,county_us_17167
city_us_14842,county_us_19019
city_us_14843,county_us_48359
city_us_14844,county_us_13061
city_us_14845,county_us_17011
city_us_14846,county_us_35027
city_us_14847,county_us_40059
city_us_14848,county_us_12053
city_us_14849,county_us_27091
city_us_14850,county_us_24033
city_us_14851,county_us_31027
city_us_14852,county_us_42051
city_us_14853,county_us_53025
city_us_14854,county_us_06031
city_us_14855,county_us_17131
city_us_14856,county_us_51015
city_us_14857,county_us_39173
city_us_14858,county_us_42129
city_us_14859,county_us_42089
city_us_14860,county_us_42031
city_us_14861,county_us_26035
city_us_14862,county_us_24037
city_us_14863,county_us_42071
city_us_14864,county_us_04017
city_us_14865,county_us_21019
city_us_14866,county_us_48139
city_us_14867,county_us_54019
city_us_14868,county_us_06045
city_us_14869,county_us_34007
city_us_14870,county_us_06079
city_us_14871,county_us_24043
city_us_14872,county_us_26009
city_us_14873,county_us_26085
city_us_14874,county_us_17091
city_us_14875,county_us_42071
city_us_14876,county_us_45007
city_us_14877,county_us_54011
city_us_14878,county_us_45003
city_us_14879,county_us_38073
city_us_14880,county_us_12113
city_us_14881,county_us_29159
city_us_14882,county_us_54039
city_us_14883,county_us_39137
city_us_14884,county_us_24031
city_us_14885,county_us_20111
city_us_14886,county_us_06071
city_us_14887,county_us_40153
city_us_14888,county_us_27137
city_us_14889,county_us_12043
city_us_14890,county_us_51173
city_us_14891,county_us_26117
city_us_14892,county_us_05093
city_us_14893,county_us_18063
city_us_14894,county_us_20051
city_us_14895,county_us_27021
city_us_14896,county_us_18059
city_us_14897,county_us_18065
city_us_14898,county_us_39005
city_us_14899,county_us_24009
city_us_14900,county_us_09160
city_us_14901,county_us_24031
city_us_14902,county_us_04012
city_us_14903,county_us_22061
city_us_14904,county_us_55113
city_us_14905,county_us_06045
city_us_14906,county_us_35005
city_us_14907,county_us_54049
city_us_14908,county_us_55043
city_us_14909,county_us_48187
city_us_14910,county_us_40137
city_us_14911,county_us_28105
city_us_14912,county_us_17021
city_us_14913,county_us_48387
city_us_14914,county_us_27093
city_us_14915,county_us_41059
city_us_14916,county_us_42017
city_us_14917,county_us_42045
city_us_14918,county_us_20087
city_us_14919,county_us_17181
city_us_14920,county_us_17019
city_us_14921,county_us_39011
city_us_14922,county_us_26157
city_us_14923,county_us_15001
city_us_14924,county_us_37193
city_us_14925,county_us_39113
city_us_14926,county_us_12023
city_us_14927,county_us_48245
city_us_14928,county_us_30095
city_us_14929,county_us_19099
city_us_14930,county_us_20099
city_us_14931,county_us_42125
city_us_14932,county_us_36045
city_us_14933,county_us_17135
city_us_14934,county_us_08059
city_us_14935,county_us_29165
city_us_14936,county_us_18173
city_us_14937,county_us_46102
city_us_14938,county_us_19193
city_us_14939,county_us_28129
city_us_14940,county_us_36103
city_us_14941,county_us_45019
city_us_14942,county_us_27161
city_us_14943,county_us_06083
city_us_14944,county_us_24041
city_us_14945,county_us_13221
city_us_14946,county_us_32017
city_us_14947,county_us_40113
city_us_14948,county_us_30047
city_us_14949,county_us_51171
city_us_14950,county_us_17105
city_us_14951,county_us_04017
city_us_14952,county_us_18149
city_us_14953,county_us_12086
city_us_14954,county_us_17049
city_us_14955,county_us_27045
city_us_14956,county_us_15009
city_us_14957,county_us_08123
city_us_14958,county_us_21173
city_us_14959,county_us_48491
city_us_14960,county_us_17113
city_us_14961,county_us_20201
city_us_14962,county_us_51185
city_us_14963,county_us_48379
city_us_14964,county_us_16005
city_us_14965,county_us_39061
city_us_14966,county_us_49035
city_us_14967,county_us_30007
city_us_14968,county_us_23031
city_us_14969,county_us_30067
city_us_14970,county_us_38101
city_us_14971,county_us_55073
city_us_14972,county_us_51143
city_us_14973,county_us_21107
city_us_14974,county_us_48279
city_us_14975,county_us_04021
city_us_14976,county_us_13193
city_us_14977,county_us_51121
city_us_14978,county_us_08013
city_us_14979,county_us_32005
city_us_14980,county_us_06113
city_us_14981,county_us_21195
city_us_14982,county_us_21179
city_us_14983,county_us_35061
city_us_14984,county_us_39155
city_us_14985,county_us_32007
city_us_14986,county_us_40021
city_us_14987,county_us_34015
city_us_14988,county_us_48061
city_us_14989,county_us_04012
city_us_14990,county_us_26111
city_us_14991,county_us_06055
city_us_14992,county_us_48163
city_us_14993,county_us_45083
city_us_14994,county_us_31161
city_us_14995,county_us_27007
city_us_14996,county_us_37085
city_us_14997,county_us_06013
city_us_14998,county_us_56033
city_us_14999,county_us_19147
city_us_15000,county_us_48141
city_us_15001,county_us_06109
city_us_15002,county_us_04005
city_us_15003,county_us_48183
city_us_15004,county_us_26067
city_us_15005,county_us_39049
city_us_15006,county_us_26087
city_us_15007,county_us_21107
city_us_15008,county_us_04025
city_us_15009,county_us_09190
city_us_15010,county_us_55137
city_us_15011,county_us_32003
city_us_15012,county_us_28011
city_us_15013,county_us_20057
city_us_15014,county_us_05047
city_us_15015,county_us_24039
city_us_15016,county_us_08091
city_us_15017,county_us_29063
city_us_15018,county_us_01055
city_us_15019,county_us_20191
city_us_15020,county_us_49051
city_us_15021,county_us_26159
city_us_15022,county_us_39157
city_us_15023,county_us_35043
city_us_15024,county_us_55039
city_us_15025,county_us_26117
city_us_15026,county_us_06069
city_us_15027,county_us_08059
city_us_15028,county_us_01125
city_us_15029,county_us_39061
city_us_15030,county_us_06007
city_us_15031,county_us_51071
city_us_15032,county_us_06107
city_us_15033,county_us_30049
city_us_15034,county_us_27003
city_us_15035,county_us_19097
city_us_15036,county_us_30005
city_us_15037,county_us_42129
city_us_15038,county_us_19033
city_us_15039,county_us_05005
city_us_15040,county_us_29227
city_us_15041,county_us_05093
city_us_15042,county_us_04007
city_us_15043,county_us_37155
city_us_15044,county_us_48339
city_us_15045,county_us_17179
city_us_15046,county_us_06099
city_us_15047,county_us_42125
city_us_15048,county_us_05091
city_us_15049,county_us_48137
city_us_15050,county_us_48257
city_us_15051,county_us_21111
city_us_15052,county_us_29207
city_us_15053,county_us_10001
city_us_15054,county_us_01095
city_us_15055,county_us_48339
city_us_15056,county_us_39169
city_us_15057,county_us_55047
city_us_15058,county_us_26037
city_us_15059,county_us_53057
city_us_15060,county_us_42037
city_us_15061,county_us_29055
city_us_15062,county_us_31025
city_us_15063,county_us_36059
city_us_15064,county_us_35031
city_us_15065,county_us_48279
city_us_15066,county_us_26087
city_us_15067,county_us_39149
city_us_15068,county_us_30107
city_us_15069,county_us_22075
city_us_15070,county_us_05119
city_us_15071,county_us_55027
city_us_15072,county_us_48139
city_us_15073,county_us_55021
city_us_15074,county_us_34037
city_us_15075,county_us_06035
city_us_15076,county_us_46007
city_us_15077,county_us_42003
city_us_15078,county_us_06097
city_us_15079,county_us_47179
city_us_15080,county_us_27039
city_us_15081,county_us_38021
city_us_15082,county_us_54057
city_us_15083,county_us_22097
city_us_15084,county_us_37019
city_us_15085,county_us_19071
city_us_15086,county_us_53075
city_us_15087,county_us_37017
city_us_15088,county_us_06091
city_us_15089,county_us_48395
city_us_15090,county_us_39151
city_us_15091,county_us_36111
city_us_15092,county_us_08005
city_us_15093,county_us_37163
city_us_15094,county_us_18109
city_us_15095,county_us_15001
city_us_15096,county_us_08117
city_us_15097,county_us_20027
city_us_15098,county_us_06045
city_us_15099,county_us_19163
city_us_15100,county_us_34029
city_us_15101,county_us_16027
city_us_15102,county_us_55055
city_us_15103,county_us_29143
city_us_15104,county_us_01063
city_us_15105,county_us_20091
city_us_15106,county_us_54081
city_us_15107,county_us_45075
city_us_15108,county_us_05029
city_us_15109,county_us_19119
city_us_15110,county_us_24031
city_us_15111,county_us_12053
city_us_15112,county_us_02158
city_us_15113,county_us_25001
city_us_15114,county_us_13315
city_us_15115,county_us_47179
city_us_15116,county_us_12113
city_us_15117,county_us_54107
city_us_15118,county_us_08005
city_us_15119,county_us_20019
city_us_15120,county_us_13241
city_us_15121,county_us_42133
city_us_15122,county_us_48455
city_us_15123,county_us_29141
city_us_15124,county_us_45007
city_us_15125,county_us_18111
city_us_15126,county_us_54099
city_us_15127,county_us_01089
city_us_15128,county_us_19155
city_us_15129,county_us_46077
city_us_15130,county_us_01049
city_us_15131,county_us_48037
city_us_15132,county_us_48081
city_us_15133,county_us_42107
city_us_15134,county_us_40051
city_us_15135,county_us_45051
city_us_15136,county_us_19059
city_us_15137,county_us_06073
city_us_15138,county_us_55095
city_us_15139,county_us_40123
city_us_15140,county_us_22023
city_us_15141,county_us_55097
city_us_15142,county_us_29119
city_us_15143,county_us_39037
city_us_15144,county_us_01015
city_us_15145,county_us_19049
city_us_15146,county_us_48347
city_us_15147,county_us_48291
city_us_15148,county_us_06077
city_us_15149,county_us_42029
city_us_15150,county_us_06113
city_us_15151,county_us_29145
city_us_15152,county_us_48085
city_us_15153,county_us_39107
city_us_15154,county_us_28065
city_us_15155,county_us_25003
city_us_15156,county_us_56031
city_us_15157,county_us_28161
city_us_15158,county_us_36059
city_us_15159,county_us_35049
city_us_15160,county_us_17161
city_us_15161,county_us_47179
city_us_15162,county_us_48157
city_us_15163,county_us_47019
city_us_15164,county_us_50019
city_us_15165,county_us_01057
city_us_15166,county_us_54033
city_us_15167,county_us_19155
city_us_15168,county_us_29037
city_us_15169,county_us_55065
city_us_15170,county_us_41029
city_us_15171,county_us_56033
city_us_15172,county_us_13115
city_us_15173,county_us_01043
city_us_15174,county_us_29145
city_us_15175,county_us_47149
city_us_15176,county_us_54039
city_us_15177,county_us_48085
city_us_15178,county_us_17121
city_us_15179,county_us_05145
city_us_15180,county_us_22103
city_us_15181,county_us_51001
city_us_15182,county_us_39069
city_us_15183,county_us_15001
city_us_15184,county_us_06071
city_us_15185,county_us_22063
city_us_15186,county_us_17103
city_us_15187,county_us_12069
city_us_15188,county_us_41057
city_us_15189,county_us_27173
city_us_15190,county_us_19023
city_us_15191,county_us_31163
city_us_15192,county_us_04001
city_us_15193,county_us_36103
city_us_15194,county_us_40053
city_us_15195,county_us_17019
city_us_15196,county_us_31053
city_us_15197,county_us_34001
city_us_15198,county_us_13185
city_us_15199,county_us_25023
city_us_15200,county_us_42043
city_us_15201,county_us_42133
city_us_15202,county_us_17147
city_us_15203,county_us_30083
city_us_15204,county_us_26077
city_us_15205,county_us_08037
city_us_15206,county_us_48495
city_us_15207,county_us_37089
city_us_15208,county_us_39073
city_us_15209,county_us_01015
city_us_15210,county_us_28049
city_us_15211,county_us_37127
city_us_15212,county_us_39161
city_us_15213,county_us_08043
city_us_15214,county_us_22045
city_us_15215,county_us_39137
city_us_15216,county_us_31065
city_us_15217,county_us_46083
city_us_15218,county_us_24001
city_us_15219,county_us_21095
city_us_15220,county_us_17069
city_us_15221,county_us_55027
city_us_15222,county_us_30013
city_us_15223,county_us_47017
city_us_15224,county_us_48249
city_us_15225,county_us_35039
city_us_15226,county_us_48373
city_us_15227,county_us_39045
city_us_15228,county_us_48231
city_us_15229,county_us_19029
city_us_15230,county_us_48231
city_us_15231,county_us_45013
city_us_15232,county_us_17077
city_us_15233,county_us_24043
city_us_15234,county_us_45077
city_us_15235,county_us_40149
city_us_15236,county_us_42103
city_us_15237,county_us_46127
city_us_15238,county_us_17191
city_us_15239,county_us_05119
city_us_15240,county_us_12101
city_us_15241,county_us_40135
city_us_15242,county_us_55019
city_us_15243,county_us_28013
city_us_15244,county_us_46109
city_us_15245,county_us_42079
city_us_15246,county_us_42009
city_us_15247,county_us_42051
city_us_15248,county_us_31143
city_us_15249,county_us_21059
city_us_15250,county_us_12037
city_us_15251,county_us_48385
city_us_15252,county_us_37129
city_us_15253,county_us_42021
city_us_15254,county_us_54025
city_us_15255,county_us_51003
city_us_15256,county_us_19171
city_us_15257,county_us_40041
city_us_15258,county_us_48423
city_us_15259,county_us_05083
city_us_15260,county_us_42029
city_us_15261,county_us_06089
city_us_15262,county_us_13289
city_us_15263,county_us_37137
city_us_15264,county_us_42019
city_us_15265,county_us_13179
city_us_15266,county_us_01071
city_us_15267,county_us_56033
city_us_15268,county_us_18103
city_us_15269,county_us_42039
city_us_15270,county_us_20139
city_us_15271,county_us_49007
city_us_15272,county_us_39013
city_us_15273,county_us_49033
city_us_15274,county_us_36101
city_us_15275,county_us_19091
city_us_15276,county_us_40069
city_us_15277,county_us_01087
city_us_15278,county_us_17167
city_us_15279,county_us_01073
city_us_15280,county_us_12063
city_us_15281,county_us_04013
city_us_15282,county_us_31069
city_us_15283,county_us_02122
city_us_15284,county_us_55115
city_us_15285,county_us_47107
city_us_15286,county_us_13205
city_us_15287,county_us_28037
city_us_15288,county_us_19027
city_us_15289,county_us_17165
city_us_15290,county_us_46099
city_us_15291,county_us_37127
city_us_15292,county_us_20015
city_us_15293,county_us_16017
city_us_15294,county_us_35007
city_us_15295,county_us_18085
city_us_15296,county_us_53033
city_us_15297,county_us_45083
city_us_15298,county_us_36105
city_us_15299,county_us_19089
city_us_15300,county_us_18085
city_us_15301,county_us_28123
city_us_15302,county_us_31045
city_us_15303,county_us_39123
city_us_15304,county_us_13299
city_us_15305,county_us_53027
city_us_15306,county_us_05125
city_us_15307,county_us_18177
city_us_15308,county_us_28107
city_us_15309,county_us_48481
city_us_15310,county_us_48147
city_us_15311,county_us_22069
city_us_15312,county_us_06013
city_us_15313,county_us_17121
city_us_15314,county_us_39153
city_us_15315,county_us_06043
city_us_15316,county_us_10005
city_us_15317,county_us_19149
city_us_15318,county_us_55031
city_us_15319,county_us_29057
city_us_15320,county_us_18111
city_us_15321,county_us_37029
city_us_15322,county_us_28027
city_us_15323,county_us_02170
city_us_15324,county_us_42035
city_us_15325,county_us_06053
city_us_15326,county_us_39013
city_us_15327,county_us_35031
city_us_15328,county_us_06093
city_us_15329,county_us_53073
city_us_15330,county_us_39061
city_us_15331,county_us_15001
city_us_15332,county_us_18023
city_us_15333,county_us_39089
city_us_15334,county_us_45085
city_us_15335,county_us_31185
city_us_15336,county_us_37049
city_us_15337,county_us_39129
city_us_15338,county_us_39037
city_us_15339,county_us_15001
city_us_15340,county_us_27143
city_us_15341,county_us_38017
city_us_15342,county_us_35039
city_us_15343,county_us_54077
city_us_15344,county_us_18019
city_us_15345,county_us_45013
city_us_15346,county_us_38033
city_us_15347,county_us_34027
city_us_15348,county_us_05103
city_us_15349,county_us_05019
city_us_15350,county_us_42011
city_us_15351,county_us_31027
city_us_15352,county_us_53071
city_us_15353,county_us_42071
city_us_15354,county_us_06031
city_us_15355,county_us_24023
city_us_15356,county_us_41041
city_us_15357,county_us_51043
city_us_15358,county_us_21117
city_us_15359,county_us_45083
city_us_15360,county_us_39029
city_us_15361,county_us_42003
city_us_15362,county_us_26009
city_us_15363,county_us_26077
city_us_15364,county_us_27017
city_us_15365,county_us_55027
city_us_15366,county_us_17091
city_us_15367,county_us_17111
city_us_15368,county_us_16005
city_us_15369,county_us_29141
city_us_15370,county_us_06013
city_us_15371,county_us_55101
city_us_15372,county_us_06033
city_us_15373,county_us_40079
city_us_15374,county_us_46125
city_us_15375,county_us_15001
city_us_15376,county_us_39047
city_us_15377,county_us_01009
city_us_15378,county_us_51083
city_us_15379,county_us_13195
city_us_15380,county_us_42017
city_us_15381,county_us_17129
city_us_15382,county_us_42107
city_us_15383,county_us_51121
city_us_15384,county_us_51075
city_us_15385,county_us_27099
city_us_15386,county_us_26037
city_us_15387,county_us_18153
city_us_15388,county_us_46057
city_us_15389,county_us_39041
city_us_15390,county_us_42071
city_us_15391,county_us_38051
city_us_15392,county_us_55029
city_us_15393,county_us_18071
city_us_15394,county_us_01111
city_us_15395,county_us_26037
city_us_15396,county_us_37061
city_us_15397,county_us_04005
city_us_15398,county_us_23001
city_us_15399,county_us_40053
city_us_15400,county_us_05005
city_us_15401,county_us_47135
city_us_15402,county_us_19071
city_us_15403,county_us_17119
city_us_15404,county_us_18061
city_us_15405,county_us_19057
city_us_15406,county_us_45031
city_us_15407,county_us_17161
city_us_15408,county_us_06061
city_us_15409,county_us_12107
city_us_15410,county_us_39071
city_us_15411,county_us_37001
city_us_15412,county_us_42039
city_us_15413,county_us_42019
city_us_15414,county_us_42005
city_us_15415,county_us_31119
city_us_15416,county_us_37165
city_us_15417,county_us_19095
city_us_15418,county_us_09150
city_us_15419,county_us_22047
city_us_15420,county_us_06109
city_us_15421,county_us_13057
city_us_15422,county_us_29009
city_us_15423,county_us_18085
city_us_15424,county_us_13127
city_us_15425,county_us_46023
city_us_15426,county_us_41007
city_us_15427,county_us_29099
city_us_15428,county_us_04005
city_us_15429,county_us_16057
city_us_15430,county_us_37061
city_us_15431,county_us_42065
city_us_15432,county_us_31133
city_us_15433,county_us_12075
city_us_15434,county_us_21111
city_us_15435,county_us_34005
city_us_15436,county_us_37161
city_us_15437,county_us_26075
city_us_15438,county_us_48179
city_us_15439,county_us_56045
city_us_15440,county_us_42059
city_us_15441,county_us_55137
city_us_15442,county_us_55005
city_us_15443,county_us_18085
city_us_15444,county_us_17119
city_us_15445,county_us_35037
city_us_15446,county_us_42077
city_us_15447,county_us_19167
city_us_15448,county_us_19035
city_us_15449,county_us_28143
city_us_15450,county_us_26127
city_us_15451,county_us_54039
city_us_15452,county_us_12075
city_us_15453,county_us_37141
city_us_15454,county_us_38059
city_us_15455,county_us_34019
city_us_15456,county_us_24013
city_us_15457,county_us_33011
city_us_15458,county_us_18131
city_us_15459,county_us_55105
city_us_15460,county_us_28133
city_us_15461,county_us_42029
city_us_15462,county_us_36059
city_us_15463,county_us_31071
city_us_15464,county_us_20107
city_us_15465,county_us_17105
city_us_15466,county_us_32005
city_us_15467,county_us_13149
city_us_15468,county_us_39155
city_us_15469,county_us_32001
city_us_15470,county_us_27021
city_us_15471,county_us_30015
city_us_15472,county_us_35013
city_us_15473,county_us_19149
city_us_15474,county_us_08021
city_us_15475,county_us_19147
city_us_15476,county_us_38035
city_us_15477,county_us_29205
city_us_15478,county_us_32005
city_us_15479,county_us_09190
city_us_15480,county_us_28083
city_us_15481,county_us_39075
city_us_15482,county_us_28049
city_us_15483,county_us_12109
city_us_15484,county_us_36105
city_us_15485,county_us_13119
city_us_15486,county_us_16055
city_us_15487,county_us_51183
city_us_15488,county_us_17135
city_us_15489,county_us_17021
city_us_15490,county_us_18053
city_us_15491,county_us_13229
city_us_15492,county_us_37191
city_us_15493,county_us_18031
city_us_15494,county_us_13275
city_us_15495,county_us_17115
city_us_15496,county_us_55095
city_us_15497,county_us_19047
city_us_15498,county_us_53039
city_us_15499,county_us_05119
city_us_15500,county_us_34001
city_us_15501,county_us_21111
city_us_15502,county_us_51195
city_us_15503,county_us_48213
city_us_15504,county_us_45015
city_us_15505,county_us_26109
city_us_15506,county_us_37081
city_us_15507,county_us_18019
city_us_15508,county_us_51161
city_us_15509,county_us_08017
city_us_15510,county_us_53009
city_us_15511,county_us_31055
city_us_15512,county_us_51015
city_us_15513,county_us_35045
city_us_15514,county_us_28001
city_us_15515,county_us_17071
city_us_15516,county_us_01121
city_us_15517,county_us_26011
city_us_15518,county_us_40123
city_us_15519,county_us_46097
city_us_15520,county_us_37061
city_us_15521,county_us_48459
city_us_15522,county_us_40139
city_us_15523,county_us_34011
city_us_15524,county_us_08073
city_us_15525,county_us_26075
city_us_15526,county_us_39105
city_us_15527,county_us_13243
city_us_15528,county_us_24027
city_us_15529,county_us_35007
city_us_15530,county_us_53047
city_us_15531,county_us_34009
city_us_15532,county_us_17183
city_us_15533,county_us_01041
city_us_15534,county_us_12053
city_us_15535,county_us_51015
city_us_15536,county_us_17029
city_us_15537,county_us_39005
city_us_15538,county_us_42009
city_us_15539,county_us_46007
city_us_15540,county_us_29219
city_us_15541,county_us_48061
city_us_15542,county_us_36031
city_us_15543,county_us_06065
city_us_15544,county_us_42079
city_us_15545,county_us_17187
city_us_15546,county_us_45087
city_us_15547,county_us_19189
city_us_15548,county_us_36039
city_us_15549,county_us_19049
city_us_15550,county_us_37191
city_us_15551,county_us_42017
city_us_15552,county_us_06015
city_us_15553,county_us_29189
city_us_15554,county_us_12021
city_us_15555,county_us_22083
city_us_15556,county_us_48243
city_us_15557,county_us_27025
city_us_15558,county_us_19031
city_us_15559,county_us_19133
city_us_15560,county_us_06029
city_us_15561,county_us_29037
city_us_15562,county_us_53053
city_us_15563,county_us_21111
city_us_15564,county_us_42001
city_us_15565,county_us_06029
city_us_15566,county_us_29087
city_us_15567,county_us_05065
city_us_15568,county_us_41031
city_us_15569,county_us_31057
city_us_15570,county_us_22075
city_us_15571,county_us_47061
city_us_15572,county_us_18053
city_us_15573,county_us_17051
city_us_15574,county_us_26021
city_us_15575,county_us_36027
city_us_15576,county_us_26075
city_us_15577,county_us_19177
city_us_15578,county_us_37167
city_us_15579,county_us_08019
city_us_15580,county_us_19161
city_us_15581,county_us_49001
city_us_15582,county_us_53053
city_us_15583,county_us_15001
city_us_15584,county_us_41011
city_us_15585,county_us_19111
city_us_15586,county_us_48147
city_us_15587,county_us_04025
city_us_15588,county_us_06001
city_us_15589,county_us_47065
city_us_15590,county_us_35001
city_us_15591,county_us_17137
city_us_15592,county_us_34001
city_us_15593,county_us_30013
city_us_15594,county_us_33003
city_us_15595,county_us_28059
city_us_15596,county_us_12119
city_us_15597,county_us_54081
city_us_15598,county_us_48459
city_us_15599,county_us_26075
city_us_15600,county_us_48323
city_us_15601,county_us_12091
city_us_15602,county_us_22011
city_us_15603,county_us_26021
city_us_15604,county_us_24043
city_us_15605,county_us_26069
city_us_15606,county_us_42079
city_us_15607,county_us_15003
city_us_15608,county_us_17177
city_us_15609,county_us_47173
city_us_15610,county_us_06013
city_us_15611,county_us_05033
city_us_15612,county_us_26091
city_us_15613,county_us_08095
city_us_15614,county_us_13077
city_us_15615,county_us_05025
city_us_15616,county_us_31181
city_us_15617,county_us_20073
city_us_15618,county_us_54101
city_us_15619,county_us_37111
city_us_15620,county_us_42029
city_us_15621,county_us_47039
city_us_15622,county_us_31079
city_us_15623,county_us_47105
city_us_15624,county_us_51007
city_us_15625,county_us_45075
city_us_15626,county_us_22097
city_us_15627,county_us_49045
city_us_15628,county_us_22045
city_us_15629,county_us_30039
city_us_15630,county_us_48065
city_us_15631,county_us_55123
city_us_15632,county_us_02050
city_us_15633,county_us_12009
city_us_15634,county_us_36103
city_us_15635,county_us_18005
city_us_15636,county_us_19111
city_us_15637,county_us_06029
city_us_15638,county_us_19081
city_us_15639,county_us_53047
city_us_15640,county_us_13119
city_us_15641,county_us_06039
city_us_15642,county_us_42073
city_us_15643,county_us_40141
city_us_15644,county_us_27131
city_us_15645,county_us_53041
city_us_15646,county_us_42121
city_us_15647,county_us_42095
city_us_15648,county_us_18051
city_us_15649,county_us_31173
city_us_15650,county_us_48209
city_us_15651,county_us_02013
city_us_15652,county_us_29186
city_us_15653,county_us_06087
city_us_15654,county_us_55043
city_us_15655,county_us_26049
city_us_15656,county_us_38067
city_us_15657,county_us_17147
city_us_15658,county_us_28081
city_us_15659,county_us_54047
city_us_15660,county_us_36109
city_us_15661,county_us_46089
city_us_15662,county_us_20015
city_us_15663,county_us_39129
city_us_15664,county_us_17105
city_us_15665,county_us_16043
city_us_15666,county_us_29027
city_us_15667,county_us_26117
city_us_15668,county_us_01133
city_us_15669,county_us_27061
city_us_15670,county_us_21209
city_us_15671,county_us_12001
city_us_15672,county_us_17149
city_us_15673,county_us_42011
city_us_15674,county_us_31107
city_us_15675,county_us_18167
city_us_15676,county_us_19145
city_us_15677,county_us_55139
city_us_15678,county_us_19023
city_us_15679,county_us_56039
city_us_15680,county_us_26001
city_us_15681,county_us_29009
city_us_15682,county_us_42117
city_us_15683,county_us_01111
city_us_15684,county_us_17203
city_us_15685,county_us_42019
city_us_15686,county_us_42021
city_us_15687,county_us_08049
city_us_15688,county_us_48299
city_us_15689,county_us_05023
city_us_15690,county_us_41035
city_us_15691,county_us_08005
city_us_15692,county_us_30081
city_us_15693,county_us_47061
city_us_15694,county_us_32029
city_us_15695,county_us_48337
city_us_15696,county_us_55119
city_us_15697,county_us_48467
city_us_15698,county_us_47073
city_us_15699,county_us_56025
city_us_15700,county_us_17057
city_us_15701,county_us_48335
city_us_15702,county_us_28049
city_us_15703,county_us_22051
city_us_15704,county_us_19121
city_us_15705,county_us_20063
city_us_15706,county_us_49053
city_us_15707,county_us_39171
city_us_15708,county_us_35039
city_us_15709,county_us_31041
city_us_15710,county_us_47109
city_us_15711,county_us_49005
city_us_15712,county_us_42079
city_us_15713,county_us_55065
city_us_15714,county_us_27157
city_us_15715,county_us_18121
city_us_15716,county_us_37143
city_us_15717,county_us_20155
city_us_15718,county_us_48255
city_us_15719,county_us_06013
city_us_15720,county_us_37189
city_us_15721,county_us_17115
city_us_15722,county_us_37163
city_us_15723,county_us_21047
city_us_15724,county_us_39033
city_us_15725,county_us_01085
city_us_15726,county_us_53009
city_us_15727,county_us_27153
city_us_15728,county_us_05133
city_us_15729,county_us_54045
city_us_15730,county_us_35043
city_us_15731,county_us_48275
city_us_15732,county_us_48213
city_us_15733,county_us_34009
city_us_15734,county_us_26145
city_us_15735,county_us_49041
city_us_15736,county_us_53035
city_us_15737,county_us_01127
city_us_15738,county_us_42011
city_us_15739,county_us_12109
city_us_15740,county_us_13125
city_us_15741,county_us_41015
city_us_15742,county_us_18169
city_us_15743,county_us_39029
city_us_15744,county_us_13071
city_us_15745,county_us_45041
city_us_15746,county_us_54065
city_us_15747,county_us_20057
city_us_15748,county_us_45041
city_us_15749,county_us_51067
city_us_15750,county_us_47045
city_us_15751,county_us_17189
city_us_15752,county_us_51093
city_us_15753,county_us_22107
city_us_15754,county_us_02105
city_us_15755,county_us_39157
city_us_15756,county_us_04023
city_us_15757,county_us_26021
city_us_15758,county_us_39061
city_us_15759,county_us_32021
city_us_15760,county_us_38085
city_us_15761,county_us_19067
city_us_15762,county_us_29119
city_us_15763,county_us_19133
city_us_15764,county_us_51015
city_us_15765,county_us_19027
city_us_15766,county_us_34011
city_us_15767,county_us_48379
city_us_15768,county_us_18129
city_us_15769,county_us_37103
city_us_15770,county_us_48395
city_us_15771,county_us_21149
city_us_15772,county_us_27055
city_us_15773,county_us_53025
city_us_15774,county_us_36089
city_us_15775,county_us_19021
city_us_15776,county_us_46085
city_us_15777,county_us_53041
city_us_15778,county_us_04017
city_us_15779,county_us_41033
city_us_15780,county_us_31157
city_us_15781,county_us_56023
city_us_15782,county_us_23005
city_us_15783,county_us_35035
city_us_15784,county_us_30029
city_us_15785,county_us_47065
city_us_15786,county_us_31051
city_us_15787,county_us_15001
city_us_15788,county_us_01033
city_us_15789,county_us_21111
city_us_15790,county_us_21059
city_us_15791,county_us_31049
city_us_15792,county_us_13105
city_us_15793,county_us_30009
city_us_15794,county_us_20029
city_us_15795,county_us_19103
city_us_15796,county_us_37107
city_us_15797,county_us_48085
city_us_15798,county_us_20017
city_us_15799,county_us_21117
city_us_15800,county_us_21135
city_us_15801,county_us_13089
city_us_15802,county_us_05009
city_us_15803,county_us_36059
city_us_15804,county_us_13075
city_us_15805,county_us_04017
city_us_15806,county_us_34009
city_us_15807,county_us_26009
city_us_15808,county_us_37179
city_us_15809,county_us_42111
city_us_15810,county_us_40147
city_us_15811,county_us_42067
city_us_15812,county_us_38029
city_us_15813,county_us_40121
city_us_15814,county_us_30031
city_us_15815,county_us_35049
city_us_15816,county_us_55087
city_us_15817,county_us_19013
city_us_15818,county_us_22041
city_us_15819,county_us_09160
city_us_15820,county_us_17143
city_us_15821,county_us_49057
city_us_15822,county_us_48235
city_us_15823,county_us_19169
city_us_15824,county_us_30081
city_us_15825,county_us_35047
city_us_15826,county_us_30053
city_us_15827,county_us_04001
city_us_15828,county_us_02158
city_us_15829,county_us_37131
city_us_15830,county_us_05059
city_us_15831,county_us_45029
city_us_15832,county_us_23019
city_us_15833,county_us_18025
city_us_15834,county_us_17025
city_us_15835,county_us_34007
city_us_15836,county_us_31181
city_us_15837,county_us_29107
city_us_15838,county_us_48145
city_us_15839,county_us_48241
city_us_15840,county_us_21121
city_us_15841,county_us_19107
city_us_15842,county_us_47061
city_us_15843,county_us_39091
city_us_15844,county_us_55141
city_us_15845,county_us_48367
city_us_15846,county_us_21107
city_us_15847,county_us_27003
city_us_15848,county_us_19163
city_us_15849,county_us_17075
city_us_15850,county_us_53031
city_us_15851,county_us_55135
city_us_15852,county_us_20139
city_us_15853,county_us_55141
city_us_15854,county_us_41035
city_us_15855,county_us_28023
city_us_15856,county_us_42063
city_us_15857,county_us_05073
city_us_15858,county_us_40109
city_us_15859,county_us_06107
city_us_15860,county_us_48181
city_us_15861,county_us_55071
city_us_15862,county_us_36065
city_us_15863,county_us_42105
city_us_15864,county_us_21103
city_us_15865,county_us_47129
city_us_15866,county_us_55021
city_us_15867,county_us_19119
city_us_15868,county_us_04011
city_us_15869,county_us_12021
city_us_15870,county_us_45035
city_us_15871,county_us_21139
city_us_15872,county_us_55127
city_us_15873,county_us_32033
city_us_15874,county_us_24015
city_us_15875,county_us_46067
city_us_15876,county_us_18003
city_us_15877,county_us_48107
city_us_15878,county_us_06059
city_us_15879,county_us_29219
city_us_15880,county_us_42079
city_us_15881,county_us_42003
city_us_15882,county_us_37169
city_us_15883,county_us_16057
city_us_15884,county_us_09120
city_us_15885,county_us_29051
city_us_15886,county_us_22043
city_us_15887,county_us_31147
city_us_15888,county_us_39061
city_us_15889,county_us_37059
city_us_15890,county_us_40021
city_us_15891,county_us_18079
city_us_15892,county_us_55049
city_us_15893,county_us_20161
city_us_15894,county_us_47073
city_us_15895,county_us_19105
city_us_15896,county_us_17119
city_us_15897,county_us_46081
city_us_15898,county_us_54045
city_us_15899,county_us_42073
city_us_15900,county_us_53031
city_us_15901,county_us_26165
city_us_15902,county_us_21095
city_us_15903,county_us_17121
city_us_15904,county_us_05133
city_us_15905,county_us_39009
city_us_15906,county_us_06053
city_us_15907,county_us_19141
city_us_15908,county_us_45057
city_us_15909,county_us_19161
city_us_15910,county_us_12121
city_us_15911,county_us_27039
city_us_15912,county_us_01055
city_us_15913,county_us_27103
city_us_15914,county_us_56041
city_us_15915,county_us_06077
city_us_15916,county_us_18087
city_us_15917,county_us_35009
city_us_15918,county_us_45007
city_us_15919,county_us_53061
city_us_15920,county_us_20191
city_us_15921,county_us_20081
city_us_15922,county_us_42007
city_us_15923,county_us_42073
city_us_15924,county_us_40125
city_us_15925,county_us_13199
city_us_15926,county_us_39017
city_us_15927,county_us_30061
city_us_15928,county_us_30035
city_us_15929,county_us_56033
city_us_15930,county_us_55071
city_us_15931,county_us_29095
city_us_15932,county_us_28005
city_us_15933,county_us_45079
city_us_15934,county_us_19055
city_us_15935,county_us_40079
city_us_15936,county_us_27127
city_us_15937,county_us_19141
city_us_15938,county_us_54079
city_us_15939,county_us_34027
city_us_15940,county_us_37165
city_us_15941,county_us_30095
city_us_15942,county_us_48373
city_us_15943,county_us_05113
city_us_15944,county_us_08051
city_us_15945,county_us_31173
city_us_15946,county_us_20199
city_us_15947,county_us_05149
city_us_15948,county_us_26119
city_us_15949,county_us_35013
city_us_15950,county_us_39147
city_us_15951,county_us_39157
city_us_15952,county_us_18173
city_us_15953,county_us_20139
city_us_15954,county_us_48285
city_us_15955,county_us_47035
city_us_15956,county_us_48003
city_us_15957,county_us_06037
city_us_15958,county_us_18083
city_us_15959,county_us_37193
city_us_15960,county_us_26117
city_us_15961,county_us_37185
city_us_15962,county_us_18085
city_us_15963,county_us_08015
city_us_15964,county_us_30057
city_us_15965,county_us_28089
city_us_15966,county_us_55009
city_us_15967,county_us_19077
city_us_15968,county_us_29186
city_us_15969,county_us_45083
city_us_15970,county_us_19045
city_us_15971,county_us_12085
city_us_15972,county_us_55001
city_us_15973,county_us_18019
city_us_15974,county_us_06115
city_us_15975,county_us_18023
city_us_15976,county_us_36003
city_us_15977,county_us_49049
city_us_15978,county_us_42019
city_us_15979,county_us_42011
city_us_15980,county_us_01043
city_us_15981,county_us_02068
city_us_15982,county_us_42025
city_us_15983,county_us_36117
city_us_15984,county_us_36015
city_us_15985,county_us_20045
city_us_15986,county_us_28107
city_us_15987,county_us_55025
city_us_15988,county_us_42021
city_us_15989,county_us_05023
city_us_15990,county_us_33015
city_us_15991,county_us_48245
city_us_15992,county_us_36105
city_us_15993,county_us_12113
city_us_15994,county_us_42033
city_us_15995,county_us_29169
city_us_15996,county_us_31065
city_us_15997,county_us_29229
city_us_15998,county_us_21133
city_us_15999,county_us_20139
city_us_16000,county_us_06107
city_us_16001,county_us_36027
city_us_16002,county_us_26047
city_us_16003,county_us_21109
city_us_16004,county_us_42003
city_us_16005,county_us_35035
city_us_16006,county_us_28037
city_us_16007,county_us_17067
city_us_16008,county_us_24043
city_us_16009,county_us_19013
city_us_16010,county_us_40085
city_us_16011,county_us_22019
city_us_16012,county_us_41043
city_us_16013,county_us_34019
city_us_16014,county_us_39127
city_us_16015,county_us_54007
city_us_16016,county_us_18035
city_us_16017,county_us_49023
city_us_16018,county_us_21111
city_us_16019,county_us_13025
city_us_16020,county_us_38079
city_us_16021,county_us_55015
city_us_16022,county_us_41065
city_us_16023,county_us_55071
city_us_16024,county_us_28111
city_us_16025,county_us_22105
city_us_16026,county_us_08013
city_us_16027,county_us_06073
city_us_16028,county_us_12071
city_us_16029,county_us_29041
city_us_16030,county_us_39053
city_us_16031,county_us_36065
city_us_16032,county_us_16041
city_us_16033,county_us_48157
city_us_16034,county_us_21071
city_us_16035,county_us_08019
city_us_16036,county_us_22029
city_us_16037,county_us_20069
city_us_16038,county_us_42119
city_us_16039,county_us_55117
city_us_16040,county_us_29043
city_us_16041,county_us_19187
city_us_16042,county_us_21111
city_us_16043,county_us_37045
city_us_16044,county_us_42037
city_us_16045,county_us_40017
city_us_16046,county_us_22015
city_us_16047,county_us_40067
city_us_16048,county_us_39083
city_us_16049,county_us_05145
city_us_16050,county_us_40087
city_us_16051,county_us_18073
city_us_16052,county_us_41003
city_us_16053,county_us_48051
city_us_16054,county_us_20071
city_us_16055,county_us_48309
city_us_16056,county_us_38081
city_us_16057,county_us_51089
city_us_16058,county_us_08083
city_us_16059,county_us_42079
city_us_16060,county_us_36037
city_us_16061,county_us_39085
city_us_16062,county_us_55019
city_us_16063,county_us_26055
city_us_16064,county_us_48427
city_us_16065,county_us_42127
city_us_16066,county_us_27007
city_us_16067,county_us_42097
city_us_16068,county_us_26007
city_us_16069,county_us_40115
city_us_16070,county_us_42129
city_us_16071,county_us_42027
city_us_16072,county_us_46079
city_us_16073,county_us_53035
city_us_16074,county_us_22009
city_us_16075,county_us_48061
city_us_16076,county_us_21125
city_us_16077,county_us_42001
city_us_16078,county_us_48293
city_us_16079,county_us_06027
city_us_16080,county_us_21071
city_us_16081,county_us_47063
city_us_16082,county_us_04017
city_us_16083,county_us_39035
city_us_16084,county_us_17085
city_us_16085,county_us_29189
city_us_16086,county_us_34011
city_us_16087,county_us_47009
city_us_16088,county_us_37131
city_us_16089,county_us_36075
city_us_16090,county_us_21177
city_us_16091,county_us_06015
city_us_16092,county_us_42027
city_us_16093,county_us_42011
city_us_16094,county_us_06097
city_us_16095,county_us_12099
city_us_16096,county_us_30041
city_us_16097,county_us_18103
city_us_16098,county_us_49049
city_us_16099,county_us_31107
city_us_16100,county_us_19009
city_us_16101,county_us_17157
city_us_16102,county_us_37083
city_us_16103,county_us_19191
city_us_16104,county_us_21007
city_us_16105,county_us_46125
city_us_16106,county_us_01131
city_us_16107,county_us_17067
city_us_16108,county_us_49041
city_us_16109,county_us_05075
city_us_16110,county_us_20079
city_us_16111,county_us_27145
city_us_16112,county_us_46077
city_us_16113,county_us_27021
city_us_16114,county_us_35039
city_us_16115,county_us_40101
city_us_16116,county_us_29071
city_us_16117,county_us_42031
city_us_16118,county_us_01037
city_us_16119,county_us_29201
city_us_16120,county_us_39009
city_us_16121,county_us_19161
city_us_16122,county_us_22109
city_us_16123,county_us_35013
city_us_16124,county_us_48459
city_us_16125,county_us_55141
city_us_16126,county_us_47033
city_us_16127,county_us_42105
city_us_16128,county_us_42073
city_us_16129,county_us_48221
city_us_16130,county_us_36111
city_us_16131,county_us_36043
city_us_16132,county_us_40033
city_us_16133,county_us_10005
city_us_16134,county_us_02070
city_us_16135,county_us_37137
city_us_16136,county_us_45045
city_us_16137,county_us_47163
city_us_16138,county_us_27119
city_us_16139,county_us_55039
city_us_16140,county_us_39149
city_us_16141,county_us_06023
city_us_16142,county_us_21107
city_us_16143,county_us_35039
city_us_16144,county_us_17197
city_us_16145,county_us_30031
city_us_16146,county_us_28097
city_us_16147,county_us_32017
city_us_16148,county_us_16037
city_us_16149,county_us_29209
city_us_16150,county_us_06077
city_us_16151,county_us_36083
city_us_16152,county_us_47115
city_us_16153,county_us_46061
city_us_16154,county_us_33007
city_us_16155,county_us_29143
city_us_16156,county_us_13071
city_us_16157,county_us_12075
city_us_16158,county_us_12111
city_us_16159,county_us_48215
city_us_16160,county_us_46101
city_us_16161,county_us_19169
city_us_16162,county_us_54019
city_us_16163,county_us_36057
city_us_16164,county_us_39151
city_us_16165,county_us_42109
city_us_16166,county_us_42011
city_us_16167,county_us_22017
city_us_16168,county_us_06097
city_us_16169,county_us_27151
city_us_16170,county_us_12071
city_us_16171,county_us_04017
city_us_16172,county_us_32003
city_us_16173,county_us_06029
city_us_16174,county_us_05131
city_us_16175,county_us_26097
city_us_16176,county_us_51061
city_us_16177,county_us_27109
city_us_16178,county_us_06055
city_us_16179,county_us_29153
city_us_16180,county_us_55011
city_us_16181,county_us_47109
city_us_16182,county_us_21159
city_us_16183,county_us_55131
city_us_16184,county_us_19011
city_us_16185,county_us_23005
city_us_16186,county_us_28115
city_us_16187,county_us_47077
city_us_16188,county_us_48039
city_us_16189,county_us_55103
city_us_16190,county_us_55095
city_us_16191,county_us_41023
city_us_16192,county_us_20031
city_us_16193,county_us_06083
city_us_16194,county_us_17177
city_us_16195,county_us_42011
city_us_16196,county_us_28097
city_us_16197,county_us_21149
city_us_16198,county_us_29189
city_us_16199,county_us_29097
city_us_16200,county_us_42033
city_us_16201,county_us_22001
city_us_16202,county_us_05103
city_us_16203,county_us_47093
city_us_16204,county_us_34019
city_us_16205,county_us_06093
city_us_16206,county_us_41035
city_us_16207,county_us_47047
city_us_16208,county_us_27033
city_us_16209,county_us_54017
city_us_16210,county_us_22093
city_us_16211,county_us_22097
city_us_16212,county_us_17153
city_us_16213,county_us_26055
city_us_16214,county_us_19191
city_us_16215,county_us_27093
city_us_16216,county_us_08117
city_us_16217,county_us_19083
city_us_16218,county_us_19083
city_us_16219,county_us_08055
city_us_16220,county_us_55065
city_us_16221,county_us_19093
city_us_16222,county_us_54095
city_us_16223,county_us_49005
city_us_16224,county_us_45025
city_us_16225,county_us_37019
city_us_16226,county_us_26127
city_us_16227,county_us_29189
city_us_16228,county_us_36073
city_us_16229,county_us_37153
city_us_16230,county_us_27045
city_us_16231,county_us_40097
city_us_16232,county_us_19113
city_us_16233,county_us_27127
city_us_16234,county_us_01071
city_us_16235,county_us_51195
city_us_16236,county_us_19001
city_us_16237,county_us_17075
city_us_16238,county_us_02050
city_us_16239,county_us_17019
city_us_16240,county_us_46047
city_us_16241,county_us_21199
city_us_16242,county_us_29187
city_us_16243,county_us_41019
city_us_16244,county_us_48189
city_us_16245,county_us_53037
city_us_16246,county_us_40041
city_us_16247,county_us_24033
city_us_16248,county_us_39037
city_us_16249,county_us_55027
city_us_16250,county_us_31001
city_us_16251,county_us_24041
city_us_16252,county_us_19095
city_us_16253,county_us_25027
city_us_16254,county_us_34001
city_us_16255,county_us_56023
city_us_16256,county_us_18109
city_us_16257,county_us_55049
city_us_16258,county_us_20043
city_us_16259,county_us_18129
city_us_16260,county_us_12081
city_us_16261,county_us_37135
city_us_16262,county_us_40067
city_us_16263,county_us_28153
city_us_16264,county_us_34009
city_us_16265,county_us_06079
city_us_16266,county_us_54073
city_us_16267,county_us_15001
city_us_16268,county_us_27091
city_us_16269,county_us_24039
city_us_16270,county_us_26063
city_us_16271,county_us_17157
city_us_16272,county_us_36027
city_us_16273,county_us_19187
city_us_16274,county_us_20089
city_us_16275,county_us_48355
city_us_16276,county_us_12063
city_us_16277,county_us_27143
city_us_16278,county_us_02180
city_us_16279,county_us_55091
city_us_16280,county_us_39049
city_us_16281,county_us_53027
city_us_16282,county_us_48445
city_us_16283,county_us_17167
city_us_16284,county_us_19079
city_us_16285,county_us_54093
city_us_16286,county_us_27085
city_us_16287,county_us_42021
city_us_16288,county_us_37017
city_us_16289,county_us_36091
city_us_16290,county_us_27145
city_us_16291,county_us_53039
city_us_16292,county_us_02170
city_us_16293,county_us_17027
city_us_16294,county_us_17183
city_us_16295,county_us_01033
city_us_16296,county_us_39155
city_us_16297,county_us_42129
city_us_16298,county_us_37125
city_us_16299,county_us_02050
city_us_16300,county_us_26149
city_us_16301,county_us_47079
city_us_16302,county_us_39069
city_us_16303,county_us_18145
city_us_16304,county_us_22097
city_us_16305,county_us_28013
city_us_16306,county_us_13015
city_us_16307,county_us_37093
city_us_16308,county_us_04015
city_us_16309,county_us_06089
city_us_16310,county_us_33009
city_us_16311,county_us_48273
city_us_16312,county_us_42097
city_us_16313,county_us_17151
city_us_16314,county_us_20173
city_us_16315,county_us_54053
city_us_16316,county_us_41035
city_us_16317,county_us_17077
city_us_16318,county_us_02068
city_us_16319,county_us_49053
city_us_16320,county_us_56025
city_us_16321,county_us_36021
city_us_16322,county_us_21021
city_us_16323,county_us_24041
city_us_16324,county_us_54007
city_us_16325,county_us_27133
city_us_16326,county_us_46045
city_us_16327,county_us_40129
city_us_16328,county_us_27119
city_us_16329,county_us_39159
city_us_16330,county_us_24011
city_us_16331,county_us_27093
city_us_16332,county_us_38043
city_us_16333,county_us_24031
city_us_16334,county_us_48407
city_us_16335,county_us_42111
city_us_16336,county_us_17085
city_us_16337,county_us_18017
city_us_16338,county_us_35007
city_us_16339,county_us_48427
city_us_16340,county_us_31021
city_us_16341,county_us_46011
city_us_16342,county_us_01015
city_us_16343,county_us_24035
city_us_16344,county_us_37031
city_us_16345,county_us_48157
city_us_16346,county_us_53077
city_us_16347,county_us_28141
city_us_16348,county_us_42001
city_us_16349,county_us_04012
city_us_16350,county_us_39145
city_us_16351,county_us_06067
city_us_16352,county_us_19107
city_us_16353,county_us_39065
city_us_16354,county_us_26141
city_us_16355,county_us_19103
city_us_16356,county_us_05123
city_us_16357,county_us_41007
city_us_16358,county_us_42083
city_us_16359,county_us_47087
city_us_16360,county_us_01021
city_us_16361,county_us_22067
city_us_16362,county_us_28139
city_us_16363,county_us_38067
city_us_16364,county_us_15001
city_us_16365,county_us_19021
city_us_16366,county_us_42043
city_us_16367,county_us_40087
city_us_16368,county_us_55123
city_us_16369,county_us_36103
city_us_16370,county_us_39119
city_us_16371,county_us_01055
city_us_16372,county_us_40145
city_us_16373,county_us_06007
city_us_16374,county_us_06093
city_us_16375,county_us_26149
city_us_16376,county_us_05145
city_us_16377,county_us_48365
city_us_16378,county_us_39153
city_us_16379,county_us_06099
city_us_16380,county_us_01049
city_us_16381,county_us_08043
city_us_16382,county_us_19049
city_us_16383,county_us_38041
city_us_16384,county_us_13247
city_us_16385,county_us_19123
city_us_16386,county_us_19013
city_us_16387,county_us_54039
city_us_16388,county_us_29203
city_us_16389,county_us_19193
city_us_16390,county_us_18151
city_us_16391,county_us_55095
city_us_16392,county_us_51119
city_us_16393,county_us_01023
city_us_16394,county_us_49023
city_us_16395,county_us_31061
city_us_16396,county_us_37019
city_us_16397,county_us_17173
city_us_16398,county_us_38047
city_us_16399,county_us_17103
city_us_16400,county_us_35029
city_us_16401,county_us_21017
city_us_16402,county_us_08087
city_us_16403,county_us_06009
city_us_16404,county_us_12095
city_us_16405,county_us_28155
city_us_16406,county_us_51149
city_us_16407,county_us_21111
city_us_16408,county_us_22009
city_us_16409,county_us_01117
city_us_16410,county_us_18005
city_us_16411,county_us_29187
city_us_16412,county_us_01077
city_us_16413,county_us_40109
city_us_16414,county_us_36059
city_us_16415,county_us_16005
city_us_16416,county_us_40037
city_us_16417,county_us_40043
city_us_16418,county_us_04013
city_us_16419,county_us_54039
city_us_16420,county_us_54059
city_us_16421,county_us_18107
city_us_16422,county_us_01069
city_us_16423,county_us_48097
city_us_16424,county_us_42067
city_us_16425,county_us_20021
city_us_16426,county_us_17005
city_us_16427,county_us_02198
city_us_16428,county_us_42107
city_us_16429,county_us_48439
city_us_16430,county_us_27045
city_us_16431,county_us_38039
city_us_16432,county_us_42033
city_us_16433,county_us_48181
city_us_16434,county_us_39005
city_us_16435,county_us_53035
city_us_16436,county_us_28045
city_us_16437,county_us_31143
city_us_16438,county_us_18087
city_us_16439,county_us_42051
city_us_16440,county_us_18055
city_us_16441,county_us_16051
city_us_16442,county_us_05029
city_us_16443,county_us_20025
city_us_16444,county_us_51089
city_us_16445,county_us_50019
city_us_16446,county_us_36027
city_us_16447,county_us_55057
city_us_16448,county_us_39017
city_us_16449,county_us_40131
city_us_16450,county_us_42123
city_us_16451,county_us_48029
city_us_16452,county_us_53043
city_us_16453,county_us_39045
city_us_16454,county_us_26061
city_us_16455,county_us_02158
city_us_16456,county_us_24015
city_us_16457,county_us_17011
city_us_16458,county_us_42025
city_us_16459,county_us_35039
city_us_16460,county_us_27069
city_us_16461,county_us_27103
city_us_16462,county_us_42049
city_us_16463,county_us_53009
city_us_16464,county_us_35051
city_us_16465,county_us_39035
city_us_16466,county_us_45057
city_us_16467,county_us_42029
city_us_16468,county_us_01117
city_us_16469,county_us_42109
city_us_16470,county_us_18167
city_us_16471,county_us_28103
city_us_16472,county_us_17153
city_us_16473,county_us_37189
city_us_16474,county_us_26147
city_us_16475,county_us_53043
city_us_16476,county_us_22099
city_us_16477,county_us_49053
city_us_16478,county_us_30015
city_us_16479,county_us_42125
city_us_16480,county_us_27099
city_us_16481,county_us_18025
city_us_16482,county_us_01031
city_us_16483,county_us_26077
city_us_16484,county_us_41019
city_us_16485,county_us_48491
city_us_16486,county_us_09190
city_us_16487,county_us_36119
city_us_16488,county_us_35049
city_us_16489,county_us_21137
city_us_16490,county_us_20197
city_us_16491,county_us_29125
city_us_16492,county_us_27095
city_us_16493,county_us_24031
city_us_16494,county_us_51127
city_us_16495,county_us_42107
city_us_16496,county_us_01045
city_us_16497,county_us_16031
city_us_16498,county_us_42121
city_us_16499,county_us_48199
city_us_16500,county_us_48281
city_us_16501,county_us_06099
city_us_16502,county_us_47049
city_us_16503,county_us_49027
city_us_16504,county_us_40039
city_us_16505,county_us_48419
city_us_16506,county_us_20087
city_us_16507,county_us_42069
city_us_16508,county_us_40081
city_us_16509,county_us_17131
city_us_16510,county_us_27099
city_us_16511,county_us_06089
city_us_16512,county_us_34035
city_us_16513,county_us_42109
city_us_16514,county_us_39059
city_us_16515,county_us_16015
city_us_16516,county_us_18141
city_us_16517,county_us_35025
city_us_16518,county_us_04001
city_us_16519,county_us_48061
city_us_16520,county_us_29011
city_us_16521,county_us_13269
city_us_16522,county_us_48035
city_us_16523,county_us_35033
city_us_16524,county_us_36103
city_us_16525,county_us_06103
city_us_16526,county_us_01073
city_us_16527,county_us_17073
city_us_16528,county_us_09190
city_us_16529,county_us_27095
city_us_16530,county_us_42017
city_us_16531,county_us_13199
city_us_16532,county_us_36043
city_us_16533,county_us_26151
city_us_16534,county_us_53057
city_us_16535,county_us_06035
city_us_16536,county_us_05093
city_us_16537,county_us_19113
city_us_16538,county_us_23031
city_us_16539,county_us_27061
city_us_16540,county_us_35053
city_us_16541,county_us_05071
city_us_16542,county_us_04012
city_us_16543,county_us_08049
city_us_16544,county_us_51187
city_us_16545,county_us_30019
city_us_16546,county_us_48057
city_us_16547,county_us_36065
city_us_16548,county_us_38077
city_us_16549,county_us_16055
city_us_16550,county_us_45085
city_us_16551,county_us_35061
city_us_16552,county_us_29187
city_us_16553,county_us_19043
city_us_16554,county_us_49027
city_us_16555,county_us_19127
city_us_16556,county_us_08101
city_us_16557,county_us_17073
city_us_16558,county_us_27013
city_us_16559,county_us_45085
city_us_16560,county_us_19181
city_us_16561,county_us_01085
city_us_16562,county_us_38079
city_us_16563,county_us_37061
city_us_16564,county_us_21179
city_us_16565,county_us_39025
city_us_16566,county_us_18153
city_us_16567,county_us_49015
city_us_16568,county_us_17037
city_us_16569,county_us_29177
city_us_16570,county_us_49041
city_us_16571,county_us_19127
city_us_16572,county_us_28019
city_us_16573,county_us_08035
city_us_16574,county_us_19161
city_us_16575,county_us_36103
city_us_16576,county_us_02122
city_us_16577,county_us_55075
city_us_16578,county_us_18133
city_us_16579,county_us_45003
city_us_16580,county_us_31063
city_us_16581,county_us_06019
city_us_16582,county_us_18147
city_us_16583,county_us_47099
city_us_16584,county_us_29099
city_us_16585,county_us_20007
city_us_16586,county_us_12009
city_us_16587,county_us_39051
city_us_16588,county_us_35049
city_us_16589,county_us_48489
city_us_16590,county_us_39065
city_us_16591,county_us_29111
city_us_16592,county_us_18167
city_us_16593,county_us_19023
city_us_16594,county_us_19059
city_us_16595,county_us_48061
city_us_16596,county_us_39083
city_us_16597,county_us_42125
city_us_16598,county_us_42043
city_us_16599,county_us_16077
city_us_16600,county_us_42133
city_us_16601,county_us_55133
city_us_16602,county_us_22049
city_us_16603,county_us_29037
city_us_16604,county_us_06049
city_us_16605,county_us_29201
city_us_16606,county_us_19115
city_us_16607,county_us_30087
city_us_16608,county_us_54033
city_us_16609,county_us_29095
city_us_16610,county_us_18091
city_us_16611,county_us_27145
city_us_16612,county_us_08093
city_us_16613,county_us_36075
city_us_16614,county_us_31099
city_us_16615,county_us_19183
city_us_16616,county_us_12047
city_us_16617,county_us_13261
city_us_16618,county_us_46093
city_us_16619,county_us_04027
city_us_16620,county_us_46009
city_us_16621,county_us_20041
city_us_16622,county_us_04005
city_us_16623,county_us_17041
city_us_16624,county_us_31035
city_us_16625,county_us_18131
city_us_16626,county_us_48367
city_us_16627,county_us_42059
city_us_16628,county_us_05135
city_us_16629,county_us_54109
city_us_16630,county_us_22061
city_us_16631,county_us_24025
city_us_16632,county_us_50021
city_us_16633,county_us_40115
city_us_16634,county_us_49003
city_us_16635,county_us_37007
city_us_16636,county_us_49023
city_us_16637,county_us_31173
city_us_16638,county_us_48453
city_us_16639,county_us_36093
city_us_16640,county_us_31053
city_us_16641,county_us_17111
city_us_16642,county_us_56013
city_us_16643,county_us_45059
city_us_16644,county_us_48125
city_us_16645,county_us_12079
city_us_16646,county_us_18107
city_us_16647,county_us_17011
city_us_16648,county_us_09110
city_us_16649,county_us_39029
city_us_16650,county_us_06023
city_us_16651,county_us_20053
city_us_16652,county_us_42121
city_us_16653,county_us_17113
city_us_16654,county_us_42021
city_us_16655,county_us_04001
city_us_16656,county_us_39165
city_us_16657,county_us_51027
city_us_16658,county_us_06009
city_us_16659,county_us_49003
city_us_16660,county_us_12113
city_us_16661,county_us_47017
city_us_16662,county_us_19169
city_us_16663,county_us_21111
city_us_16664,county_us_48409
city_us_16665,county_us_13143
city_us_16666,county_us_39169
city_us_16667,county_us_13259
city_us_16668,county_us_22107
city_us_16669,county_us_55141
city_us_16670,county_us_34001
city_us_16671,county_us_18181
city_us_16672,county_us_08033
city_us_16673,county_us_37133
city_us_16674,county_us_13275
city_us_16675,county_us_05063
city_us_16676,county_us_56011
city_us_16677,county_us_12059
city_us_16678,county_us_37037
city_us_16679,county_us_17167
city_us_16680,county_us_32003
city_us_16681,county_us_31169
city_us_16682,county_us_54039
city_us_16683,county_us_13015
city_us_16684,county_us_34041
city_us_16685,county_us_21101
city_us_16686,county_us_27131
city_us_16687,county_us_26087
city_us_16688,county_us_06045
city_us_16689,county_us_04001
city_us_16690,county_us_48073
city_us_16691,county_us_17013
city_us_16692,county_us_42085
city_us_16693,county_us_13231
city_us_16694,county_us_30051
city_us_16695,county_us_20037
city_us_16696,county_us_31157
city_us_16697,county_us_48277
city_us_16698,county_us_40145
city_us_16699,county_us_18057
city_us_16700,county_us_12113
city_us_16701,county_us_18177
city_us_16702,county_us_18171
city_us_16703,county_us_29093
city_us_16704,county_us_01087
city_us_16705,county_us_18149
city_us_16706,county_us_35001
city_us_16707,county_us_17179
city_us_16708,county_us_22051
city_us_16709,county_us_47069
city_us_16710,county_us_41041
city_us_16711,county_us_48215
city_us_16712,county_us_40079
city_us_16713,county_us_30111
city_us_16714,county_us_04015
city_us_16715,county_us_06013
city_us_16716,county_us_42011
city_us_16717,county_us_17073
city_us_16718,county_us_06097
city_us_16719,county_us_27111
city_us_16720,county_us_08099
city_us_16721,county_us_17001
city_us_16722,county_us_16055
city_us_16723,county_us_40041
city_us_16724,county_us_18017
city_us_16725,county_us_45019
city_us_16726,county_us_04025
city_us_16727,county_us_36045
city_us_16728,county_us_17119
city_us_16729,county_us_46125
city_us_16730,county_us_48155
city_us_16731,county_us_19013
city_us_16732,county_us_29069
city_us_16733,county_us_37155
city_us_16734,county_us_46051
city_us_16735,county_us_13071
city_us_16736,county_us_17047
city_us_16737,county_us_29075
city_us_16738,county_us_01079
city_us_16739,county_us_49043
city_us_16740,county_us_37019
city_us_16741,county_us_26061
city_us_16742,county_us_45033
city_us_16743,county_us_46099
city_us_16744,county_us_17199
city_us_16745,county_us_02188
city_us_16746,county_us_40021
city_us_16747,county_us_39045
city_us_16748,county_us_13321
city_us_16749,county_us_38105
city_us_16750,county_us_05123
city_us_16751,county_us_55031
city_us_16752,county_us_55051
city_us_16753,county_us_48423
city_us_16754,county_us_36069
city_us_16755,county_us_38089
city_us_16756,county_us_53027
city_us_16757,county_us_51191
city_us_16758,county_us_39133
city_us_16759,county_us_40023
city_us_16760,county_us_18133
city_us_16761,county_us_06037
city_us_16762,county_us_45013
city_us_16763,county_us_37171
city_us_16764,county_us_24033
city_us_16765,county_us_17155
city_us_16766,county_us_34041
city_us_16767,county_us_17131
city_us_16768,county_us_21017
city_us_16769,county_us_06107
city_us_16770,county_us_49041
city_us_16771,county_us_21039
city_us_16772,county_us_29071
city_us_16773,county_us_30053
city_us_16774,county_us_48049
city_us_16775,county_us_39141
city_us_16776,county_us_17095
city_us_16777,county_us_27099
city_us_16778,county_us_26005
city_us_16779,county_us_42097
city_us_16780,county_us_17175
city_us_16781,county_us_46069
city_us_16782,county_us_29111
city_us_16783,county_us_27137
city_us_16784,county_us_48349
city_us_16785,county_us_48061
city_us_16786,county_us_51001
city_us_16787,county_us_26037
city_us_16788,county_us_21023
city_us_16789,county_us_39127
city_us_16790,county_us_48187
city_us_16791,county_us_17029
city_us_16792,county_us_29069
city_us_16793,county_us_13057
city_us_16794,county_us_01009
city_us_16795,county_us_05135
city_us_16796,county_us_05019
city_us_16797,county_us_17129
city_us_16798,county_us_48039
city_us_16799,county_us_36045
city_us_16800,county_us_42003
city_us_16801,county_us_34025
city_us_16802,county_us_55115
city_us_16803,county_us_51143
city_us_16804,county_us_12039
city_us_16805,county_us_42133
city_us_16806,county_us_41019
city_us_16807,county_us_08049
city_us_16808,county_us_19155
city_us_16809,county_us_24017
city_us_16810,county_us_06089
city_us_16811,county_us_29149
city_us_16812,county_us_36065
city_us_16813,county_us_40137
city_us_16814,county_us_51001
city_us_16815,county_us_31125
city_us_16816,county_us_01043
city_us_16817,county_us_27037
city_us_16818,county_us_39031
city_us_16819,county_us_40151
city_us_16820,county_us_42001
city_us_16821,county_us_45033
city_us_16822,county_us_51037
city_us_16823,county_us_48237
city_us_16824,county_us_50009
city_us_16825,county_us_30099
city_us_16826,county_us_38017
city_us_16827,county_us_16051
city_us_16828,county_us_24033
city_us_16829,county_us_26047
city_us_16830,county_us_06033
city_us_16831,county_us_48215
city_us_16832,county_us_17157
city_us_16833,county_us_17021
city_us_16834,county_us_17015
city_us_16835,county_us_29063
city_us_16836,county_us_48273
city_us_16837,county_us_30085
city_us_16838,county_us_56025
city_us_16839,county_us_37195
city_us_16840,county_us_19023
city_us_16841,county_us_19017
city_us_16842,county_us_40137
city_us_16843,county_us_31155
city_us_16844,county_us_21165
city_us_16845,county_us_16007
city_us_16846,county_us_26111
city_us_16847,county_us_29021
city_us_16848,county_us_28069
city_us_16849,county_us_37163
city_us_16850,county_us_38025
city_us_16851,county_us_39025
city_us_16852,county_us_17019
city_us_16853,county_us_48223
city_us_16854,county_us_40019
city_us_16855,county_us_01019
city_us_16856,county_us_06059
city_us_16857,county_us_41011
city_us_16858,county_us_48227
city_us_16859,county_us_51061
city_us_16860,county_us_22119
city_us_16861,county_us_36009
city_us_16862,county_us_35031
city_us_16863,county_us_39055
city_us_16864,county_us_18083
city_us_16865,county_us_19063
city_us_16866,county_us_18139
city_us_16867,county_us_24045
city_us_16868,county_us_36111
city_us_16869,county_us_48367
city_us_16870,county_us_38059
city_us_16871,county_us_18031
city_us_16872,county_us_51187
city_us_16873,county_us_42131
city_us_16874,county_us_06019
city_us_16875,county_us_53055
city_us_16876,county_us_40125
city_us_16877,county_us_01085
city_us_16878,county_us_40079
city_us_16879,county_us_37099
city_us_16880,county_us_42063
city_us_16881,county_us_17127
city_us_16882,county_us_26005
city_us_16883,county_us_40097
city_us_16884,county_us_27053
city_us_16885,county_us_55043
city_us_16886,county_us_21111
city_us_16887,county_us_39175
city_us_16888,county_us_55021
city_us_16889,county_us_19011
city_us_16890,county_us_55123
city_us_16891,county_us_29139
city_us_16892,county_us_29183
city_us_16893,county_us_37129
city_us_16894,county_us_40095
city_us_16895,county_us_48349
city_us_16896,county_us_06097
city_us_16897,county_us_37031
city_us_16898,county_us_46057
city_us_16899,county_us_37169
city_us_16900,county_us_19031
city_us_16901,county_us_27055
city_us_16902,county_us_16023
city_us_16903,county_us_17051
city_us_16904,county_us_22059
city_us_16905,county_us_04019
city_us_16906,county_us_18167
city_us_16907,county_us_02122
city_us_16908,county_us_17115
city_us_16909,county_us_27163
city_us_16910,county_us_22025
city_us_16911,county_us_21141
city_us_16912,county_us_27067
city_us_16913,county_us_26113
city_us_16914,county_us_17179
city_us_16915,county_us_48345
city_us_16916,county_us_42075
city_us_16917,county_us_17167
city_us_16918,county_us_21177
city_us_16919,county_us_37165
city_us_16920,county_us_48121
city_us_16921,county_us_35049
city_us_16922,county_us_05071
city_us_16923,county_us_36069
city_us_16924,county_us_28061
city_us_16925,county_us_17011
city_us_16926,county_us_36117
city_us_16927,county_us_19147
city_us_16928,county_us_48147
city_us_16929,county_us_01123
city_us_16930,county_us_12005
city_us_16931,county_us_42127
city_us_16932,county_us_37131
city_us_16933,county_us_39029
city_us_16934,county_us_26063
city_us_16935,county_us_04021
city_us_16936,county_us_42031
city_us_16937,county_us_35001
city_us_16938,county_us_46005
city_us_16939,county_us_17195
city_us_16940,county_us_17193
city_us_16941,county_us_42039
city_us_16942,county_us_30063
city_us_16943,county_us_17053
city_us_16944,county_us_55121
city_us_16945,county_us_45051
city_us_16946,county_us_27111
city_us_16947,county_us_31025
city_us_16948,county_us_30067
city_us_16949,county_us_42063
city_us_16950,county_us_02180
city_us_16951,county_us_29133
city_us_16952,county_us_42007
city_us_16953,county_us_12105
city_us_16954,county_us_37011
city_us_16955,county_us_55011
city_us_16956,county_us_51131
city_us_16957,county_us_55005
city_us_16958,county_us_22119
city_us_16959,county_us_48207
city_us_16960,county_us_39133
city_us_16961,county_us_17059
city_us_16962,county_us_05075
city_us_16963,county_us_27053
city_us_16964,county_us_12091
city_us_16965,county_us_04023
city_us_16966,county_us_47139
city_us_16967,county_us_37197
city_us_16968,county_us_28095
city_us_16969,county_us_24023
city_us_16970,county_us_18159
city_us_16971,county_us_48349
city_us_16972,county_us_28053
city_us_16973,county_us_46057
city_us_16974,county_us_20147
city_us_16975,county_us_54065
city_us_16976,county_us_54083
city_us_16977,county_us_48443
city_us_16978,county_us_19065
city_us_16979,county_us_45063
city_us_16980,county_us_13293
city_us_16981,county_us_13309
city_us_16982,county_us_50015
city_us_16983,county_us_40021
city_us_16984,county_us_38059
city_us_16985,county_us_06027
city_us_16986,county_us_42079
city_us_16987,county_us_19011
city_us_16988,county_us_40111
city_us_16989,county_us_55057
city_us_16990,county_us_27047
city_us_16991,county_us_01123
city_us_16992,county_us_25001
city_us_16993,county_us_19113
city_us_16994,county_us_39161
city_us_16995,county_us_06107
city_us_16996,county_us_12081
city_us_16997,county_us_45077
city_us_16998,county_us_39007
city_us_16999,county_us_40031
city_us_17000,county_us_22001
city_us_17001,county_us_30047
city_us_17002,county_us_48289
city_us_17003,county_us_18021
city_us_17004,county_us_04001
city_us_17005,county_us_18097
city_us_17006,county_us_48427
city_us_17007,county_us_39145
city_us_17008,county_us_30057
city_us_17009,county_us_34009
city_us_17010,county_us_13291
city_us_17011,county_us_48363
city_us_17012,county_us_48257
city_us_17013,county_us_20093
city_us_17014,county_us_24031
city_us_17015,county_us_54069
city_us_17016,county_us_20117
city_us_17017,county_us_16041
city_us_17018,county_us_31131
city_us_17019,county_us_08027
city_us_17020,county_us_17187
city_us_17021,county_us_21019
city_us_17022,county_us_27127
city_us_17023,county_us_55011
city_us_17024,county_us_18147
city_us_17025,county_us_53009
city_us_17026,county_us_01033
city_us_17027,county_us_17113
city_us_17028,county_us_22011
city_us_17029,county_us_48289
city_us_17030,county_us_56007
city_us_17031,county_us_18083
city_us_17032,county_us_42027
city_us_17033,county_us_35029
city_us_17034,county_us_01103
city_us_17035,county_us_12047
city_us_17036,county_us_01117
city_us_17037,county_us_17197
city_us_17038,county_us_42005
city_us_17039,county_us_19047
city_us_17040,county_us_39175
city_us_17041,county_us_27005
city_us_17042,county_us_04021
city_us_17043,county_us_42099
city_us_17044,county_us_38055
city_us_17045,county_us_12073
city_us_17046,county_us_34005
city_us_17047,county_us_42107
city_us_17048,county_us_53025
city_us_17049,county_us_21225
city_us_17050,county_us_17045
city_us_17051,county_us_17095
city_us_17052,county_us_04003
city_us_17053,county_us_35039
city_us_17054,county_us_06045
city_us_17055,county_us_12087
city_us_17056,county_us_39043
city_us_17057,county_us_48457
city_us_17058,county_us_29189
city_us_17059,county_us_19019
city_us_17060,county_us_15009
city_us_17061,county_us_55043
city_us_17062,county_us_42011
city_us_17063,county_us_35005
city_us_17064,county_us_42109
city_us_17065,county_us_47071
city_us_17066,county_us_05023
city_us_17067,county_us_28009
city_us_17068,county_us_06097
city_us_17069,county_us_19075
city_us_17070,county_us_20107
city_us_17071,county_us_42067
city_us_17072,county_us_26119
city_us_17073,county_us_20021
city_us_17074,county_us_40101
city_us_17075,county_us_13313
city_us_17076,county_us_40141
city_us_17077,county_us_06029
city_us_17078,county_us_18125
city_us_17079,county_us_05131
city_us_17080,county_us_22097
city_us_17081,county_us_49037
city_us_17082,county_us_13229
city_us_17083,county_us_19155
city_us_17084,county_us_17021
city_us_17085,county_us_35006
city_us_17086,county_us_13263
city_us_17087,county_us_05139
city_us_17088,county_us_05091
city_us_17089,county_us_40049
city_us_17090,county_us_16079
city_us_17091,county_us_17141
city_us_17092,county_us_29183
city_us_17093,county_us_48457
city_us_17094,county_us_28075
city_us_17095,county_us_42077
city_us_17096,county_us_37121
city_us_17097,county_us_48039
city_us_17098,county_us_31127
city_us_17099,county_us_48029
city_us_17100,county_us_55023
city_us_17101,county_us_29109
city_us_17102,county_us_16007
city_us_17103,county_us_17005
city_us_17104,county_us_21007
city_us_17105,county_us_48355
city_us_17106,county_us_20185
city_us_17107,county_us_48209
city_us_17108,county_us_06019
city_us_17109,county_us_29167
city_us_17110,county_us_55039
city_us_17111,county_us_36111
city_us_17112,county_us_48427
city_us_17113,county_us_40001
city_us_17114,county_us_21133
city_us_17115,county_us_13219
city_us_17116,county_us_48061
city_us_17117,county_us_05007
city_us_17118,county_us_26093
city_us_17119,county_us_27149
city_us_17120,county_us_01045
city_us_17121,county_us_42085
city_us_17122,county_us_27159
city_us_17123,county_us_42071
city_us_17124,county_us_19107
city_us_17125,county_us_41063
city_us_17126,county_us_51099
city_us_17127,county_us_27169
city_us_17128,county_us_48347
city_us_17129,county_us_36049
city_us_17130,county_us_06043
city_us_17131,county_us_18047
city_us_17132,county_us_40013
city_us_17133,county_us_51173
city_us_17134,county_us_48005
city_us_17135,county_us_23029
city_us_17136,county_us_48355
city_us_17137,county_us_29105
city_us_17138,county_us_24043
city_us_17139,county_us_29023
city_us_17140,county_us_55111
city_us_17141,county_us_42111
city_us_17142,county_us_31141
city_us_17143,county_us_18127
city_us_17144,county_us_08063
city_us_17145,county_us_35049
city_us_17146,county_us_42029
city_us_17147,county_us_27163
city_us_17148,county_us_48291
city_us_17149,county_us_26147
city_us_17150,county_us_28079
city_us_17151,county_us_12019
city_us_17152,county_us_29097
city_us_17153,county_us_39007
city_us_17154,county_us_06013
city_us_17155,county_us_06083
city_us_17156,county_us_42127
city_us_17157,county_us_55039
city_us_17158,county_us_40089
city_us_17159,county_us_01073
city_us_17160,county_us_26155
city_us_17161,county_us_17177
city_us_17162,county_us_31055
city_us_17163,county_us_16017
city_us_17164,county_us_35013
city_us_17165,county_us_01019
city_us_17166,county_us_45081
city_us_17167,county_us_26061
city_us_17168,county_us_19167
city_us_17169,county_us_20087
city_us_17170,county_us_13113
city_us_17171,county_us_27079
city_us_17172,county_us_21083
city_us_17173,county_us_31185
city_us_17174,county_us_19179
city_us_17175,county_us_42111
city_us_17176,county_us_13319
city_us_17177,county_us_42019
city_us_17178,county_us_28119
city_us_17179,county_us_34041
city_us_17180,county_us_28069
city_us_17181,county_us_41023
city_us_17182,county_us_06093
city_us_17183,county_us_53021
city_us_17184,county_us_01059
city_us_17185,county_us_47177
city_us_17186,county_us_26045
city_us_17187,county_us_55027
city_us_17188,county_us_18029
city_us_17189,county_us_42033
city_us_17190,county_us_06023
city_us_17191,county_us_06029
city_us_17192,county_us_24001
city_us_17193,county_us_42133
city_us_17194,county_us_17135
city_us_17195,county_us_40009
city_us_17196,county_us_17181
city_us_17197,county_us_28139
city_us_17198,county_us_41057
city_us_17199,county_us_35017
city_us_17200,county_us_32031
city_us_17201,county_us_01117
city_us_17202,county_us_04012
city_us_17203,county_us_41017
city_us_17204,county_us_35045
city_us_17205,county_us_13087
city_us_17206,county_us_39147
city_us_17207,county_us_26141
city_us_17208,county_us_37095
city_us_17209,county_us_17187
city_us_17210,county_us_13275
city_us_17211,county_us_22037
city_us_17212,county_us_42107
city_us_17213,county_us_42041
city_us_17214,county_us_53037
city_us_17215,county_us_45027
city_us_17216,county_us_19057
city_us_17217,county_us_47019
city_us_17218,county_us_54055
city_us_17219,county_us_27045
city_us_17220,county_us_31157
city_us_17221,county_us_48251
city_us_17222,county_us_21199
city_us_17223,county_us_48427
city_us_17224,county_us_29143
city_us_17225,county_us_49041
city_us_17226,county_us_26015
city_us_17227,county_us_12063
city_us_17228,county_us_31051
city_us_17229,county_us_05145
city_us_17230,county_us_48187
city_us_17231,county_us_22119
city_us_17232,county_us_40015
city_us_17233,county_us_06005
city_us_17234,county_us_38077
city_us_17235,county_us_13107
city_us_17236,county_us_42079
city_us_17237,county_us_05045
city_us_17238,county_us_55065
city_us_17239,county_us_12003
city_us_17240,county_us_02122
city_us_17241,county_us_28095
city_us_17242,county_us_20173
city_us_17243,county_us_17055
city_us_17244,county_us_27107
city_us_17245,county_us_20097
city_us_17246,county_us_20129
city_us_17247,county_us_01055
city_us_17248,county_us_42001
city_us_17249,county_us_01013
city_us_17250,county_us_48163
city_us_17251,county_us_39151
city_us_17252,county_us_19183
city_us_17253,county_us_01003
city_us_17254,county_us_02105
city_us_17255,county_us_39043
city_us_17256,county_us_17203
city_us_17257,county_us_49051
city_us_17258,county_us_55013
city_us_17259,county_us_46111
city_us_17260,county_us_45027
city_us_17261,county_us_17067
city_us_17262,county_us_39091
city_us_17263,county_us_35031
city_us_17264,county_us_12077
city_us_17265,county_us_29197
city_us_17266,county_us_51137
city_us_17267,county_us_21063
city_us_17268,county_us_34037
city_us_17269,county_us_39007
city_us_17270,county_us_20083
city_us_17271,county_us_35013
city_us_17272,county_us_49043
city_us_17273,county_us_54081
city_us_17274,county_us_35055
city_us_17275,county_us_04012
city_us_17276,county_us_29173
city_us_17277,county_us_46009
city_us_17278,county_us_09120
city_us_17279,county_us_47055
city_us_17280,county_us_21227
city_us_17281,county_us_51071
city_us_17282,county_us_17095
city_us_17283,county_us_08075
city_us_17284,county_us_27095
city_us_17285,county_us_39135
city_us_17286,county_us_31047
city_us_17287,county_us_22093
city_us_17288,county_us_55057
city_us_17289,county_us_39101
city_us_17290,county_us_28145
city_us_17291,county_us_19111
city_us_17292,county_us_01107
city_us_17293,county_us_12115
city_us_17294,county_us_06063
city_us_17295,county_us_22103
city_us_17296,county_us_19011
city_us_17297,county_us_29177
city_us_17298,county_us_22079
city_us_17299,county_us_47107
city_us_17300,county_us_08025
city_us_17301,county_us_18035
city_us_17302,county_us_48025
city_us_17303,county_us_37075
city_us_17304,county_us_37015
city_us_17305,county_us_39103
city_us_17306,county_us_08057
city_us_17307,county_us_04003
city_us_17308,county_us_17085
city_us_17309,county_us_54055
city_us_17310,county_us_17171
city_us_17311,county_us_18071
city_us_17312,county_us_20037
city_us_17313,county_us_39135
city_us_17314,county_us_20113
city_us_17315,county_us_42071
city_us_17316,county_us_18159
city_us_17317,county_us_20101
city_us_17318,county_us_49035
city_us_17319,county_us_42129
city_us_17320,county_us_01129
city_us_17321,county_us_53065
city_us_17322,county_us_26113
city_us_17323,county_us_21111
city_us_17324,county_us_31001
city_us_17325,county_us_45033
city_us_17326,county_us_19103
city_us_17327,county_us_40021
city_us_17328,county_us_18129
city_us_17329,county_us_13293
city_us_17330,county_us_06107
city_us_17331,county_us_46121
city_us_17332,county_us_42129
city_us_17333,county_us_13073
city_us_17334,county_us_36057
city_us_17335,county_us_24033
city_us_17336,county_us_39071
city_us_17337,county_us_21009
city_us_17338,county_us_13145
city_us_17339,county_us_39077
city_us_17340,county_us_56023
city_us_17341,county_us_54105
city_us_17342,county_us_40043
city_us_17343,county_us_28011
city_us_17344,county_us_36071
city_us_17345,county_us_38089
city_us_17346,county_us_18141
city_us_17347,county_us_39141
city_us_17348,county_us_31037
city_us_17349,county_us_36109
city_us_17350,county_us_36065
city_us_17351,county_us_29139
city_us_17352,county_us_39035
city_us_17353,county_us_22119
city_us_17354,county_us_30053
city_us_17355,county_us_01097
city_us_17356,county_us_55007
city_us_17357,county_us_26059
city_us_17358,county_us_39035
city_us_17359,county_us_40103
city_us_17360,county_us_37109
city_us_17361,county_us_24001
city_us_17362,county_us_31097
city_us_17363,county_us_27141
city_us_17364,county_us_19155
city_us_17365,county_us_06079
city_us_17366,county_us_18157
city_us_17367,county_us_17099
city_us_17368,county_us_40147
city_us_17369,county_us_42003
city_us_17370,county_us_27145
city_us_17371,county_us_17015
city_us_17372,county_us_17173
city_us_17373,county_us_51173
city_us_17374,county_us_09160
city_us_17375,county_us_48381
city_us_17376,county_us_34001
city_us_17377,county_us_17055
city_us_17378,county_us_24029
city_us_17379,county_us_48441
city_us_17380,county_us_41021
city_us_17381,county_us_18007
city_us_17382,county_us_36119
city_us_17383,county_us_41035
city_us_17384,county_us_21123
city_us_17385,county_us_27145
city_us_17386,county_us_04027
city_us_17387,county_us_40135
city_us_17388,county_us_04001
city_us_17389,county_us_51037
city_us_17390,county_us_45043
city_us_17391,county_us_20025
city_us_17392,county_us_17143
city_us_17393,county_us_40123
city_us_17394,county_us_46129
city_us_17395,county_us_29189
city_us_17396,county_us_22047
city_us_17397,county_us_05037
city_us_17398,county_us_19081
city_us_17399,county_us_19069
city_us_17400,county_us_35049
city_us_17401,county_us_40135
city_us_17402,county_us_55111
city_us_17403,county_us_36057
city_us_17404,county_us_48451
city_us_17405,county_us_30053
city_us_17406,county_us_55097
city_us_17407,county_us_42027
city_us_17408,county_us_39147
city_us_17409,county_us_47097
city_us_17410,county_us_27095
city_us_17411,county_us_20033
city_us_17412,county_us_30047
city_us_17413,county_us_04001
city_us_17414,county_us_42071
city_us_17415,county_us_16079
city_us_17416,county_us_29145
city_us_17417,county_us_28059
city_us_17418,county_us_20201
city_us_17419,county_us_31039
city_us_17420,county_us_20117
city_us_17421,county_us_50019
city_us_17422,county_us_02050
city_us_17423,county_us_19161
city_us_17424,county_us_34023
city_us_17425,county_us_55133
city_us_17426,county_us_46043
city_us_17427,county_us_17195
city_us_17428,county_us_29025
city_us_17429,county_us_40105
city_us_17430,county_us_48249
city_us_17431,county_us_19059
city_us_17432,county_us_18141
city_us_17433,county_us_46057
city_us_17434,county_us_22079
city_us_17435,county_us_17067
city_us_17436,county_us_29187
city_us_17437,county_us_42083
city_us_17438,county_us_55015
city_us_17439,county_us_28037
city_us_17440,county_us_49053
city_us_17441,county_us_19109
city_us_17442,county_us_24001
city_us_17443,county_us_06007
city_us_17444,county_us_21121
city_us_17445,county_us_27029
city_us_17446,county_us_35031
city_us_17447,county_us_13305
city_us_17448,county_us_08089
city_us_17449,county_us_02090
city_us_17450,county_us_12133
city_us_17451,county_us_48061
city_us_17452,county_us_42059
city_us_17453,county_us_39063
city_us_17454,county_us_21093
city_us_17455,county_us_35043
city_us_17456,county_us_01055
city_us_17457,county_us_04013
city_us_17458,county_us_12073
city_us_17459,county_us_55071
city_us_17460,county_us_27079
city_us_17461,county_us_40121
city_us_17462,county_us_41017
city_us_17463,county_us_17051
city_us_17464,county_us_30029
city_us_17465,county_us_51175
city_us_17466,county_us_39139
city_us_17467,county_us_19043
city_us_17468,county_us_40081
city_us_17469,county_us_26115
city_us_17470,county_us_36045
city_us_17471,county_us_42007
city_us_17472,county_us_01073
city_us_17473,county_us_37055
city_us_17474,county_us_01117
city_us_17475,county_us_39017
city_us_17476,county_us_46053
city_us_17477,county_us_26025
city_us_17478,county_us_41043
city_us_17479,county_us_06033
city_us_17480,county_us_55078
city_us_17481,county_us_27091
city_us_17482,county_us_29085
city_us_17483,county_us_35031
city_us_17484,county_us_20057
city_us_17485,county_us_42079
city_us_17486,county_us_21095
city_us_17487,county_us_48139
city_us_17488,county_us_38053
city_us_17489,county_us_29101
city_us_17490,county_us_42035
city_us_17491,county_us_51105
city_us_17492,county_us_42001
city_us_17493,county_us_39035
city_us_17494,county_us_08043
city_us_17495,county_us_55093
city_us_17496,county_us_18075
city_us_17497,county_us_18109
city_us_17498,county_us_06019
city_us_17499,county_us_42021
city_us_17500,county_us_41001
city_us_17501,county_us_54005
city_us_17502,county_us_39005
city_us_17503,county_us_08059
city_us_17504,county_us_17011
city_us_17505,county_us_35031
city_us_17506,county_us_51003
city_us_17507,county_us_54083
city_us_17508,county_us_12086
city_us_17509,county_us_46095
city_us_17510,county_us_24031
city_us_17511,county_us_01043
city_us_17512,county_us_31137
city_us_17513,county_us_34013
city_us_17514,county_us_19039
city_us_17515,county_us_01121
city_us_17516,county_us_08107
city_us_17517,county_us_42077
city_us_17518,county_us_18063
city_us_17519,county_us_51197
city_us_17520,county_us_51185
city_us_17521,county_us_27051
city_us_17522,county_us_45069
city_us_17523,county_us_48339
city_us_17524,county_us_37191
city_us_17525,county_us_22079
city_us_17526,county_us_26019
city_us_17527,county_us_06093
city_us_17528,county_us_17091
city_us_17529,county_us_55115
city_us_17530,county_us_33003
city_us_17531,county_us_39163
city_us_17532,county_us_54049
city_us_17533,county_us_05027
city_us_17534,county_us_39017
city_us_17535,county_us_48249
city_us_17536,county_us_39085
city_us_17537,county_us_42021
city_us_17538,county_us_04017
city_us_17539,county_us_18165
city_us_17540,county_us_38045
city_us_17541,county_us_36103
city_us_17542,county_us_31139
city_us_17543,county_us_36117
city_us_17544,county_us_06089
city_us_17545,county_us_39103
city_us_17546,county_us_39115
city_us_17547,county_us_37045
city_us_17548,county_us_42125
city_us_17549,county_us_42083
city_us_17550,county_us_37167
city_us_17551,county_us_27135
city_us_17552,county_us_42123
city_us_17553,county_us_39085
city_us_17554,county_us_27153
city_us_17555,county_us_17111
city_us_17556,county_us_41061
city_us_17557,county_us_42075
city_us_17558,county_us_18039
city_us_17559,county_us_05111
city_us_17560,county_us_31143
city_us_17561,county_us_21133
city_us_17562,county_us_19163
city_us_17563,county_us_29097
city_us_17564,county_us_27007
city_us_17565,county_us_53053
city_us_17566,county_us_48151
city_us_17567,county_us_37071
city_us_17568,county_us_55039
city_us_17569,county_us_38055
city_us_17570,county_us_38045
city_us_17571,county_us_47147
city_us_17572,county_us_19137
city_us_17573,county_us_37167
city_us_17574,county_us_06045
city_us_17575,county_us_17139
city_us_17576,county_us_26063
city_us_17577,county_us_37091
city_us_17578,county_us_22115
city_us_17579,county_us_12075
city_us_17580,county_us_51107
city_us_17581,county_us_36079
city_us_17582,county_us_13237
city_us_17583,county_us_08091
city_us_17584,county_us_08005
city_us_17585,county_us_16015
city_us_17586,county_us_48021
city_us_17587,county_us_17095
city_us_17588,county_us_37055
city_us_17589,county_us_54063
city_us_17590,county_us_36101
city_us_17591,county_us_55021
city_us_17592,county_us_13245
city_us_17593,county_us_46049
city_us_17594,county_us_39015
city_us_17595,county_us_54047
city_us_17596,county_us_42119
city_us_17597,county_us_42091
city_us_17598,county_us_47033
city_us_17599,county_us_18139
city_us_17600,county_us_30013
city_us_17601,county_us_13275
city_us_17602,county_us_12105
city_us_17603,county_us_13001
city_us_17604,county_us_37007
city_us_17605,county_us_37131
city_us_17606,county_us_30085
city_us_17607,county_us_34021
city_us_17608,county_us_29053
city_us_17609,county_us_56025
city_us_17610,county_us_29007
city_us_17611,county_us_37065
city_us_17612,county_us_01103
city_us_17613,county_us_45085
city_us_17614,county_us_17121
city_us_17615,county_us_48041
city_us_17616,county_us_36057
city_us_17617,county_us_48061
city_us_17618,county_us_37045
city_us_17619,county_us_46087
city_us_17620,county_us_22013
city_us_17621,county_us_36071
city_us_17622,county_us_19049
city_us_17623,county_us_17101
city_us_17624,county_us_19019
city_us_17625,county_us_08021
city_us_17626,county_us_42055
city_us_17627,county_us_06083
city_us_17628,county_us_29161
city_us_17629,county_us_17167
city_us_17630,county_us_55063
city_us_17631,county_us_42051
city_us_17632,county_us_37085
city_us_17633,county_us_36051
city_us_17634,county_us_31111
city_us_17635,county_us_53047
city_us_17636,county_us_48073
city_us_17637,county_us_51107
city_us_17638,county_us_36109
city_us_17639,county_us_17117
city_us_17640,county_us_30093
city_us_17641,county_us_56003
city_us_17642,county_us_48139
city_us_17643,county_us_42103
city_us_17644,county_us_39141
city_us_17645,county_us_13231
city_us_17646,county_us_18005
city_us_17647,county_us_48027
city_us_17648,county_us_17121
city_us_17649,county_us_26063
city_us_17650,county_us_20085
city_us_17651,county_us_19021
city_us_17652,county_us_13175
city_us_17653,county_us_19021
city_us_17654,county_us_36105
city_us_17655,county_us_20087
city_us_17656,county_us_38081
city_us_17657,county_us_51109
city_us_17658,county_us_42011
city_us_17659,county_us_18175
city_us_17660,county_us_48291
city_us_17661,county_us_54045
city_us_17662,county_us_22085
city_us_17663,county_us_54057
city_us_17664,county_us_36059
city_us_17665,county_us_21085
city_us_17666,county_us_55013
city_us_17667,county_us_19151
city_us_17668,county_us_19197
city_us_17669,county_us_01133
city_us_17670,county_us_39013
city_us_17671,county_us_42107
city_us_17672,county_us_56029
city_us_17673,county_us_26159
city_us_17674,county_us_55097
city_us_17675,county_us_40047
city_us_17676,county_us_17137
city_us_17677,county_us_34041
city_us_17678,county_us_47049
city_us_17679,county_us_47047
city_us_17680,county_us_39147
city_us_17681,county_us_39145
city_us_17682,county_us_55055
city_us_17683,county_us_17097
city_us_17684,county_us_42097
city_us_17685,county_us_13081
city_us_17686,county_us_05061
city_us_17687,county_us_31037
city_us_17688,county_us_49021
city_us_17689,county_us_08101
city_us_17690,county_us_28009
city_us_17691,county_us_06023
city_us_17692,county_us_26075
city_us_17693,county_us_17135
city_us_17694,county_us_36039
city_us_17695,county_us_49037
city_us_17696,county_us_40049
city_us_17697,county_us_45069
city_us_17698,county_us_27069
city_us_17699,county_us_13189
city_us_17700,county_us_22005
city_us_17701,county_us_40127
city_us_17702,county_us_21071
city_us_17703,county_us_15001
city_us_17704,county_us_42047
city_us_17705,county_us_51077
city_us_17706,county_us_42063
city_us_17707,county_us_16043
city_us_17708,county_us_46071
city_us_17709,county_us_27055
city_us_17710,county_us_06045
city_us_17711,county_us_30003
city_us_17712,county_us_36045
city_us_17713,county_us_05119
city_us_17714,county_us_53075
city_us_17715,county_us_41029
city_us_17716,county_us_42005
city_us_17717,county_us_47165
city_us_17718,county_us_26115
city_us_17719,county_us_24033
city_us_17720,county_us_55121
city_us_17721,county_us_48133
city_us_17722,county_us_26101
city_us_17723,county_us_39081
city_us_17724,county_us_48471
city_us_17725,county_us_37055
city_us_17726,county_us_46073
city_us_17727,county_us_49005
city_us_17728,county_us_13045
city_us_17729,county_us_40065
city_us_17730,county_us_37163
city_us_17731,county_us_27041
city_us_17732,county_us_29177
city_us_17733,county_us_40087
city_us_17734,county_us_39173
city_us_17735,county_us_06041
city_us_17736,county_us_42051
city_us_17737,county_us_27081
city_us_17738,county_us_39151
city_us_17739,county_us_41061
city_us_17740,county_us_37111
city_us_17741,county_us_55081
city_us_17742,county_us_27035
city_us_17743,county_us_49003
city_us_17744,county_us_37047
city_us_17745,county_us_41021
city_us_17746,county_us_46103
city_us_17747,county_us_45061
city_us_17748,county_us_49017
city_us_17749,county_us_19055
city_us_17750,county_us_22083
city_us_17751,county_us_19181
city_us_17752,county_us_13319
city_us_17753,county_us_42119
city_us_17754,county_us_26059
city_us_17755,county_us_42013
city_us_17756,county_us_35001
city_us_17757,county_us_40121
city_us_17758,county_us_36025
city_us_17759,county_us_29033
city_us_17760,county_us_51001
city_us_17761,county_us_39107
city_us_17762,county_us_39029
city_us_17763,county_us_53027
city_us_17764,county_us_31161
city_us_17765,county_us_06023
city_us_17766,county_us_47003
city_us_17767,county_us_56023
city_us_17768,county_us_35029
city_us_17769,county_us_20035
city_us_17770,county_us_51195
city_us_17771,county_us_42009
city_us_17772,county_us_09190
city_us_17773,county_us_08047
city_us_17774,county_us_38063
city_us_17775,county_us_16003
city_us_17776,county_us_36065
city_us_17777,county_us_19169
city_us_17778,county_us_35006
city_us_17779,county_us_39085
city_us_17780,county_us_18101
city_us_17781,county_us_26047
city_us_17782,county_us_48061
city_us_17783,county_us_42097
city_us_17784,county_us_48473
city_us_17785,county_us_02188
city_us_17786,county_us_42089
city_us_17787,county_us_06067
city_us_17788,county_us_19055
city_us_17789,county_us_42109
city_us_17790,county_us_54049
city_us_17791,county_us_02180
city_us_17792,county_us_13191
city_us_17793,county_us_40131
city_us_17794,county_us_39155
city_us_17795,county_us_26133
city_us_17796,county_us_27079
city_us_17797,county_us_18045
city_us_17798,county_us_42003
city_us_17799,county_us_42125
city_us_17800,county_us_36103
city_us_17801,county_us_10003
city_us_17802,county_us_06061
city_us_17803,county_us_36003
city_us_17804,county_us_17027
city_us_17805,county_us_18137
city_us_17806,county_us_37167
city_us_17807,county_us_45075
city_us_17808,county_us_40047
city_us_17809,county_us_29229
city_us_17810,county_us_42047
city_us_17811,county_us_42089
city_us_17812,county_us_36021
city_us_17813,county_us_39155
city_us_17814,county_us_17161
city_us_17815,county_us_28115
city_us_17816,county_us_19155
city_us_17817,county_us_18127
city_us_17818,county_us_53061
city_us_17819,county_us_42027
city_us_17820,county_us_22089
city_us_17821,county_us_18145
city_us_17822,county_us_46103
city_us_17823,county_us_42121
city_us_17824,county_us_42021
city_us_17825,county_us_39091
city_us_17826,county_us_55117
city_us_17827,county_us_06087
city_us_17828,county_us_12087
city_us_17829,county_us_21065
city_us_17830,county_us_42085
city_us_17831,county_us_51195
city_us_17832,county_us_35013
city_us_17833,county_us_30063
city_us_17834,county_us_37155
city_us_17835,county_us_51119
city_us_17836,county_us_50007
city_us_17837,county_us_29213
city_us_17838,county_us_17159
city_us_17839,county_us_02185
city_us_17840,county_us_13271
city_us_17841,county_us_42003
city_us_17842,county_us_26107
city_us_17843,county_us_48045
city_us_17844,county_us_38037
city_us_17845,county_us_42035
city_us_17846,county_us_36089
city_us_17847,county_us_15009
city_us_17848,county_us_34001
city_us_17849,county_us_19111
city_us_17850,county_us_48097
city_us_17851,county_us_13179
city_us_17852,county_us_34007
city_us_17853,county_us_21119
city_us_17854,county_us_27101
city_us_17855,county_us_26045
city_us_17856,county_us_22057
city_us_17857,county_us_27153
city_us_17858,county_us_42039
city_us_17859,county_us_08077
city_us_17860,county_us_51173
city_us_17861,county_us_18111
city_us_17862,county_us_42133
city_us_17863,county_us_27097
city_us_17864,county_us_29005
city_us_17865,county_us_08061
city_us_17866,county_us_17057
city_us_17867,county_us_28115
city_us_17868,county_us_39161
city_us_17869,county_us_39003
city_us_17870,county_us_37153
city_us_17871,county_us_35005
city_us_17872,county_us_34025
city_us_17873,county_us_37165
city_us_17874,county_us_48127
city_us_17875,county_us_06029
city_us_17876,county_us_05109
city_us_17877,county_us_42013
city_us_17878,county_us_53045
city_us_17879,county_us_02188
city_us_17880,county_us_41029
city_us_17881,county_us_22001
city_us_17882,county_us_18121
city_us_17883,county_us_54047
city_us_17884,county_us_04017
city_us_17885,county_us_08101
city_us_17886,county_us_13217
city_us_17887,county_us_42071
city_us_17888,county_us_30009
city_us_17889,county_us_51107
city_us_17890,county_us_42125
city_us_17891,county_us_37175
city_us_17892,county_us_04015
city_us_17893,county_us_36059
city_us_17894,county_us_46043
city_us_17895,county_us_55087
city_us_17896,county_us_39005
city_us_17897,county_us_24019
city_us_17898,county_us_38097
city_us_17899,county_us_42071
city_us_17900,county_us_39015
city_us_17901,county_us_04025
city_us_17902,county_us_26089
city_us_17903,county_us_21111
city_us_17904,county_us_47011
city_us_17905,county_us_45019
city_us_17906,county_us_05139
city_us_17907,county_us_17065
city_us_17908,county_us_36059
city_us_17909,county_us_20149
city_us_17910,county_us_46102
city_us_17911,county_us_36027
city_us_17912,county_us_54059
city_us_17913,county_us_21155
city_us_17914,county_us_56013
city_us_17915,county_us_18021
city_us_17916,county_us_30109
city_us_17917,county_us_53077
city_us_17918,county_us_17055
city_us_17919,county_us_18001
city_us_17920,county_us_36103
city_us_17921,county_us_27011
city_us_17922,county_us_45031
city_us_17923,county_us_18145
city_us_17924,county_us_55001
city_us_17925,county_us_51115
city_us_17926,county_us_29187
city_us_17927,county_us_29093
city_us_17928,county_us_18137
city_us_17929,county_us_22105
city_us_17930,county_us_36089
city_us_17931,county_us_46075
city_us_17932,county_us_20155
city_us_17933,county_us_19033
city_us_17934,county_us_47011
city_us_17935,county_us_26091
city_us_17936,county_us_31019
city_us_17937,county_us_40135
city_us_17938,county_us_17135
city_us_17939,county_us_17163
city_us_17940,county_us_32005
city_us_17941,county_us_17109
city_us_17942,county_us_01077
city_us_17943,county_us_49025
city_us_17944,county_us_55135
city_us_17945,county_us_42125
city_us_17946,county_us_48147
city_us_17947,county_us_27097
city_us_17948,county_us_42125
city_us_17949,county_us_54039
city_us_17950,county_us_17081
city_us_17951,county_us_19099
city_us_17952,county_us_48463
city_us_17953,county_us_01049
city_us_17954,county_us_29165
city_us_17955,county_us_42079
city_us_17956,county_us_53057
city_us_17957,county_us_48503
city_us_17958,county_us_05009
city_us_17959,county_us_48289
city_us_17960,county_us_17199
city_us_17961,county_us_08085
city_us_17962,county_us_26145
city_us_17963,county_us_46099
city_us_17964,county_us_21007
city_us_17965,county_us_05063
city_us_17966,county_us_29225
city_us_17967,county_us_08021
city_us_17968,county_us_51001
city_us_17969,county_us_29121
city_us_17970,county_us_42003
city_us_17971,county_us_50025
city_us_17972,county_us_22021
city_us_17973,county_us_16027
city_us_17974,county_us_37049
city_us_17975,county_us_39171
city_us_17976,county_us_39153
city_us_17977,county_us_13175
city_us_17978,county_us_40051
city_us_17979,county_us_21223
city_us_17980,county_us_31141
city_us_17981,county_us_45057
city_us_17982,county_us_18015
city_us_17983,county_us_41033
city_us_17984,county_us_27047
city_us_17985,county_us_55119
city_us_17986,county_us_28095
city_us_17987,county_us_36095
city_us_17988,county_us_55139
city_us_17989,county_us_05095
city_us_17990,county_us_37195
city_us_17991,county_us_26091
city_us_17992,county_us_53043
city_us_17993,county_us_17183
city_us_17994,county_us_47029
city_us_17995,county_us_20077
city_us_17996,county_us_46127
city_us_17997,county_us_19101
city_us_17998,county_us_17049
city_us_17999,county_us_21029
city_us_18000,county_us_39135
city_us_18001,county_us_35049
city_us_18002,county_us_42011
city_us_18003,county_us_27035
city_us_18004,county_us_37035
city_us_18005,county_us_48145
city_us_18006,county_us_04015
city_us_18007,county_us_17021
city_us_18008,county_us_46103
city_us_18009,county_us_41065
city_us_18010,county_us_37131
city_us_18011,county_us_42011
city_us_18012,county_us_20097
city_us_18013,county_us_30003
city_us_18014,county_us_17083
city_us_18015,county_us_39167
city_us_18016,county_us_12075
city_us_18017,county_us_12099
city_us_18018,county_us_37043
city_us_18019,county_us_28043
city_us_18020,county_us_17163
city_us_18021,county_us_53049
city_us_18022,county_us_02070
city_us_18023,county_us_21157
city_us_18024,county_us_06023
city_us_18025,county_us_42109
city_us_18026,county_us_30043
city_us_18027,county_us_36017
city_us_18028,county_us_35015
city_us_18029,county_us_39011
city_us_18030,county_us_48467
city_us_18031,county_us_35045
city_us_18032,county_us_17137
city_us_18033,county_us_39063
city_us_18034,county_us_12053
city_us_18035,county_us_48387
city_us_18036,county_us_48391
city_us_18037,county_us_01023
city_us_18038,county_us_55085
city_us_18039,county_us_39065
city_us_18040,county_us_39095
city_us_18041,county_us_42059
city_us_18042,county_us_17057
city_us_18043,county_us_39035
city_us_18044,county_us_46041
city_us_18045,county_us_02290
city_us_18046,county_us_42031
city_us_18047,county_us_36089
city_us_18048,county_us_54009
city_us_18049,county_us_18015
city_us_18050,county_us_51093
city_us_18051,county_us_37029
city_us_18052,county_us_22009
city_us_18053,county_us_42087
city_us_18054,county_us_46121
city_us_18055,county_us_55049
city_us_18056,county_us_29185
city_us_18057,county_us_48337
city_us_18058,county_us_55113
city_us_18059,county_us_01049
city_us_18060,county_us_35001
city_us_18061,county_us_39173
city_us_18062,county_us_42067
city_us_18063,county_us_29061
city_us_18064,county_us_05069
city_us_18065,county_us_02180
city_us_18066,county_us_37047
city_us_18067,county_us_48437
city_us_18068,county_us_27061
city_us_18069,county_us_13193
city_us_18070,county_us_39051
city_us_18071,county_us_17063
city_us_18072,county_us_19151
city_us_18073,county_us_54093
city_us_18074,county_us_42043
city_us_18075,county_us_48305
city_us_18076,county_us_27025
city_us_18077,county_us_26155
city_us_18078,county_us_06053
city_us_18079,county_us_17011
city_us_18080,county_us_02090
city_us_18081,county_us_27061
city_us_18082,county_us_42125
city_us_18083,county_us_06057
city_us_18084,county_us_34025
city_us_18085,county_us_24029
city_us_18086,county_us_08013
city_us_18087,county_us_21143
city_us_18088,county_us_22093
city_us_18089,county_us_17119
city_us_18090,county_us_48475
city_us_18091,county_us_41057
city_us_18092,county_us_36043
city_us_18093,county_us_21111
city_us_18094,county_us_26087
city_us_18095,county_us_13031
city_us_18096,county_us_51043
city_us_18097,county_us_27107
city_us_18098,county_us_27127
city_us_18099,county_us_42105
city_us_18100,county_us_21111
city_us_18101,county_us_47003
city_us_18102,county_us_37161
city_us_18103,county_us_05051
city_us_18104,county_us_17177
city_us_18105,county_us_31059
city_us_18106,county_us_51089
city_us_18107,county_us_35055
city_us_18108,county_us_01003
city_us_18109,county_us_31087
city_us_18110,county_us_29189
city_us_18111,county_us_22101
city_us_18112,county_us_51023
city_us_18113,county_us_13131
city_us_18114,county_us_49027
city_us_18115,county_us_26155
city_us_18116,county_us_48355
city_us_18117,county_us_39157
city_us_18118,county_us_02185
city_us_18119,county_us_23001
city_us_18120,county_us_47089
city_us_18121,county_us_39045
city_us_18122,county_us_24017
city_us_18123,county_us_37131
city_us_18124,county_us_53069
city_us_18125,county_us_48257
city_us_18126,county_us_36119
city_us_18127,county_us_31013
city_us_18128,county_us_05111
city_us_18129,county_us_35001
city_us_18130,county_us_48337
city_us_18131,county_us_47165
city_us_18132,county_us_48099
city_us_18133,county_us_19109
city_us_18134,county_us_04007
city_us_18135,county_us_27027
city_us_18136,county_us_42111
city_us_18137,county_us_05143
city_us_18138,county_us_17031
city_us_18139,county_us_46099
city_us_18140,county_us_29189
city_us_18141,county_us_17033
city_us_18142,county_us_42051
city_us_18143,county_us_26087
city_us_18144,county_us_37083
city_us_18145,county_us_46093
city_us_18146,county_us_05045
city_us_18147,county_us_41033
city_us_18148,county_us_48061
city_us_18149,county_us_19041
city_us_18150,county_us_05101
city_us_18151,county_us_17095
city_us_18152,county_us_20149
city_us_18153,county_us_06093
city_us_18154,county_us_48039
city_us_18155,county_us_55007
city_us_18156,county_us_29201
city_us_18157,county_us_37149
city_us_18158,county_us_27043
city_us_18159,county_us_18147
city_us_18160,county_us_49043
city_us_18161,county_us_42125
city_us_18162,county_us_41067
city_us_18163,county_us_12021
city_us_18164,county_us_37115
city_us_18165,county_us_39003
city_us_18166,county_us_34041
city_us_18167,county_us_13171
city_us_18168,county_us_40035
city_us_18169,county_us_38041
city_us_18170,county_us_55111
city_us_18171,county_us_48257
city_us_18172,county_us_54041
city_us_18173,county_us_49013
city_us_18174,county_us_45079
city_us_18175,county_us_36003
city_us_18176,county_us_36033
city_us_18177,county_us_39115
city_us_18178,county_us_36121
city_us_18179,county_us_39009
city_us_18180,county_us_21149
city_us_18181,county_us_48475
city_us_18182,county_us_04013
city_us_18183,county_us_21095
city_us_18184,county_us_18181
city_us_18185,county_us_39061
city_us_18186,county_us_17125
city_us_18187,county_us_05045
city_us_18188,county_us_13167
city_us_18189,county_us_04009
city_us_18190,county_us_38051
city_us_18191,county_us_42079
city_us_18192,county_us_27061
city_us_18193,county_us_18097
city_us_18194,county_us_54077
city_us_18195,county_us_53063
city_us_18196,county_us_06065
city_us_18197,county_us_51109
city_us_18198,county_us_19171
city_us_18199,county_us_46031
city_us_18200,county_us_13277
city_us_18201,county_us_08111
city_us_18202,county_us_19007
city_us_18203,county_us_36049
city_us_18204,county_us_01043
city_us_18205,county_us_26079
city_us_18206,county_us_36027
city_us_18207,county_us_28125
city_us_18208,county_us_30089
city_us_18209,county_us_17005
city_us_18210,county_us_17091
city_us_18211,county_us_22069
city_us_18212,county_us_48213
city_us_18213,county_us_53075
city_us_18214,county_us_22111
city_us_18215,county_us_01005
city_us_18216,county_us_21137
city_us_18217,county_us_29011
city_us_18218,county_us_12069
city_us_18219,county_us_18037
city_us_18220,county_us_06017
city_us_18221,county_us_42071
city_us_18222,county_us_40147
city_us_18223,county_us_42079
city_us_18224,county_us_27071
city_us_18225,county_us_53043
city_us_18226,county_us_26109
city_us_18227,county_us_26071
city_us_18228,county_us_39017
city_us_18229,county_us_55129
city_us_18230,county_us_18095
city_us_18231,county_us_39077
city_us_18232,county_us_08019
city_us_18233,county_us_18141
city_us_18234,county_us_48249
city_us_18235,county_us_31003
city_us_18236,county_us_18059
city_us_18237,county_us_22049
city_us_18238,county_us_35031
city_us_18239,county_us_12049
city_us_18240,county_us_06029
city_us_18241,county_us_47045
city_us_18242,county_us_21095
city_us_18243,county_us_30081
city_us_18244,county_us_17135
city_us_18245,county_us_27089
city_us_18246,county_us_22081
city_us_18247,county_us_42129
city_us_18248,county_us_53031
city_us_18249,county_us_08039
city_us_18250,county_us_34005
city_us_18251,county_us_36015
city_us_18252,county_us_31107
city_us_18253,county_us_06097
city_us_18254,county_us_19091
city_us_18255,county_us_22021
city_us_18256,county_us_10005
city_us_18257,county_us_20005
city_us_18258,county_us_13315
city_us_18259,county_us_38075
city_us_18260,county_us_27043
city_us_18261,county_us_49041
city_us_18262,county_us_06077
city_us_18263,county_us_51197
city_us_18264,county_us_39059
city_us_18265,county_us_15001
city_us_18266,county_us_13077
city_us_18267,county_us_39075
city_us_18268,county_us_19001
city_us_18269,county_us_16049
city_us_18270,county_us_48331
city_us_18271,county_us_38099
city_us_18272,county_us_01029
city_us_18273,county_us_42027
city_us_18274,county_us_48449
city_us_18275,county_us_19073
city_us_18276,county_us_17091
city_us_18277,county_us_48005
city_us_18278,county_us_46003
city_us_18279,county_us_42095
city_us_18280,county_us_39057
city_us_18281,county_us_04019
city_us_18282,county_us_51025
city_us_18283,county_us_28091
city_us_18284,county_us_36009
city_us_18285,county_us_24001
city_us_18286,county_us_18121
city_us_18287,county_us_06051
city_us_18288,county_us_55027
city_us_18289,county_us_06065
city_us_18290,county_us_42031
city_us_18291,county_us_26059
city_us_18292,county_us_42079
city_us_18293,county_us_47043
city_us_18294,county_us_20141
city_us_18295,county_us_24009
city_us_18296,county_us_36115
city_us_18297,county_us_17017
city_us_18298,county_us_13145
city_us_18299,county_us_29049
city_us_18300,county_us_26021
city_us_18301,county_us_31107
city_us_18302,county_us_22107
city_us_18303,county_us_51005
city_us_18304,county_us_55039
city_us_18305,county_us_24031
city_us_18306,county_us_20133
city_us_18307,county_us_40075
city_us_18308,county_us_26155
city_us_18309,county_us_37131
city_us_18310,county_us_08023
city_us_18311,county_us_06065
city_us_18312,county_us_54019
city_us_18313,county_us_48025
city_us_18314,county_us_02070
city_us_18315,county_us_45073
city_us_18316,county_us_36031
city_us_18317,county_us_21179
city_us_18318,county_us_55109
city_us_18319,county_us_27081
city_us_18320,county_us_16027
city_us_18321,county_us_04012
city_us_18322,county_us_06025
city_us_18323,county_us_45065
city_us_18324,county_us_31149
city_us_18325,county_us_42131
city_us_18326,county_us_49049
city_us_18327,county_us_27071
city_us_18328,county_us_06099
city_us_18329,county_us_20161
city_us_18330,county_us_27005
city_us_18331,county_us_13195
city_us_18332,county_us_27169
city_us_18333,county_us_40149
city_us_18334,county_us_39157
city_us_18335,county_us_18165
city_us_18336,county_us_17195
city_us_18337,county_us_39105
city_us_18338,county_us_17097
city_us_18339,county_us_23007
city_us_18340,county_us_05037
city_us_18341,county_us_40083
city_us_18342,county_us_27063
city_us_18343,county_us_21093
city_us_18344,county_us_18051
city_us_18345,county_us_53041
city_us_18346,county_us_13241
city_us_18347,county_us_39005
city_us_18348,county_us_17129
city_us_18349,county_us_42021
city_us_18350,county_us_53075
city_us_18351,county_us_04027
city_us_18352,county_us_37045
city_us_18353,county_us_39095
city_us_18354,county_us_37045
city_us_18355,county_us_40001
city_us_18356,county_us_29145
city_us_18357,county_us_42079
city_us_18358,county_us_13267
city_us_18359,county_us_13013
city_us_18360,county_us_55061
city_us_18361,county_us_01043
city_us_18362,county_us_47077
city_us_18363,county_us_42027
city_us_18364,county_us_42013
city_us_18365,county_us_42103
city_us_18366,county_us_27129
city_us_18367,county_us_45083
city_us_18368,county_us_17177
city_us_18369,county_us_05071
city_us_18370,county_us_28153
city_us_18371,county_us_35013
city_us_18372,county_us_33009
city_us_18373,county_us_48061
city_us_18374,county_us_24001
city_us_18375,county_us_22007
city_us_18376,county_us_42029
city_us_18377,county_us_35013
city_us_18378,county_us_17161
city_us_18379,county_us_42111
city_us_18380,county_us_31011
city_us_18381,county_us_04017
city_us_18382,county_us_22017
city_us_18383,county_us_29211
city_us_18384,county_us_41059
city_us_18385,county_us_55053
city_us_18386,county_us_56017
city_us_18387,county_us_32023
city_us_18388,county_us_18167
city_us_18389,county_us_54045
city_us_18390,county_us_26157
city_us_18391,county_us_25001
city_us_18392,county_us_29107
city_us_18393,county_us_49055
city_us_18394,county_us_42011
city_us_18395,county_us_48291
city_us_18396,county_us_29093
city_us_18397,county_us_27081
city_us_18398,county_us_41023
city_us_18399,county_us_36013
city_us_18400,county_us_37051
city_us_18401,county_us_47045
city_us_18402,county_us_06073
city_us_18403,county_us_28129
city_us_18404,county_us_40081
city_us_18405,county_us_35013
city_us_18406,county_us_01123
city_us_18407,county_us_29009
city_us_18408,county_us_55111
city_us_18409,county_us_19181
city_us_18410,county_us_22085
city_us_18411,county_us_20113
city_us_18412,county_us_06051
city_us_18413,county_us_17145
city_us_18414,county_us_27147
city_us_18415,county_us_48427
city_us_18416,county_us_39021
city_us_18417,county_us_19013
city_us_18418,county_us_55115
city_us_18419,county_us_20019
city_us_18420,county_us_19127
city_us_18421,county_us_55093
city_us_18422,county_us_47005
city_us_18423,county_us_53067
city_us_18424,county_us_17099
city_us_18425,county_us_48231
city_us_18426,county_us_55059
city_us_18427,county_us_42115
city_us_18428,county_us_17111
city_us_18429,county_us_20053
city_us_18430,county_us_18133
city_us_18431,county_us_48437
city_us_18432,county_us_13019
city_us_18433,county_us_54069
city_us_18434,county_us_19007
city_us_18435,county_us_51051
city_us_18436,county_us_48221
city_us_18437,county_us_48139
city_us_18438,county_us_18041
city_us_18439,county_us_36103
city_us_18440,county_us_17183
city_us_18441,county_us_06109
city_us_18442,county_us_55031
city_us_18443,county_us_27037
city_us_18444,county_us_26067
city_us_18445,county_us_19089
city_us_18446,county_us_26063
city_us_18447,county_us_42013
city_us_18448,county_us_18099
city_us_18449,county_us_39145
city_us_18450,county_us_27133
city_us_18451,county_us_04001
city_us_18452,county_us_36053
city_us_18453,county_us_31155
city_us_18454,county_us_39061
city_us_18455,county_us_48505
city_us_18456,county_us_36019
city_us_18457,county_us_06027
city_us_18458,county_us_02050
city_us_18459,county_us_54101
city_us_18460,county_us_39109
city_us_18461,county_us_13265
city_us_18462,county_us_47035
city_us_18463,county_us_35039
city_us_18464,county_us_50007
city_us_18465,county_us_05099
city_us_18466,county_us_08039
city_us_18467,county_us_39123
city_us_18468,county_us_45041
city_us_18469,county_us_18047
city_us_18470,county_us_45063
city_us_18471,county_us_21111
city_us_18472,county_us_36117
city_us_18473,county_us_04021
city_us_18474,county_us_13027
city_us_18475,county_us_16037
city_us_18476,county_us_38081
city_us_18477,county_us_24015
city_us_18478,county_us_22061
city_us_18479,county_us_42061
city_us_18480,county_us_18049
city_us_18481,county_us_55043
city_us_18482,county_us_48061
city_us_18483,county_us_21015
city_us_18484,county_us_17179
city_us_18485,county_us_54053
city_us_18486,county_us_53075
city_us_18487,county_us_47075
city_us_18488,county_us_35017
city_us_18489,county_us_46119
city_us_18490,county_us_13025
city_us_18491,county_us_19055
city_us_18492,county_us_35031
city_us_18493,county_us_39073
city_us_18494,county_us_05145
city_us_18495,county_us_36059
city_us_18496,county_us_17113
city_us_18497,county_us_48277
city_us_18498,county_us_22075
city_us_18499,county_us_36103
city_us_18500,county_us_27019
city_us_18501,county_us_31053
city_us_18502,county_us_18151
city_us_18503,county_us_16057
city_us_18504,county_us_21111
city_us_18505,county_us_54083
city_us_18506,county_us_45067
city_us_18507,county_us_42033
city_us_18508,county_us_31011
city_us_18509,county_us_54077
city_us_18510,county_us_46083
city_us_18511,county_us_48197
city_us_18512,county_us_53019
city_us_18513,county_us_50019
city_us_18514,county_us_37097
city_us_18515,county_us_22031
city_us_18516,county_us_35061
city_us_18517,county_us_29209
city_us_18518,county_us_19127
city_us_18519,county_us_42079
city_us_18520,county_us_48423
city_us_18521,county_us_31027
city_us_18522,county_us_42005
city_us_18523,county_us_02090
city_us_18524,county_us_18167
city_us_18525,county_us_13093
city_us_18526,county_us_13321
city_us_18527,county_us_47009
city_us_18528,county_us_55053
city_us_18529,county_us_42117
city_us_18530,county_us_12131
city_us_18531,county_us_40131
city_us_18532,county_us_42107
city_us_18533,county_us_13209
city_us_18534,county_us_42041
city_us_18535,county_us_18039
city_us_18536,county_us_54039
city_us_18537,county_us_40039
city_us_18538,county_us_51121
city_us_18539,county_us_31179
city_us_18540,county_us_42035
city_us_18541,county_us_35047
city_us_18542,county_us_02050
city_us_18543,county_us_08023
city_us_18544,county_us_55055
city_us_18545,county_us_17193
city_us_18546,county_us_24001
city_us_18547,county_us_45015
city_us_18548,county_us_39063
city_us_18549,county_us_40145
city_us_18550,county_us_48015
city_us_18551,county_us_08063
city_us_18552,county_us_37047
city_us_18553,county_us_42123
city_us_18554,county_us_19121
city_us_18555,county_us_47099
city_us_18556,county_us_56039
city_us_18557,county_us_42133
city_us_18558,county_us_51197
city_us_18559,county_us_06105
city_us_18560,county_us_19187
city_us_18561,county_us_05119
city_us_18562,county_us_01089
city_us_18563,county_us_51029
city_us_18564,county_us_18123
city_us_18565,county_us_18103
city_us_18566,county_us_17131
city_us_18567,county_us_37081
city_us_18568,county_us_47185
city_us_18569,county_us_01119
city_us_18570,county_us_42071
city_us_18571,county_us_21111
city_us_18572,county_us_29175
city_us_18573,county_us_19181
city_us_18574,county_us_48441
city_us_18575,county_us_04025
city_us_18576,county_us_40089
city_us_18577,county_us_18111
city_us_18578,county_us_29131
city_us_18579,county_us_27145
city_us_18580,county_us_18127
city_us_18581,county_us_48347
city_us_18582,county_us_37079
city_us_18583,county_us_24035
city_us_18584,county_us_42081
city_us_18585,county_us_42133
city_us_18586,county_us_19095
city_us_18587,county_us_17003
city_us_18588,county_us_55053
city_us_18589,county_us_19143
city_us_18590,county_us_31101
city_us_18591,county_us_39145
city_us_18592,county_us_36051
city_us_18593,county_us_39069
city_us_18594,county_us_35001
city_us_18595,county_us_42085
city_us_18596,county_us_36035
city_us_18597,county_us_12023
city_us_18598,county_us_22097
city_us_18599,county_us_30073
city_us_18600,county_us_31041
city_us_18601,county_us_36069
city_us_18602,county_us_16079
city_us_18603,county_us_17007
city_us_18604,county_us_26119
city_us_18605,county_us_37037
city_us_18606,county_us_19119
city_us_18607,county_us_24001
city_us_18608,county_us_47079
city_us_18609,county_us_55123
city_us_18610,county_us_53027
city_us_18611,county_us_13111
city_us_18612,county_us_01039
city_us_18613,county_us_38105
city_us_18614,county_us_21111
city_us_18615,county_us_20143
city_us_18616,county_us_40077
city_us_18617,county_us_39037
city_us_18618,county_us_45073
city_us_18619,county_us_51001
city_us_18620,county_us_41039
city_us_18621,county_us_37061
city_us_18622,county_us_28067
city_us_18623,county_us_49025
city_us_18624,county_us_35006
city_us_18625,county_us_46103
city_us_18626,county_us_39023
city_us_18627,county_us_27041
city_us_18628,county_us_18135
city_us_18629,county_us_35015
city_us_18630,county_us_20123
city_us_18631,county_us_28079
city_us_18632,county_us_38017
city_us_18633,county_us_48257
city_us_18634,county_us_12049
city_us_18635,county_us_29073
city_us_18636,county_us_26129
city_us_18637,county_us_35053
city_us_18638,county_us_13091
city_us_18639,county_us_36003
city_us_18640,county_us_36043
city_us_18641,county_us_20197
city_us_18642,county_us_47099
city_us_18643,county_us_48037
city_us_18644,county_us_55075
city_us_18645,county_us_42087
city_us_18646,county_us_16045
city_us_18647,county_us_06029
city_us_18648,county_us_55083
city_us_18649,county_us_29201
city_us_18650,county_us_13319
city_us_18651,county_us_02050
city_us_18652,county_us_17089
city_us_18653,county_us_40097
city_us_18654,county_us_48479
city_us_18655,county_us_51003
city_us_18656,county_us_39157
city_us_18657,county_us_20015
city_us_18658,county_us_09190
city_us_18659,county_us_17109
city_us_18660,county_us_21059
city_us_18661,county_us_12099
city_us_18662,county_us_39067
city_us_18663,county_us_17131
city_us_18664,county_us_37071
city_us_18665,county_us_40001
city_us_18666,county_us_17083
city_us_18667,county_us_51063
city_us_18668,county_us_21111
city_us_18669,county_us_29143
city_us_18670,county_us_30013
city_us_18671,county_us_28001
city_us_18672,county_us_06089
city_us_18673,county_us_22077
city_us_18674,county_us_05051
city_us_18675,county_us_34019
city_us_18676,county_us_01133
city_us_18677,county_us_48479
city_us_18678,county_us_36101
city_us_18679,county_us_47131
city_us_18680,county_us_53001
city_us_18681,county_us_45013
city_us_18682,county_us_55043
city_us_18683,county_us_18091
city_us_18684,county_us_19031
city_us_18685,county_us_31067
city_us_18686,county_us_05063
city_us_18687,county_us_01111
city_us_18688,county_us_45041
city_us_18689,county_us_18107
city_us_18690,county_us_17111
city_us_18691,county_us_27129
city_us_18692,county_us_39099
city_us_18693,county_us_46021
city_us_18694,county_us_55017
city_us_18695,county_us_45051
city_us_18696,county_us_36051
city_us_18697,county_us_13311
city_us_18698,county_us_39061
city_us_18699,county_us_02180
city_us_18700,county_us_23007
city_us_18701,county_us_29213
city_us_18702,county_us_13191
city_us_18703,county_us_55003
city_us_18704,county_us_28115
city_us_18705,county_us_49005
city_us_18706,county_us_34003
city_us_18707,county_us_17137
city_us_18708,county_us_40135
city_us_18709,county_us_34001
city_us_18710,county_us_19123
city_us_18711,county_us_48367
city_us_18712,county_us_18023
city_us_18713,county_us_05125
city_us_18714,county_us_05149
city_us_18715,county_us_09190
city_us_18716,county_us_20191
city_us_18717,county_us_48019
city_us_18718,county_us_13145
city_us_18719,county_us_13267
city_us_18720,county_us_21123
city_us_18721,county_us_46015
city_us_18722,county_us_54099
city_us_18723,county_us_51117
city_us_18724,county_us_46081
city_us_18725,county_us_17001
city_us_18726,county_us_36033
city_us_18727,county_us_42033
city_us_18728,county_us_54009
city_us_18729,county_us_02282
city_us_18730,county_us_28017
city_us_18731,county_us_20035
city_us_18732,county_us_02185
city_us_18733,county_us_18063
city_us_18734,county_us_53067
city_us_18735,county_us_53063
city_us_18736,county_us_28011
city_us_18737,county_us_19083
city_us_18738,county_us_45063
city_us_18739,county_us_54053
city_us_18740,county_us_51083
city_us_18741,county_us_18107
city_us_18742,county_us_39061
city_us_18743,county_us_01129
city_us_18744,county_us_48325
city_us_18745,county_us_31079
city_us_18746,county_us_29097
city_us_18747,county_us_38097
city_us_18748,county_us_51131
city_us_18749,county_us_48453
city_us_18750,county_us_27047
city_us_18751,county_us_27053
city_us_18752,county_us_17095
city_us_18753,county_us_48231
city_us_18754,county_us_39073
city_us_18755,county_us_06107
city_us_18756,county_us_48009
city_us_18757,county_us_42073
city_us_18758,county_us_54033
city_us_18759,county_us_26015
city_us_18760,county_us_53077
city_us_18761,county_us_05043
city_us_18762,county_us_15001
city_us_18763,county_us_42015
city_us_18764,county_us_02050
city_us_18765,county_us_26019
city_us_18766,county_us_17195
city_us_18767,county_us_36095
city_us_18768,county_us_06089
city_us_18769,county_us_23017
city_us_18770,county_us_22063
city_us_18771,county_us_29001
city_us_18772,county_us_05117
city_us_18773,county_us_29221
city_us_18774,county_us_37001
city_us_18775,county_us_29037
city_us_18776,county_us_51001
city_us_18777,county_us_31039
city_us_18778,county_us_37177
city_us_18779,county_us_18145
city_us_18780,county_us_48223
city_us_18781,county_us_39155
city_us_18782,county_us_41059
city_us_18783,county_us_04001
city_us_18784,county_us_29007
city_us_18785,county_us_45049
city_us_18786,county_us_13083
city_us_18787,county_us_27035
city_us_18788,county_us_22123
city_us_18789,county_us_42027
city_us_18790,county_us_18045
city_us_18791,county_us_54045
city_us_18792,county_us_51053
city_us_18793,county_us_01079
city_us_18794,county_us_39061
city_us_18795,county_us_48171
city_us_18796,county_us_42027
city_us_18797,county_us_45061
city_us_18798,county_us_08019
city_us_18799,county_us_49041
city_us_18800,county_us_19185
city_us_18801,county_us_22051
city_us_18802,county_us_29143
city_us_18803,county_us_17001
city_us_18804,county_us_36113
city_us_18805,county_us_41005
city_us_18806,county_us_08113
city_us_18807,county_us_40137
city_us_18808,county_us_39087
city_us_18809,county_us_33005
city_us_18810,county_us_54059
city_us_18811,county_us_55029
city_us_18812,county_us_02188
city_us_18813,county_us_27103
city_us_18814,county_us_39103
city_us_18815,county_us_55049
city_us_18816,county_us_28075
city_us_18817,county_us_37045
city_us_18818,county_us_17077
city_us_18819,county_us_40097
city_us_18820,county_us_39089
city_us_18821,county_us_42125
city_us_18822,county_us_18165
city_us_18823,county_us_08121
city_us_18824,county_us_19095
city_us_18825,county_us_22111
city_us_18826,county_us_47103
city_us_18827,county_us_50003
city_us_18828,county_us_23019
city_us_18829,county_us_40065
city_us_18830,county_us_20001
city_us_18831,county_us_39081
city_us_18832,county_us_17099
city_us_18833,county_us_37017
city_us_18834,county_us_05089
city_us_18835,county_us_17081
city_us_18836,county_us_48339
city_us_18837,county_us_17141
city_us_18838,county_us_05005
city_us_18839,county_us_39085
city_us_18840,county_us_27085
city_us_18841,county_us_38065
city_us_18842,county_us_21059
city_us_18843,county_us_17095
city_us_18844,county_us_53053
city_us_18845,county_us_30073
city_us_18846,county_us_17167
city_us_18847,county_us_06071
city_us_18848,county_us_13149
city_us_18849,county_us_36097
city_us_18850,county_us_21111
city_us_18851,county_us_45083
city_us_18852,county_us_27037
city_us_18853,county_us_54043
city_us_18854,county_us_26151
city_us_18855,county_us_47053
city_us_18856,county_us_05145
city_us_18857,county_us_19153
city_us_18858,county_us_19079
city_us_18859,county_us_21191
city_us_18860,county_us_40043
city_us_18861,county_us_55017
city_us_18862,county_us_40021
city_us_18863,county_us_17161
city_us_18864,county_us_06045
city_us_18865,county_us_22093
city_us_18866,county_us_27089
city_us_18867,county_us_17015
city_us_18868,county_us_26061
city_us_18869,county_us_38067
city_us_18870,county_us_08009
city_us_18871,county_us_27039
city_us_18872,county_us_17183
city_us_18873,county_us_17197
city_us_18874,county_us_42029
city_us_18875,county_us_36009
city_us_18876,county_us_02050
city_us_18877,county_us_26091
city_us_18878,county_us_28143
city_us_18879,county_us_42107
city_us_18880,county_us_19167
city_us_18881,county_us_05051
city_us_18882,county_us_53053
city_us_18883,county_us_29167
city_us_18884,county_us_17197
city_us_18885,county_us_51175
city_us_18886,county_us_38103
city_us_18887,county_us_34023
city_us_18888,county_us_42077
city_us_18889,county_us_36039
city_us_18890,county_us_21101
city_us_18891,county_us_42013
city_us_18892,county_us_55023
city_us_18893,county_us_56003
city_us_18894,county_us_55073
city_us_18895,county_us_32005
city_us_18896,county_us_35049
city_us_18897,county_us_36019
city_us_18898,county_us_13241
city_us_18899,county_us_36111
city_us_18900,county_us_27083
city_us_18901,county_us_24047
city_us_18902,county_us_29225
city_us_18903,county_us_12086
city_us_18904,county_us_19097
city_us_18905,county_us_17075
city_us_18906,county_us_13055
city_us_18907,county_us_40023
city_us_18908,county_us_38057
city_us_18909,county_us_54019
city_us_18910,county_us_46077
city_us_18911,county_us_15001
city_us_18912,county_us_35043
city_us_18913,county_us_06097
city_us_18914,county_us_28011
city_us_18915,county_us_36123
city_us_18916,county_us_55001
city_us_18917,county_us_21131
city_us_18918,county_us_21037
city_us_18919,county_us_41041
city_us_18920,county_us_31151
city_us_18921,county_us_55023
city_us_18922,county_us_29047
city_us_18923,county_us_01029
city_us_18924,county_us_18129
city_us_18925,county_us_55041
city_us_18926,county_us_35045
city_us_18927,county_us_20049
city_us_18928,county_us_31029
city_us_18929,county_us_53069
city_us_18930,county_us_21183
city_us_18931,county_us_29121
city_us_18932,county_us_17031
city_us_18933,county_us_17147
city_us_18934,county_us_54109
city_us_18935,county_us_29197
city_us_18936,county_us_36113
city_us_18937,county_us_56037
city_us_18938,county_us_17189
city_us_18939,county_us_20115
city_us_18940,county_us_41035
city_us_18941,county_us_02240
city_us_18942,county_us_49037
city_us_18943,county_us_42133
city_us_18944,county_us_42027
city_us_18945,county_us_17191
city_us_18946,county_us_54067
city_us_18947,county_us_36111
city_us_18948,county_us_47107
city_us_18949,county_us_05107
city_us_18950,county_us_55033
city_us_18951,county_us_01071
city_us_18952,county_us_05033
city_us_18953,county_us_19165
city_us_18954,county_us_27085
city_us_18955,county_us_17081
city_us_18956,county_us_17055
city_us_18957,county_us_21007
city_us_18958,county_us_34011
city_us_18959,county_us_56009
city_us_18960,county_us_48229
city_us_18961,county_us_42021
city_us_18962,county_us_26117
city_us_18963,county_us_13199
city_us_18964,county_us_24043
city_us_18965,county_us_31025
city_us_18966,county_us_46087
city_us_18967,county_us_21119
city_us_18968,county_us_04017
city_us_18969,county_us_51153
city_us_18970,county_us_06029
city_us_18971,county_us_48363
city_us_18972,county_us_29033
city_us_18973,county_us_53077
city_us_18974,county_us_18113
city_us_18975,county_us_34041
city_us_18976,county_us_09150
city_us_18977,county_us_42125
city_us_18978,county_us_19135
city_us_18979,county_us_18147
city_us_18980,county_us_31053
city_us_18981,county_us_29173
city_us_18982,county_us_18063
city_us_18983,county_us_29009
city_us_18984,county_us_05149
city_us_18985,county_us_18109
city_us_18986,county_us_42107
city_us_18987,county_us_19143
city_us_18988,county_us_45091
city_us_18989,county_us_26055
city_us_18990,county_us_34035
city_us_18991,county_us_23001
city_us_18992,county_us_35049
city_us_18993,county_us_48409
city_us_18994,county_us_51089
city_us_18995,county_us_28127
city_us_18996,county_us_42051
city_us_18997,county_us_27129
city_us_18998,county_us_17041
city_us_18999,county_us_19105
city_us_19000,county_us_48447
city_us_19001,county_us_19105
city_us_19002,county_us_17133
city_us_19003,county_us_21235
city_us_19004,county_us_17057
city_us_19005,county_us_28159
city_us_19006,county_us_55123
city_us_19007,county_us_48289
city_us_19008,county_us_36105
city_us_19009,county_us_45089
city_us_19010,county_us_20011
city_us_19011,county_us_45063
city_us_19012,county_us_35001
city_us_19013,county_us_18061
city_us_19014,county_us_01071
city_us_19015,county_us_08045
city_us_19016,county_us_49005
city_us_19017,county_us_06025
city_us_19018,county_us_06067
city_us_19019,county_us_47061
city_us_19020,county_us_09190
city_us_19021,county_us_08045
city_us_19022,county_us_22103
city_us_19023,county_us_41057
city_us_19024,county_us_39081
city_us_19025,county_us_17153
city_us_19026,county_us_48499
city_us_19027,county_us_06087
city_us_19028,county_us_55127
city_us_19029,county_us_19109
city_us_19030,county_us_54059
city_us_19031,county_us_29113
city_us_19032,county_us_54019
city_us_19033,county_us_01123
city_us_19034,county_us_12061
city_us_19035,county_us_22101
city_us_19036,county_us_48121
city_us_19037,county_us_06045
city_us_19038,county_us_17117
city_us_19039,county_us_48099
city_us_19040,county_us_42109
city_us_19041,county_us_40015
city_us_19042,county_us_39129
city_us_19043,county_us_02188
city_us_19044,county_us_42071
city_us_19045,county_us_39165
city_us_19046,county_us_42065
city_us_19047,county_us_18099
city_us_19048,county_us_27105
city_us_19049,county_us_31089
city_us_19050,county_us_48335
city_us_19051,county_us_17173
city_us_19052,county_us_39173
city_us_19053,county_us_19197
city_us_19054,county_us_05037
city_us_19055,county_us_17003
city_us_19056,county_us_39087
city_us_19057,county_us_29159
city_us_19058,county_us_08109
city_us_19059,county_us_29119
city_us_19060,county_us_42115
city_us_19061,county_us_08059
city_us_19062,county_us_06047
city_us_19063,county_us_18091
city_us_19064,county_us_40001
city_us_19065,county_us_27093
city_us_19066,county_us_41047
city_us_19067,county_us_24039
city_us_19068,county_us_06061
city_us_19069,county_us_18177
city_us_19070,county_us_42007
city_us_19071,county_us_20183
city_us_19072,county_us_39051
city_us_19073,county_us_39023
city_us_19074,county_us_05123
city_us_19075,county_us_37031
city_us_19076,county_us_40121
city_us_19077,county_us_30061
city_us_19078,county_us_35053
city_us_19079,county_us_26029
city_us_19080,county_us_29031
city_us_19081,county_us_55101
city_us_19082,county_us_40045
city_us_19083,county_us_46067
city_us_19084,county_us_37045
city_us_19085,county_us_40035
city_us_19086,county_us_55051
city_us_19087,county_us_42107
city_us_19088,county_us_50003
city_us_19089,county_us_36013
city_us_19090,county_us_40093
city_us_19091,county_us_48251
city_us_19092,county_us_48299
city_us_19093,county_us_20001
city_us_19094,county_us_19117
city_us_19095,county_us_09190
city_us_19096,county_us_20031
city_us_19097,county_us_37049
city_us_19098,county_us_26103
city_us_19099,county_us_48019
city_us_19100,county_us_30013
city_us_19101,county_us_06023
city_us_19102,county_us_01043
city_us_19103,county_us_33009
city_us_19104,county_us_42003
city_us_19105,county_us_04007
city_us_19106,county_us_12099
city_us_19107,county_us_17155
city_us_19108,county_us_17113
city_us_19109,county_us_42111
city_us_19110,county_us_08013
city_us_19111,county_us_42019
city_us_19112,county_us_42107
city_us_19113,county_us_46085
city_us_19114,county_us_26005
city_us_19115,county_us_49033
city_us_19116,county_us_36045
city_us_19117,county_us_18179
city_us_19118,county_us_29147
city_us_19119,county_us_47109
city_us_19120,county_us_48303
city_us_19121,county_us_34035
city_us_19122,county_us_13123
city_us_19123,county_us_26065
city_us_19124,county_us_47047
city_us_19125,county_us_48035
city_us_19126,county_us_08005
city_us_19127,county_us_16033
city_us_19128,county_us_47123
city_us_19129,county_us_17019
city_us_19130,county_us_34011
city_us_19131,county_us_29077
city_us_19132,county_us_55077
city_us_19133,county_us_06029
city_us_19134,county_us_48309
city_us_19135,county_us_01045
city_us_19136,county_us_17027
city_us_19137,county_us_24045
city_us_19138,county_us_39145
city_us_19139,county_us_17011
city_us_19140,county_us_17027
city_us_19141,county_us_37081
city_us_19142,county_us_06063
city_us_19143,county_us_40081
city_us_19144,county_us_21047
city_us_19145,county_us_28107
city_us_19146,county_us_12077
city_us_19147,county_us_20033
city_us_19148,county_us_42125
city_us_19149,county_us_05025
city_us_19150,county_us_29215
city_us_19151,county_us_06019
city_us_19152,county_us_29021
city_us_19153,county_us_54045
city_us_19154,county_us_13107
city_us_19155,county_us_18065
city_us_19156,county_us_41041
city_us_19157,county_us_18027
city_us_19158,county_us_48449
city_us_19159,county_us_29085
city_us_19160,county_us_37137
city_us_19161,county_us_55089
city_us_19162,county_us_42079
city_us_19163,county_us_17021
city_us_19164,county_us_37107
city_us_19165,county_us_06071
city_us_19166,county_us_39051
city_us_19167,county_us_35005
city_us_19168,county_us_17137
city_us_19169,county_us_27165
city_us_19170,county_us_27083
city_us_19171,county_us_01043
city_us_19172,county_us_18085
city_us_19173,county_us_21133
city_us_19174,county_us_19025
city_us_19175,county_us_19193
city_us_19176,county_us_16041
city_us_19177,county_us_48293
city_us_19178,county_us_29131
city_us_19179,county_us_42003
city_us_19180,county_us_08019
city_us_19181,county_us_28141
city_us_19182,county_us_35031
city_us_19183,county_us_54027
city_us_19184,county_us_45087
city_us_19185,county_us_48239
city_us_19186,county_us_39061
city_us_19187,county_us_20031
city_us_19188,county_us_54069
city_us_19189,county_us_21095
city_us_19190,county_us_34011
city_us_19191,county_us_42021
city_us_19192,county_us_55117
city_us_19193,county_us_21111
city_us_19194,county_us_45033
city_us_19195,county_us_20023
city_us_19196,county_us_37083
city_us_19197,county_us_26045
city_us_19198,county_us_13261
city_us_19199,county_us_29205
city_us_19200,county_us_40061
city_us_19201,county_us_45049
city_us_19202,county_us_42133
city_us_19203,county_us_04007
city_us_19204,county_us_41043
city_us_19205,county_us_12013
city_us_19206,county_us_55041
city_us_19207,county_us_28117
city_us_19208,county_us_34035
city_us_19209,county_us_40111
city_us_19210,county_us_24009
city_us_19211,county_us_49017
city_us_19212,county_us_34011
city_us_19213,county_us_54015
city_us_19214,county_us_55137
city_us_19215,county_us_31059
city_us_19216,county_us_49031
city_us_19217,county_us_04019
city_us_19218,county_us_04027
city_us_19219,county_us_42021
city_us_19220,county_us_39139
city_us_19221,county_us_05039
city_us_19222,county_us_36121
city_us_19223,county_us_42079
city_us_19224,county_us_19177
city_us_19225,county_us_53041
city_us_19226,county_us_45057
city_us_19227,county_us_05131
city_us_19228,county_us_02066
city_us_19229,county_us_12001
city_us_19230,county_us_19073
city_us_19231,county_us_40001
city_us_19232,county_us_39053
city_us_19233,county_us_45059
city_us_19234,county_us_48381
city_us_19235,county_us_37013
city_us_19236,county_us_21195
city_us_19237,county_us_48427
city_us_19238,county_us_27019
city_us_19239,county_us_06019
city_us_19240,county_us_44009
city_us_19241,county_us_05009
city_us_19242,county_us_05053
city_us_19243,county_us_05075
city_us_19244,county_us_24043
city_us_19245,county_us_40021
city_us_19246,county_us_17185
city_us_19247,county_us_31067
city_us_19248,county_us_42121
city_us_19249,county_us_08013
city_us_19250,county_us_47155
city_us_19251,county_us_18167
city_us_19252,county_us_40011
city_us_19253,county_us_20035
city_us_19254,county_us_48427
city_us_19255,county_us_17039
city_us_19256,county_us_19181
city_us_19257,county_us_50003
city_us_19258,county_us_17157
city_us_19259,county_us_29069
city_us_19260,county_us_39063
city_us_19261,county_us_17117
city_us_19262,county_us_45051
city_us_19263,county_us_19187
city_us_19264,county_us_22043
city_us_19265,county_us_21111
city_us_19266,county_us_39031
city_us_19267,county_us_37115
city_us_19268,county_us_39013
city_us_19269,county_us_51103
city_us_19270,county_us_24029
city_us_19271,county_us_31073
city_us_19272,county_us_55049
city_us_19273,county_us_42013
city_us_19274,county_us_49027
city_us_19275,county_us_34001
city_us_19276,county_us_31041
city_us_19277,county_us_27001
city_us_19278,county_us_39067
city_us_19279,county_us_08041
city_us_19280,county_us_19141
city_us_19281,county_us_20127
city_us_19282,county_us_36013
city_us_19283,county_us_51167
city_us_19284,county_us_16061
city_us_19285,county_us_40081
city_us_19286,county_us_42071
city_us_19287,county_us_31145
city_us_19288,county_us_19109
city_us_19289,county_us_26057
city_us_19290,county_us_54039
city_us_19291,county_us_42021
city_us_19292,county_us_04019
city_us_19293,county_us_49049
city_us_19294,county_us_48351
city_us_19295,county_us_09180
city_us_19296,county_us_54039
city_us_19297,county_us_42005
city_us_19298,county_us_42011
city_us_19299,county_us_18129
city_us_19300,county_us_19079
city_us_19301,county_us_21111
city_us_19302,county_us_35006
city_us_19303,county_us_37193
city_us_19304,county_us_21071
city_us_19305,county_us_19011
city_us_19306,county_us_29081
city_us_19307,county_us_42125
city_us_19308,county_us_16011
city_us_19309,county_us_20155
city_us_19310,county_us_04007
city_us_19311,county_us_48469
city_us_19312,county_us_35043
city_us_19313,county_us_54039
city_us_19314,county_us_56011
city_us_19315,county_us_09150
city_us_19316,county_us_42003
city_us_19317,county_us_55081
city_us_19318,county_us_04001
city_us_19319,county_us_39049
city_us_19320,county_us_27067
city_us_19321,county_us_47045
city_us_19322,county_us_27067
city_us_19323,county_us_18065
city_us_19324,county_us_13179
city_us_19325,county_us_13149
city_us_19326,county_us_19073
city_us_19327,county_us_24001
city_us_19328,county_us_20059
city_us_19329,county_us_29025
city_us_19330,county_us_12123
city_us_19331,county_us_48205
city_us_19332,county_us_51019
city_us_19333,county_us_48177
city_us_19334,county_us_28023
city_us_19335,county_us_48051
city_us_19336,county_us_28079
city_us_19337,county_us_29159
city_us_19338,county_us_31035
city_us_19339,county_us_31023
city_us_19340,county_us_53065
city_us_19341,county_us_31155
city_us_19342,county_us_29183
city_us_19343,county_us_26159
city_us_19344,county_us_48427
city_us_19345,county_us_46125
city_us_19346,county_us_30007
city_us_19347,county_us_56013
city_us_19348,county_us_47167
city_us_19349,county_us_53041
city_us_19350,county_us_19047
city_us_19351,county_us_35055
city_us_19352,county_us_35049
city_us_19353,county_us_17197
city_us_19354,county_us_28101
city_us_19355,county_us_17111
city_us_19356,county_us_54059
city_us_19357,county_us_28039
city_us_19358,county_us_31151
city_us_19359,county_us_29063
city_us_19360,county_us_29115
city_us_19361,county_us_55077
city_us_19362,county_us_01073
city_us_19363,county_us_18091
city_us_19364,county_us_47139
city_us_19365,county_us_18167
city_us_19366,county_us_55019
city_us_19367,county_us_39091
city_us_19368,county_us_19065
city_us_19369,county_us_22093
city_us_19370,county_us_37011
city_us_19371,county_us_48099
city_us_19372,county_us_26101
city_us_19373,county_us_24043
city_us_19374,county_us_29009
city_us_19375,county_us_41017
city_us_19376,county_us_05113
city_us_19377,county_us_55043
city_us_19378,county_us_19019
city_us_19379,county_us_19041
city_us_19380,county_us_19185
city_us_19381,county_us_38029
city_us_19382,county_us_40013
city_us_19383,county_us_48231
city_us_19384,county_us_40111
city_us_19385,county_us_06023
city_us_19386,county_us_36089
city_us_19387,county_us_36049
city_us_19388,county_us_21111
city_us_19389,county_us_36057
city_us_19390,county_us_05041
city_us_19391,county_us_42039
city_us_19392,county_us_48423
city_us_19393,county_us_42011
city_us_19394,county_us_26059
city_us_19395,county_us_31021
city_us_19396,county_us_13315
city_us_19397,county_us_22065
city_us_19398,county_us_54007
city_us_19399,county_us_41057
city_us_19400,county_us_16063
city_us_19401,county_us_27167
city_us_19402,county_us_26061
city_us_19403,county_us_29167
city_us_19404,county_us_06073
city_us_19405,county_us_29207
city_us_19406,county_us_53075
city_us_19407,county_us_20115
city_us_19408,county_us_05003
city_us_19409,county_us_24041
city_us_19410,county_us_29147
city_us_19411,county_us_51165
city_us_19412,county_us_48213
city_us_19413,county_us_51037
city_us_19414,county_us_41051
city_us_19415,county_us_40101
city_us_19416,county_us_02290
city_us_19417,county_us_06107
city_us_19418,county_us_19129
city_us_19419,county_us_56037
city_us_19420,county_us_05139
city_us_19421,county_us_29023
city_us_19422,county_us_39089
city_us_19423,county_us_27013
city_us_19424,county_us_12095
city_us_19425,county_us_51165
city_us_19426,county_us_01011
city_us_19427,county_us_01073
city_us_19428,county_us_02158
city_us_19429,county_us_01113
city_us_19430,county_us_05123
city_us_19431,county_us_19177
city_us_19432,county_us_37031
city_us_19433,county_us_22049
city_us_19434,county_us_05083
city_us_19435,county_us_55135
city_us_19436,county_us_04007
city_us_19437,county_us_39167
city_us_19438,county_us_55005
city_us_19439,county_us_42085
city_us_19440,county_us_20185
city_us_19441,county_us_40115
city_us_19442,county_us_55063
city_us_19443,county_us_16041
city_us_19444,county_us_42133
city_us_19445,county_us_48005
city_us_19446,county_us_38077
city_us_19447,county_us_04001
city_us_19448,county_us_55035
city_us_19449,county_us_37151
city_us_19450,county_us_13311
city_us_19451,county_us_42027
city_us_19452,county_us_26107
city_us_19453,county_us_48427
city_us_19454,county_us_48349
city_us_19455,county_us_27021
city_us_19456,county_us_30063
city_us_19457,county_us_17077
city_us_19458,county_us_13065
city_us_19459,county_us_23005
city_us_19460,county_us_42133
city_us_19461,county_us_55081
city_us_19462,county_us_18063
city_us_19463,county_us_13007
city_us_19464,county_us_46055
city_us_19465,county_us_29165
city_us_19466,county_us_36045
city_us_19467,county_us_36099
city_us_19468,county_us_17023
city_us_19469,county_us_56023
city_us_19470,county_us_53025
city_us_19471,county_us_27155
city_us_19472,county_us_06091
city_us_19473,county_us_01067
city_us_19474,county_us_48225
city_us_19475,county_us_38055
city_us_19476,county_us_34039
city_us_19477,county_us_30111
city_us_19478,county_us_37187
city_us_19479,county_us_42019
city_us_19480,county_us_29031
city_us_19481,county_us_47129
city_us_19482,county_us_01041
city_us_19483,county_us_55141
city_us_19484,county_us_35057
city_us_19485,county_us_47131
city_us_19486,county_us_39025
city_us_19487,county_us_55137
city_us_19488,county_us_53039
city_us_19489,county_us_51001
city_us_19490,county_us_42037
city_us_19491,county_us_39027
city_us_19492,county_us_47155
city_us_19493,county_us_06007
city_us_19494,county_us_16061
city_us_19495,county_us_16057
city_us_19496,county_us_48363
city_us_19497,county_us_21111
city_us_19498,county_us_15007
city_us_19499,county_us_29107
city_us_19500,county_us_08013
city_us_19501,county_us_49015
city_us_19502,county_us_48355
city_us_19503,county_us_30041
city_us_19504,county_us_26157
city_us_19505,county_us_30079
city_us_19506,county_us_54033
city_us_19507,county_us_19045
city_us_19508,county_us_40051
city_us_19509,county_us_45025
city_us_19510,county_us_05073
city_us_19511,county_us_26155
city_us_19512,county_us_17077
city_us_19513,county_us_40083
city_us_19514,county_us_28029
city_us_19515,county_us_26001
city_us_19516,county_us_05131
city_us_19517,county_us_06023
city_us_19518,county_us_31065
city_us_19519,county_us_01039
city_us_19520,county_us_18153
city_us_19521,county_us_37045
city_us_19522,county_us_36043
city_us_19523,county_us_42037
city_us_19524,county_us_05113
city_us_19525,county_us_21111
city_us_19526,county_us_47059
city_us_19527,county_us_40125
city_us_19528,county_us_29165
city_us_19529,county_us_40135
city_us_19530,county_us_40015
city_us_19531,county_us_29197
city_us_19532,county_us_06051
city_us_19533,county_us_17197
city_us_19534,county_us_06009
city_us_19535,county_us_49041
city_us_19536,county_us_54053
city_us_19537,county_us_42121
city_us_19538,county_us_40149
city_us_19539,county_us_17005
city_us_19540,county_us_29165
city_us_19541,county_us_16031
city_us_19542,county_us_17099
city_us_19543,county_us_06107
city_us_19544,county_us_48453
city_us_19545,county_us_19099
city_us_19546,county_us_19107
city_us_19547,county_us_35061
city_us_19548,county_us_42065
city_us_19549,county_us_17177
city_us_19550,county_us_39117
city_us_19551,county_us_42063
city_us_19552,county_us_35019
city_us_19553,county_us_19177
city_us_19554,county_us_42079
city_us_19555,county_us_48393
city_us_19556,county_us_21185
city_us_19557,county_us_24029
city_us_19558,county_us_54051
city_us_19559,county_us_42063
city_us_19560,county_us_46091
city_us_19561,county_us_41047
city_us_19562,county_us_41043
city_us_19563,county_us_47055
city_us_19564,county_us_35047
city_us_19565,county_us_17105
city_us_19566,county_us_12035
city_us_19567,county_us_53035
city_us_19568,county_us_40125
city_us_19569,county_us_36057
city_us_19570,county_us_56037
city_us_19571,county_us_29181
city_us_19572,county_us_19123
city_us_19573,county_us_36009
city_us_19574,county_us_08081
city_us_19575,county_us_06105
city_us_19576,county_us_26137
city_us_19577,county_us_28021
city_us_19578,county_us_30047
city_us_19579,county_us_41057
city_us_19580,county_us_06005
city_us_19581,county_us_20035
city_us_19582,county_us_04005
city_us_19583,county_us_04001
city_us_19584,county_us_01079
city_us_19585,county_us_19055
city_us_19586,county_us_17053
city_us_19587,county_us_49005
city_us_19588,county_us_04015
city_us_19589,county_us_17157
city_us_19590,county_us_48181
city_us_19591,county_us_27105
city_us_19592,county_us_16043
city_us_19593,county_us_47115
city_us_19594,county_us_19067
city_us_19595,county_us_40085
city_us_19596,county_us_55043
city_us_19597,county_us_37041
city_us_19598,county_us_12049
city_us_19599,county_us_48453
city_us_19600,county_us_05005
city_us_19601,county_us_53001
city_us_19602,county_us_42067
city_us_19603,county_us_51079
city_us_19604,county_us_42063
city_us_19605,county_us_17173
city_us_19606,county_us_20117
city_us_19607,county_us_18061
city_us_19608,county_us_46061
city_us_19609,county_us_13297
city_us_19610,county_us_27017
city_us_19611,county_us_19163
city_us_19612,county_us_05001
city_us_19613,county_us_21177
city_us_19614,county_us_08089
city_us_19615,county_us_35033
city_us_19616,county_us_37147
city_us_19617,county_us_10005
city_us_19618,county_us_17183
city_us_19619,county_us_26021
city_us_19620,county_us_26067
city_us_19621,county_us_19065
city_us_19622,county_us_38075
city_us_19623,county_us_39117
city_us_19624,county_us_48161
city_us_19625,county_us_17183
city_us_19626,county_us_48347
city_us_19627,county_us_39099
city_us_19628,county_us_42013
city_us_19629,county_us_05131
city_us_19630,county_us_41059
city_us_19631,county_us_06029
city_us_19632,county_us_17143
city_us_19633,county_us_05027
city_us_19634,county_us_17075
city_us_19635,county_us_17067
city_us_19636,county_us_22123
city_us_19637,county_us_38089
city_us_19638,county_us_41067
city_us_19639,county_us_04001
city_us_19640,county_us_37019
city_us_19641,county_us_36025
city_us_19642,county_us_37011
city_us_19643,county_us_46019
city_us_19644,county_us_28135
city_us_19645,county_us_27099
city_us_19646,county_us_19131
city_us_19647,county_us_21037
city_us_19648,county_us_56007
city_us_19649,county_us_40069
city_us_19650,county_us_22003
city_us_19651,county_us_17107
city_us_19652,county_us_41029
city_us_19653,county_us_13091
city_us_19654,county_us_39045
city_us_19655,county_us_42029
city_us_19656,county_us_19137
city_us_19657,county_us_20159
city_us_19658,county_us_06005
city_us_19659,county_us_36077
city_us_19660,county_us_49015
city_us_19661,county_us_26101
city_us_19662,county_us_20009
city_us_19663,county_us_50023
city_us_19664,county_us_42059
city_us_19665,county_us_51001
city_us_19666,county_us_21111
city_us_19667,county_us_37137
city_us_19668,county_us_48363
city_us_19669,county_us_45017
city_us_19670,county_us_54063
city_us_19671,county_us_31041
city_us_19672,county_us_30027
city_us_19673,county_us_13221
city_us_19674,county_us_12099
city_us_19675,county_us_48029
city_us_19676,county_us_13311
city_us_19677,county_us_20001
city_us_19678,county_us_41069
city_us_19679,county_us_40021
city_us_19680,county_us_48209
city_us_19681,county_us_17059
city_us_19682,county_us_53071
city_us_19683,county_us_51135
city_us_19684,county_us_16073
city_us_19685,county_us_48111
city_us_19686,county_us_27037
city_us_19687,county_us_17203
city_us_19688,county_us_05011
city_us_19689,county_us_45071
city_us_19690,county_us_19065
city_us_19691,county_us_17145
city_us_19692,county_us_27045
city_us_19693,county_us_37107
city_us_19694,county_us_48089
city_us_19695,county_us_39003
city_us_19696,county_us_05035
city_us_19697,county_us_35043
city_us_19698,county_us_19169
city_us_19699,county_us_36013
city_us_19700,county_us_42079
city_us_19701,county_us_30055
city_us_19702,county_us_50001
city_us_19703,county_us_04015
city_us_19704,county_us_41059
city_us_19705,county_us_22085
city_us_19706,county_us_42059
city_us_19707,county_us_05129
city_us_19708,county_us_19169
city_us_19709,county_us_46035
city_us_19710,county_us_42033
city_us_19711,county_us_18157
city_us_19712,county_us_26011
city_us_19713,county_us_02198
city_us_19714,county_us_20111
city_us_19715,county_us_54107
city_us_19716,county_us_36111
city_us_19717,county_us_48253
city_us_19718,county_us_08099
city_us_19719,county_us_13221
city_us_19720,county_us_41055
city_us_19721,county_us_34011
city_us_19722,county_us_35007
city_us_19723,county_us_45075
city_us_19724,county_us_42075
city_us_19725,county_us_35006
city_us_19726,county_us_46081
city_us_19727,county_us_42061
city_us_19728,county_us_40119
city_us_19729,county_us_39059
city_us_19730,county_us_41065
city_us_19731,county_us_26021
city_us_19732,county_us_48491
city_us_19733,county_us_29073
city_us_19734,county_us_36019
city_us_19735,county_us_35049
city_us_19736,county_us_23029
city_us_19737,county_us_16017
city_us_19738,county_us_40147
city_us_19739,county_us_42031
city_us_19740,county_us_24037
city_us_19741,county_us_48467
city_us_19742,county_us_49057
city_us_19743,county_us_27159
city_us_19744,county_us_15009
city_us_19745,county_us_39063
city_us_19746,county_us_17091
city_us_19747,county_us_30043
city_us_19748,county_us_26015
city_us_19749,county_us_37167
city_us_19750,county_us_55097
city_us_19751,county_us_27143
city_us_19752,county_us_34029
city_us_19753,county_us_04009
city_us_19754,county_us_20119
city_us_19755,county_us_51195
city_us_19756,county_us_51175
city_us_19757,county_us_39173
city_us_19758,county_us_42019
city_us_19759,county_us_18117
city_us_19760,county_us_31049
city_us_19761,county_us_08085
city_us_19762,county_us_06043
city_us_19763,county_us_18161
city_us_19764,county_us_50027
city_us_19765,county_us_37069
city_us_19766,county_us_04021
city_us_19767,county_us_28061
city_us_19768,county_us_24025
city_us_19769,county_us_40015
city_us_19770,county_us_05035
city_us_19771,county_us_28033
city_us_19772,county_us_46011
city_us_19773,county_us_19005
city_us_19774,county_us_02090
city_us_19775,county_us_29045
city_us_19776,county_us_29109
city_us_19777,county_us_27111
city_us_19778,county_us_41059
city_us_19779,county_us_18157
city_us_19780,county_us_37101
city_us_19781,county_us_17099
city_us_19782,county_us_28077
city_us_19783,county_us_22019
city_us_19784,county_us_27153
city_us_19785,county_us_17075
city_us_19786,county_us_05093
city_us_19787,county_us_17147
city_us_19788,county_us_27099
city_us_19789,county_us_29157
city_us_19790,county_us_08025
city_us_19791,county_us_17123
city_us_19792,county_us_42107
city_us_19793,county_us_20197
city_us_19794,county_us_55037
city_us_19795,county_us_01009
city_us_19796,county_us_23021
city_us_19797,county_us_24023
city_us_19798,county_us_48039
city_us_19799,county_us_42117
city_us_19800,county_us_02290
city_us_19801,county_us_02050
city_us_19802,county_us_01039
city_us_19803,county_us_39091
city_us_19804,county_us_51105
city_us_19805,county_us_55097
city_us_19806,county_us_18181
city_us_19807,county_us_42033
city_us_19808,county_us_55115
city_us_19809,county_us_49005
city_us_19810,county_us_37013
city_us_19811,county_us_34019
city_us_19812,county_us_55115
city_us_19813,county_us_50027
city_us_19814,county_us_47081
city_us_19815,county_us_48293
city_us_19816,county_us_20175
city_us_19817,county_us_27123
city_us_19818,county_us_02050
city_us_19819,county_us_20155
city_us_19820,county_us_26057
city_us_19821,county_us_21033
city_us_19822,county_us_04011
city_us_19823,county_us_19025
city_us_19824,county_us_42013
city_us_19825,county_us_27013
city_us_19826,county_us_18083
city_us_19827,county_us_31109
city_us_19828,county_us_39127
city_us_19829,county_us_13083
city_us_19830,county_us_30003
city_us_19831,county_us_30007
city_us_19832,county_us_32003
city_us_19833,county_us_34041
city_us_19834,county_us_23029
city_us_19835,county_us_27099
city_us_19836,county_us_35009
city_us_19837,county_us_01099
city_us_19838,county_us_02198
city_us_19839,county_us_01027
city_us_19840,county_us_42125
city_us_19841,county_us_53057
city_us_19842,county_us_39139
city_us_19843,county_us_56033
city_us_19844,county_us_17189
city_us_19845,county_us_29025
city_us_19846,county_us_09160
city_us_19847,county_us_51145
city_us_19848,county_us_39067
city_us_19849,county_us_35049
city_us_19850,county_us_46091
city_us_19851,county_us_28067
city_us_19852,county_us_29163
city_us_19853,county_us_49047
city_us_19854,county_us_12007
city_us_19855,county_us_41057
city_us_19856,county_us_55117
city_us_19857,county_us_39007
city_us_19858,county_us_36111
city_us_19859,county_us_27087
city_us_19860,county_us_49043
city_us_19861,county_us_01129
city_us_19862,county_us_54019
city_us_19863,county_us_27067
city_us_19864,county_us_30063
city_us_19865,county_us_22029
city_us_19866,county_us_21199
city_us_19867,county_us_37141
city_us_19868,county_us_54045
city_us_19869,county_us_18107
city_us_19870,county_us_35029
city_us_19871,county_us_34027
city_us_19872,county_us_37099
city_us_19873,county_us_46137
city_us_19874,county_us_27003
city_us_19875,county_us_36059
city_us_19876,county_us_34025
city_us_19877,county_us_45041
city_us_19878,county_us_39005
city_us_19879,county_us_45027
city_us_19880,county_us_48067
city_us_19881,county_us_28101
city_us_19882,county_us_49013
city_us_19883,county_us_22001
city_us_19884,county_us_08077
city_us_19885,county_us_34041
city_us_19886,county_us_09190
city_us_19887,county_us_04021
city_us_19888,county_us_31109
city_us_19889,county_us_48407
city_us_19890,county_us_04012
city_us_19891,county_us_39099
city_us_19892,county_us_55119
city_us_19893,county_us_29189
city_us_19894,county_us_12091
city_us_19895,county_us_17173
city_us_19896,county_us_48179
city_us_19897,county_us_13055
city_us_19898,county_us_29165
city_us_19899,county_us_18139
city_us_19900,county_us_13147
city_us_19901,county_us_29055
city_us_19902,county_us_12041
city_us_19903,county_us_04012
city_us_19904,county_us_48139
city_us_19905,county_us_48061
city_us_19906,county_us_26103
city_us_19907,county_us_50021
city_us_19908,county_us_40013
city_us_19909,county_us_40061
city_us_19910,county_us_42011
city_us_19911,county_us_36105
city_us_19912,county_us_19047
city_us_19913,county_us_42125
city_us_19914,county_us_27143
city_us_19915,county_us_17121
city_us_19916,county_us_36109
city_us_19917,county_us_17119
city_us_19918,county_us_16051
city_us_19919,county_us_04001
city_us_19920,county_us_42035
city_us_19921,county_us_05145
city_us_19922,county_us_34005
city_us_19923,county_us_19139
city_us_19924,county_us_27163
city_us_19925,county_us_13277
city_us_19926,county_us_19043
city_us_19927,county_us_48053
city_us_19928,county_us_36109
city_us_19929,county_us_51023
city_us_19930,county_us_27037
city_us_19931,county_us_09190
city_us_19932,county_us_48361
city_us_19933,county_us_39173
city_us_19934,county_us_17039
city_us_19935,county_us_38045
city_us_19936,county_us_36027
city_us_19937,county_us_19033
city_us_19938,county_us_54079
city_us_19939,county_us_19189
city_us_19940,county_us_01037
city_us_19941,county_us_05121
city_us_19942,county_us_36039
city_us_19943,county_us_17045
city_us_19944,county_us_36001
city_us_19945,county_us_48213
city_us_19946,county_us_31109
city_us_19947,county_us_04025
city_us_19948,county_us_30063
city_us_19949,county_us_35043
city_us_19950,county_us_36039
city_us_19951,county_us_08053
city_us_19952,county_us_55099
city_us_19953,county_us_20017
city_us_19954,county_us_42125
city_us_19955,county_us_28155
city_us_19956,county_us_37141
city_us_19957,county_us_33007
city_us_19958,county_us_42107
city_us_19959,county_us_37007
city_us_19960,county_us_42059
city_us_19961,county_us_42011
city_us_19962,county_us_47115
city_us_19963,county_us_21111
city_us_19964,county_us_48385
city_us_19965,county_us_22063
city_us_19966,county_us_01003
city_us_19967,county_us_42027
city_us_19968,county_us_21083
city_us_19969,county_us_39067
city_us_19970,county_us_56013
city_us_19971,county_us_54065
city_us_19972,county_us_27163
city_us_19973,county_us_48331
city_us_19974,county_us_13299
city_us_19975,county_us_47113
city_us_19976,county_us_19179
city_us_19977,county_us_27053
city_us_19978,county_us_31081
city_us_19979,county_us_39083
city_us_19980,county_us_54019
city_us_19981,county_us_17005
city_us_19982,county_us_27045
city_us_19983,county_us_48421
city_us_19984,county_us_26061
city_us_19985,county_us_53053
city_us_19986,county_us_16025
city_us_19987,county_us_12115
city_us_19988,county_us_34021
city_us_19989,county_us_20095
city_us_19990,county_us_39131
city_us_19991,county_us_29029
city_us_19992,county_us_24043
city_us_19993,county_us_18019
city_us_19994,county_us_40103
city_us_19995,county_us_19159
city_us_19996,county_us_34009
city_us_19997,county_us_23025
city_us_19998,county_us_45009
city_us_19999,county_us_36059
city_us_20000,county_us_47065
city_us_20001,county_us_55117
city_us_20002,county_us_01123
city_us_20003,county_us_48389
city_us_20004,county_us_42061
city_us_20005,county_us_29151
city_us_20006,county_us_29203
city_us_20007,county_us_37127
city_us_20008,county_us_39125
city_us_20009,county_us_39071
city_us_20010,county_us_16051
city_us_20011,county_us_34001
city_us_20012,county_us_05101
city_us_20013,county_us_36083
city_us_20014,county_us_46083
city_us_20015,county_us_12099
city_us_20016,county_us_08089
city_us_20017,county_us_13065
city_us_20018,county_us_40097
city_us_20019,county_us_40015
city_us_20020,county_us_29163
city_us_20021,county_us_27021
city_us_20022,county_us_37061
city_us_20023,county_us_29189
city_us_20024,county_us_17011
city_us_20025,county_us_30047
city_us_20026,county_us_17149
city_us_20027,county_us_17141
city_us_20028,county_us_48051
city_us_20029,county_us_45087
city_us_20030,county_us_30085
city_us_20031,county_us_31025
city_us_20032,county_us_08029
city_us_20033,county_us_27137
city_us_20034,county_us_01015
city_us_20035,county_us_30003
city_us_20036,county_us_38079
city_us_20037,county_us_42113
city_us_20038,county_us_37127
city_us_20039,county_us_06047
city_us_20040,county_us_42061
city_us_20041,county_us_06107
city_us_20042,county_us_18103
city_us_20043,county_us_42049
city_us_20044,county_us_21227
city_us_20045,county_us_37015
city_us_20046,county_us_39101
city_us_20047,county_us_20197
city_us_20048,county_us_48057
city_us_20049,county_us_27129
city_us_20050,county_us_08105
city_us_20051,county_us_21095
city_us_20052,county_us_55003
city_us_20053,county_us_37055
city_us_20054,county_us_04017
city_us_20055,county_us_46013
city_us_20056,county_us_19091
city_us_20057,county_us_04007
city_us_20058,county_us_04021
city_us_20059,county_us_27035
city_us_20060,county_us_06063
city_us_20061,county_us_20111
city_us_20062,county_us_54005
city_us_20063,county_us_48419
city_us_20064,county_us_27083
city_us_20065,county_us_42001
city_us_20066,county_us_08071
city_us_20067,county_us_42003
city_us_20068,county_us_45071
city_us_20069,county_us_13219
city_us_20070,county_us_29177
city_us_20071,county_us_42013
city_us_20072,county_us_35045
city_us_20073,county_us_39027
city_us_20074,county_us_24029
city_us_20075,county_us_38049
city_us_20076,county_us_38079
city_us_20077,county_us_32011
city_us_20078,county_us_19101
city_us_20079,county_us_13251
city_us_20080,county_us_05007
city_us_20081,county_us_24029
city_us_20082,county_us_53011
city_us_20083,county_us_51003
city_us_20084,county_us_02050
city_us_20085,county_us_17033
city_us_20086,county_us_05003
city_us_20087,county_us_51005
city_us_20088,county_us_42021
city_us_20089,county_us_19101
city_us_20090,county_us_06113
city_us_20091,county_us_38101
city_us_20092,county_us_53077
city_us_20093,county_us_29155
city_us_20094,county_us_48355
city_us_20095,county_us_51017
city_us_20096,county_us_19029
city_us_20097,county_us_42003
city_us_20098,county_us_48147
city_us_20099,county_us_49053
city_us_20100,county_us_45055
city_us_20101,county_us_06063
city_us_20102,county_us_18065
city_us_20103,county_us_20015
city_us_20104,county_us_51001
city_us_20105,county_us_05079
city_us_20106,county_us_31091
city_us_20107,county_us_48077
city_us_20108,county_us_51089
city_us_20109,county_us_42071
city_us_20110,county_us_12083
city_us_20111,county_us_42059
city_us_20112,county_us_18113
city_us_20113,county_us_01023
city_us_20114,county_us_08013
city_us_20115,county_us_54039
city_us_20116,county_us_17057
city_us_20117,county_us_29059
city_us_20118,county_us_42071
city_us_20119,county_us_04017
city_us_20120,county_us_48061
city_us_20121,county_us_29157
city_us_20122,county_us_20173
city_us_20123,county_us_44009
city_us_20124,county_us_26019
city_us_20125,county_us_20069
city_us_20126,county_us_16051
city_us_20127,county_us_37155
city_us_20128,county_us_06087
city_us_20129,county_us_28111
city_us_20130,county_us_53053
city_us_20131,county_us_41047
city_us_20132,county_us_01071
city_us_20133,county_us_26087
city_us_20134,county_us_48305
city_us_20135,county_us_09190
city_us_20136,county_us_42133
city_us_20137,county_us_18097
city_us_20138,county_us_31097
city_us_20139,county_us_53043
city_us_20140,county_us_39013
city_us_20141,county_us_32005
city_us_20142,county_us_19045
city_us_20143,county_us_05149
city_us_20144,county_us_01069
city_us_20145,county_us_56035
city_us_20146,county_us_54099
city_us_20147,county_us_40069
city_us_20148,county_us_17107
city_us_20149,county_us_02050
city_us_20150,county_us_17059
city_us_20151,county_us_42001
city_us_20152,county_us_48295
city_us_20153,county_us_05123
city_us_20154,county_us_42079
city_us_20155,county_us_29209
city_us_20156,county_us_06023
city_us_20157,county_us_39059
city_us_20158,county_us_41039
city_us_20159,county_us_42129
city_us_20160,county_us_55039
city_us_20161,county_us_35013
city_us_20162,county_us_39011
city_us_20163,county_us_20201
city_us_20164,county_us_39081
city_us_20165,county_us_39105
city_us_20166,county_us_27089
city_us_20167,county_us_26023
city_us_20168,county_us_19025
city_us_20169,county_us_29107
city_us_20170,county_us_20167
city_us_20171,county_us_21035
city_us_20172,county_us_55141
city_us_20173,county_us_37165
city_us_20174,county_us_29053
city_us_20175,county_us_42029
city_us_20176,county_us_05063
city_us_20177,county_us_42025
city_us_20178,county_us_40063
city_us_20179,county_us_39101
city_us_20180,county_us_29209
city_us_20181,county_us_50027
city_us_20182,county_us_53049
city_us_20183,county_us_01109
city_us_20184,county_us_38025
city_us_20185,county_us_42107
city_us_20186,county_us_08019
city_us_20187,county_us_45019
city_us_20188,county_us_48479
city_us_20189,county_us_18081
city_us_20190,county_us_17053
city_us_20191,county_us_19193
city_us_20192,county_us_05035
city_us_20193,county_us_21195
city_us_20194,county_us_17203
city_us_20195,county_us_18151
city_us_20196,county_us_27001
city_us_20197,county_us_51001
city_us_20198,county_us_19065
city_us_20199,county_us_39173
city_us_20200,county_us_35031
city_us_20201,county_us_22085
city_us_20202,county_us_42015
city_us_20203,county_us_17163
city_us_20204,county_us_27115
city_us_20205,county_us_53069
city_us_20206,county_us_53077
city_us_20207,county_us_36121
city_us_20208,county_us_50007
city_us_20209,county_us_39101
city_us_20210,county_us_20091
city_us_20211,county_us_24043
city_us_20212,county_us_55097
city_us_20213,county_us_29223
city_us_20214,county_us_37017
city_us_20215,county_us_06063
city_us_20216,county_us_36083
city_us_20217,county_us_42129
city_us_20218,county_us_19093
city_us_20219,county_us_26161
city_us_20220,county_us_01009
city_us_20221,county_us_17197
city_us_20222,county_us_31051
city_us_20223,county_us_48315
city_us_20224,county_us_27163
city_us_20225,county_us_19089
city_us_20226,county_us_08027
city_us_20227,county_us_42033
city_us_20228,county_us_12011
city_us_20229,county_us_39045
city_us_20230,county_us_21111
city_us_20231,county_us_18147
city_us_20232,county_us_50011
city_us_20233,county_us_18113
city_us_20234,county_us_31087
city_us_20235,county_us_20133
city_us_20236,county_us_29035
city_us_20237,county_us_13157
city_us_20238,county_us_29111
city_us_20239,county_us_30029
city_us_20240,county_us_13231
city_us_20241,county_us_18027
city_us_20242,county_us_48123
city_us_20243,county_us_42011
city_us_20244,county_us_19173
city_us_20245,county_us_29111
city_us_20246,county_us_37021
city_us_20247,county_us_17177
city_us_20248,county_us_39077
city_us_20249,county_us_42129
city_us_20250,county_us_42125
city_us_20251,county_us_36105
city_us_20252,county_us_06041
city_us_20253,county_us_22103
city_us_20254,county_us_04019
city_us_20255,county_us_46071
city_us_20256,county_us_45083
city_us_20257,county_us_37013
city_us_20258,county_us_37049
city_us_20259,county_us_20131
city_us_20260,county_us_26127
city_us_20261,county_us_51155
city_us_20262,county_us_27119
city_us_20263,county_us_29163
city_us_20264,county_us_48223
city_us_20265,county_us_05087
city_us_20266,county_us_30029
city_us_20267,county_us_42049
city_us_20268,county_us_37015
city_us_20269,county_us_36015
city_us_20270,county_us_54081
city_us_20271,county_us_42043
city_us_20272,county_us_13093
city_us_20273,county_us_48065
city_us_20274,county_us_40051
city_us_20275,county_us_21111
city_us_20276,county_us_54037
city_us_20277,county_us_40071
city_us_20278,county_us_48427
city_us_20279,county_us_17153
city_us_20280,county_us_19027
city_us_20281,county_us_02066
city_us_20282,county_us_17105
city_us_20283,county_us_45013
city_us_20284,county_us_19109
city_us_20285,county_us_51125
city_us_20286,county_us_04017
city_us_20287,county_us_31111
city_us_20288,county_us_55085
city_us_20289,county_us_54049
city_us_20290,county_us_20047
city_us_20291,county_us_21093
city_us_20292,county_us_39071
city_us_20293,county_us_46057
city_us_20294,county_us_04003
city_us_20295,county_us_38005
city_us_20296,county_us_24001
city_us_20297,county_us_40005
city_us_20298,county_us_17123
city_us_20299,county_us_39165
city_us_20300,county_us_35045
city_us_20301,county_us_20135
city_us_20302,county_us_49051
city_us_20303,county_us_16017
city_us_20304,county_us_49045
city_us_20305,county_us_40075
city_us_20306,county_us_48099
city_us_20307,county_us_37047
city_us_20308,county_us_01025
city_us_20309,county_us_51037
city_us_20310,county_us_12099
city_us_20311,county_us_17063
city_us_20312,county_us_37157
city_us_20313,county_us_27137
city_us_20314,county_us_17141
city_us_20315,county_us_42039
city_us_20316,county_us_48257
city_us_20317,county_us_47185
city_us_20318,county_us_51119
city_us_20319,county_us_37011
city_us_20320,county_us_21183
city_us_20321,county_us_54043
city_us_20322,county_us_05105
city_us_20323,county_us_40079
city_us_20324,county_us_18059
city_us_20325,county_us_18149
city_us_20326,county_us_27043
city_us_20327,county_us_51001
city_us_20328,county_us_20095
city_us_20329,county_us_04017
city_us_20330,county_us_18151
city_us_20331,county_us_40017
city_us_20332,county_us_18053
city_us_20333,county_us_35045
city_us_20334,county_us_12049
city_us_20335,county_us_37035
city_us_20336,county_us_34029
city_us_20337,county_us_28015
city_us_20338,county_us_20201
city_us_20339,county_us_48409
city_us_20340,county_us_36105
city_us_20341,county_us_17073
city_us_20342,county_us_29115
city_us_20343,county_us_42025
city_us_20344,county_us_17143
city_us_20345,county_us_06063
city_us_20346,county_us_17085
city_us_20347,county_us_13301
city_us_20348,county_us_27135
city_us_20349,county_us_54077
city_us_20350,county_us_49013
city_us_20351,county_us_55129
city_us_20352,county_us_21095
city_us_20353,county_us_47077
city_us_20354,county_us_19115
city_us_20355,county_us_46121
city_us_20356,county_us_37163
city_us_20357,county_us_26069
city_us_20358,county_us_48491
city_us_20359,county_us_31011
city_us_20360,county_us_21059
city_us_20361,county_us_05053
city_us_20362,county_us_35049
city_us_20363,county_us_30061
city_us_20364,county_us_29119
city_us_20365,county_us_27019
city_us_20366,county_us_39141
city_us_20367,county_us_35047
city_us_20368,county_us_29083
city_us_20369,county_us_51021
city_us_20370,county_us_18037
city_us_20371,county_us_55085
city_us_20372,county_us_12063
city_us_20373,county_us_21139
city_us_20374,county_us_40145
city_us_20375,county_us_30041
city_us_20376,county_us_48127
city_us_20377,county_us_17011
city_us_20378,county_us_36101
city_us_20379,county_us_40031
city_us_20380,county_us_30053
city_us_20381,county_us_02158
city_us_20382,county_us_05075
city_us_20383,county_us_42039
city_us_20384,county_us_20031
city_us_20385,county_us_20037
city_us_20386,county_us_20085
city_us_20387,county_us_42051
city_us_20388,county_us_26049
city_us_20389,county_us_18177
city_us_20390,county_us_48367
city_us_20391,county_us_17135
city_us_20392,county_us_27035
city_us_20393,county_us_17049
city_us_20394,county_us_31081
city_us_20395,county_us_36003
city_us_20396,county_us_40045
city_us_20397,county_us_06049
city_us_20398,county_us_49031
city_us_20399,county_us_21229
city_us_20400,county_us_42011
city_us_20401,county_us_23019
city_us_20402,county_us_19119
city_us_20403,county_us_19063
city_us_20404,county_us_54039
city_us_20405,county_us_01045
city_us_20406,county_us_18065
city_us_20407,county_us_41005
city_us_20408,county_us_47103
city_us_20409,county_us_45011
city_us_20410,county_us_37031
city_us_20411,county_us_21171
city_us_20412,county_us_29189
city_us_20413,county_us_47069
city_us_20414,county_us_36045
city_us_20415,county_us_53063
city_us_20416,county_us_01111
city_us_20417,county_us_16011
city_us_20418,county_us_26009
city_us_20419,county_us_48489
city_us_20420,county_us_27157
city_us_20421,county_us_48089
city_us_20422,county_us_48309
city_us_20423,county_us_20059
city_us_20424,county_us_17089
city_us_20425,county_us_27057
city_us_20426,county_us_21095
city_us_20427,county_us_22069
city_us_20428,county_us_53069
city_us_20429,county_us_37061
city_us_20430,county_us_31177
city_us_20431,county_us_48415
city_us_20432,county_us_54033
city_us_20433,county_us_17049
city_us_20434,county_us_41057
city_us_20435,county_us_18133
city_us_20436,county_us_50027
city_us_20437,county_us_18033
city_us_20438,county_us_22025
city_us_20439,county_us_34035
city_us_20440,county_us_31037
city_us_20441,county_us_29069
city_us_20442,county_us_30105
city_us_20443,county_us_54083
city_us_20444,county_us_21011
city_us_20445,county_us_18087
city_us_20446,county_us_27027
city_us_20447,county_us_34035
city_us_20448,county_us_22043
city_us_20449,county_us_08045
city_us_20450,county_us_40123
city_us_20451,county_us_48213
city_us_20452,county_us_28003
city_us_20453,county_us_20121
city_us_20454,county_us_08069
city_us_20455,county_us_01075
city_us_20456,county_us_26089
city_us_20457,county_us_48141
city_us_20458,county_us_35045
city_us_20459,county_us_31061
city_us_20460,county_us_34009
city_us_20461,county_us_49027
city_us_20462,county_us_06107
city_us_20463,county_us_18177
city_us_20464,county_us_53075
city_us_20465,county_us_01045
city_us_20466,county_us_48061
city_us_20467,county_us_42027
city_us_20468,county_us_37125
city_us_20469,county_us_17173
city_us_20470,county_us_36105
city_us_20471,county_us_06041
city_us_20472,county_us_30075
city_us_20473,county_us_53073
city_us_20474,county_us_50003
city_us_20475,county_us_23003
city_us_20476,county_us_01029
city_us_20477,county_us_42005
city_us_20478,county_us_17105
city_us_20479,county_us_55135
city_us_20480,county_us_36009
city_us_20481,county_us_02180
city_us_20482,county_us_10001
city_us_20483,county_us_48077
city_us_20484,county_us_12129
city_us_20485,county_us_17113
city_us_20486,county_us_27041
city_us_20487,county_us_12113
city_us_20488,county_us_53015
city_us_20489,county_us_39073
city_us_20490,county_us_21193
city_us_20491,county_us_27097
city_us_20492,county_us_17199
city_us_20493,county_us_05147
city_us_20494,county_us_20031
city_us_20495,county_us_05121
city_us_20496,county_us_08123
city_us_20497,county_us_36015
city_us_20498,county_us_20123
city_us_20499,county_us_40005
city_us_20500,county_us_18117
city_us_20501,county_us_06089
city_us_20502,county_us_06107
city_us_20503,county_us_36029
city_us_20504,county_us_48141
city_us_20505,county_us_50021
city_us_20506,county_us_27051
city_us_20507,county_us_55053
city_us_20508,county_us_53047
city_us_20509,county_us_28117
city_us_20510,county_us_42027
city_us_20511,county_us_02090
city_us_20512,county_us_18147
city_us_20513,county_us_37001
city_us_20514,county_us_08107
city_us_20515,county_us_51019
city_us_20516,county_us_42109
city_us_20517,county_us_37161
city_us_20518,county_us_13045
city_us_20519,county_us_40097
city_us_20520,county_us_48079
city_us_20521,county_us_01061
city_us_20522,county_us_19177
city_us_20523,county_us_56023
city_us_20524,county_us_09190
city_us_20525,county_us_04001
city_us_20526,county_us_13033
city_us_20527,county_us_54039
city_us_20528,county_us_46077
city_us_20529,county_us_22039
city_us_20530,county_us_19187
city_us_20531,county_us_48185
city_us_20532,county_us_05121
city_us_20533,county_us_27137
city_us_20534,county_us_26019
city_us_20535,county_us_39141
city_us_20536,county_us_42107
city_us_20537,county_us_02188
city_us_20538,county_us_18063
city_us_20539,county_us_37189
city_us_20540,county_us_54049
city_us_20541,county_us_45073
city_us_20542,county_us_41047
city_us_20543,county_us_29093
city_us_20544,county_us_01049
city_us_20545,county_us_55065
city_us_20546,county_us_39169
city_us_20547,county_us_24043
city_us_20548,county_us_06107
city_us_20549,county_us_26047
city_us_20550,county_us_47009
city_us_20551,county_us_35061
city_us_20552,county_us_06009
city_us_20553,county_us_45089
city_us_20554,county_us_29189
city_us_20555,county_us_19083
city_us_20556,county_us_51181
city_us_20557,county_us_31077
city_us_20558,county_us_18033
city_us_20559,county_us_19185
city_us_20560,county_us_19187
city_us_20561,county_us_05055
city_us_20562,county_us_06103
city_us_20563,county_us_48263
city_us_20564,county_us_42011
city_us_20565,county_us_39009
city_us_20566,county_us_12113
city_us_20567,county_us_40023
city_us_20568,county_us_48497
city_us_20569,county_us_01027
city_us_20570,county_us_01003
city_us_20571,county_us_28121
city_us_20572,county_us_27111
city_us_20573,county_us_53037
city_us_20574,county_us_06115
city_us_20575,county_us_46135
city_us_20576,county_us_18091
city_us_20577,county_us_40061
city_us_20578,county_us_42035
city_us_20579,county_us_29143
city_us_20580,county_us_18059
city_us_20581,county_us_37163
city_us_20582,county_us_55043
city_us_20583,county_us_17119
city_us_20584,county_us_37117
city_us_20585,county_us_42125
city_us_20586,county_us_37021
city_us_20587,county_us_35049
city_us_20588,county_us_45035
city_us_20589,county_us_47113
city_us_20590,county_us_47061
city_us_20591,county_us_19045
city_us_20592,county_us_48213
city_us_20593,county_us_06097
city_us_20594,county_us_12051
city_us_20595,county_us_26067
city_us_20596,county_us_31089
city_us_20597,county_us_02105
city_us_20598,county_us_27053
city_us_20599,county_us_21221
city_us_20600,county_us_45089
city_us_20601,county_us_19125
city_us_20602,county_us_40065
city_us_20603,county_us_26155
city_us_20604,county_us_09190
city_us_20605,county_us_55077
city_us_20606,county_us_29183
city_us_20607,county_us_39163
city_us_20608,county_us_06063
city_us_20609,county_us_46099
city_us_20610,county_us_02060
city_us_20611,county_us_28093
city_us_20612,county_us_45025
city_us_20613,county_us_38035
city_us_20614,county_us_34029
city_us_20615,county_us_46105
city_us_20616,county_us_19001
city_us_20617,county_us_04001
city_us_20618,county_us_20041
city_us_20619,county_us_53075
city_us_20620,county_us_48221
city_us_20621,county_us_17161
city_us_20622,county_us_48507
city_us_20623,county_us_06029
city_us_20624,county_us_39081
city_us_20625,county_us_28073
city_us_20626,county_us_50027
city_us_20627,county_us_31053
city_us_20628,county_us_20053
city_us_20629,county_us_47077
city_us_20630,county_us_17109
city_us_20631,county_us_46109
city_us_20632,county_us_19031
city_us_20633,county_us_38035
city_us_20634,county_us_49039
city_us_20635,county_us_39023
city_us_20636,county_us_17011
city_us_20637,county_us_41001
city_us_20638,county_us_45031
city_us_20639,county_us_13205
city_us_20640,county_us_28087
city_us_20641,county_us_55123
city_us_20642,county_us_48183
city_us_20643,county_us_55141
city_us_20644,county_us_39143
city_us_20645,county_us_05057
city_us_20646,county_us_02050
city_us_20647,county_us_17161
city_us_20648,county_us_26131
city_us_20649,county_us_05141
city_us_20650,county_us_39103
city_us_20651,county_us_35055
city_us_20652,county_us_40013
city_us_20653,county_us_56011
city_us_20654,county_us_48349
city_us_20655,county_us_54045
city_us_20656,county_us_06103
city_us_20657,county_us_29097
city_us_20658,county_us_39039
city_us_20659,county_us_28023
city_us_20660,county_us_27169
city_us_20661,county_us_28125
city_us_20662,county_us_42083
city_us_20663,county_us_39157
city_us_20664,county_us_21149
city_us_20665,county_us_55137
city_us_20666,county_us_42065
city_us_20667,county_us_49055
city_us_20668,county_us_36051
city_us_20669,county_us_51125
city_us_20670,county_us_36097
city_us_20671,county_us_54045
city_us_20672,county_us_26115
city_us_20673,county_us_35045
city_us_20674,county_us_20193
city_us_20675,county_us_35049
city_us_20676,county_us_15001
city_us_20677,county_us_40047
city_us_20678,county_us_18011
city_us_20679,county_us_19061
city_us_20680,county_us_29081
city_us_20681,county_us_37127
city_us_20682,county_us_40051
city_us_20683,county_us_27149
city_us_20684,county_us_54039
city_us_20685,county_us_31025
city_us_20686,county_us_08099
city_us_20687,county_us_54039
city_us_20688,county_us_34025
city_us_20689,county_us_35001
city_us_20690,county_us_24043
city_us_20691,county_us_55011
city_us_20692,county_us_46037
city_us_20693,county_us_05099
city_us_20694,county_us_45091
city_us_20695,county_us_47035
city_us_20696,county_us_20089
city_us_20697,county_us_39127
city_us_20698,county_us_39009
city_us_20699,county_us_46013
city_us_20700,county_us_54007
city_us_20701,county_us_35061
city_us_20702,county_us_27065
city_us_20703,county_us_19105
city_us_20704,county_us_19047
city_us_20705,county_us_17189
city_us_20706,county_us_40063
city_us_20707,county_us_06107
city_us_20708,county_us_54027
city_us_20709,county_us_24023
city_us_20710,county_us_17115
city_us_20711,county_us_48441
city_us_20712,county_us_29181
city_us_20713,county_us_34035
city_us_20714,county_us_13221
city_us_20715,county_us_40001
city_us_20716,county_us_37141
city_us_20717,county_us_17041
city_us_20718,county_us_36027
city_us_20719,county_us_01037
city_us_20720,county_us_42111
city_us_20721,county_us_48291
city_us_20722,county_us_24039
city_us_20723,county_us_04001
city_us_20724,county_us_27005
city_us_20725,county_us_27137
city_us_20726,county_us_08013
city_us_20727,county_us_21071
city_us_20728,county_us_54097
city_us_20729,county_us_55049
city_us_20730,county_us_30009
city_us_20731,county_us_13263
city_us_20732,county_us_05093
city_us_20733,county_us_37027
city_us_20734,county_us_31129
city_us_20735,county_us_31063
city_us_20736,county_us_55117
city_us_20737,county_us_01049
city_us_20738,county_us_42111
city_us_20739,county_us_40113
city_us_20740,county_us_49019
city_us_20741,county_us_37167
city_us_20742,county_us_16015
city_us_20743,county_us_06051
city_us_20744,county_us_55073
city_us_20745,county_us_53047
city_us_20746,county_us_19045
city_us_20747,county_us_17163
city_us_20748,county_us_41039
city_us_20749,county_us_20169
city_us_20750,county_us_28113
city_us_20751,county_us_29203
city_us_20752,county_us_19077
city_us_20753,county_us_19045
city_us_20754,county_us_48453
city_us_20755,county_us_17003
city_us_20756,county_us_06041
city_us_20757,county_us_04007
city_us_20758,county_us_42051
city_us_20759,county_us_18107
city_us_20760,county_us_46073
city_us_20761,county_us_18037
city_us_20762,county_us_26067
city_us_20763,county_us_42035
city_us_20764,county_us_31047
city_us_20765,county_us_13251
city_us_20766,county_us_53045
city_us_20767,county_us_31019
city_us_20768,county_us_37195
city_us_20769,county_us_54019
city_us_20770,county_us_39091
city_us_20771,county_us_18093
city_us_20772,county_us_24019
city_us_20773,county_us_42033
city_us_20774,county_us_13195
city_us_20775,county_us_51001
city_us_20776,county_us_46085
city_us_20777,county_us_33003
city_us_20778,county_us_55115
city_us_20779,county_us_26073
city_us_20780,county_us_46009
city_us_20781,county_us_18047
city_us_20782,county_us_31145
city_us_20783,county_us_42129
city_us_20784,county_us_48225
city_us_20785,county_us_42129
city_us_20786,county_us_18183
city_us_20787,county_us_37151
city_us_20788,county_us_39137
city_us_20789,county_us_24021
city_us_20790,county_us_35039
city_us_20791,county_us_17197
city_us_20792,county_us_18169
city_us_20793,county_us_08101
city_us_20794,county_us_17111
city_us_20795,county_us_05053
city_us_20796,county_us_27105
city_us_20797,county_us_42037
city_us_20798,county_us_46003
city_us_20799,county_us_39049
city_us_20800,county_us_05015
city_us_20801,county_us_39091
city_us_20802,county_us_42047
city_us_20803,county_us_13321
city_us_20804,county_us_06029
city_us_20805,county_us_48129
city_us_20806,county_us_42107
city_us_20807,county_us_42047
city_us_20808,county_us_36049
city_us_20809,county_us_19165
city_us_20810,county_us_19059
city_us_20811,county_us_48065
city_us_20812,county_us_39079
city_us_20813,county_us_13195
city_us_20814,county_us_13033
city_us_20815,county_us_42061
city_us_20816,county_us_19097
city_us_20817,county_us_18139
city_us_20818,county_us_17081
city_us_20819,county_us_29061
city_us_20820,county_us_35043
city_us_20821,county_us_54047
city_us_20822,county_us_36053
city_us_20823,county_us_05081
city_us_20824,county_us_18121
city_us_20825,county_us_46087
city_us_20826,county_us_48217
city_us_20827,county_us_39125
city_us_20828,county_us_17187
city_us_20829,county_us_05013
city_us_20830,county_us_09190
city_us_20831,county_us_18083
city_us_20832,county_us_35023
city_us_20833,county_us_48409
city_us_20834,county_us_29027
city_us_20835,county_us_17001
city_us_20836,county_us_47139
city_us_20837,county_us_06063
city_us_20838,county_us_19169
city_us_20839,county_us_17099
city_us_20840,county_us_41029
city_us_20841,county_us_39059
city_us_20842,county_us_41047
city_us_20843,county_us_06063
city_us_20844,county_us_05139
city_us_20845,county_us_30043
city_us_20846,county_us_40021
city_us_20847,county_us_41039
city_us_20848,county_us_47109
city_us_20849,county_us_05009
city_us_20850,county_us_17029
city_us_20851,county_us_19129
city_us_20852,county_us_55123
city_us_20853,county_us_54045
city_us_20854,county_us_19061
city_us_20855,county_us_29151
city_us_20856,county_us_10001
city_us_20857,county_us_20159
city_us_20858,county_us_40045
city_us_20859,county_us_49027
city_us_20860,county_us_20141
city_us_20861,county_us_26151
city_us_20862,county_us_36025
city_us_20863,county_us_39089
city_us_20864,county_us_40089
city_us_20865,county_us_18005
city_us_20866,county_us_54047
city_us_20867,county_us_27125
city_us_20868,county_us_48071
city_us_20869,county_us_55083
city_us_20870,county_us_06007
city_us_20871,county_us_27041
city_us_20872,county_us_46123
city_us_20873,county_us_48217
city_us_20874,county_us_29107
city_us_20875,county_us_27051
city_us_20876,county_us_20137
city_us_20877,county_us_42087
city_us_20878,county_us_29145
city_us_20879,county_us_51001
city_us_20880,county_us_42037
city_us_20881,county_us_23009
city_us_20882,county_us_39113
city_us_20883,county_us_29217
city_us_20884,county_us_27023
city_us_20885,county_us_37013
city_us_20886,county_us_17163
city_us_20887,county_us_13175
city_us_20888,county_us_42033
city_us_20889,county_us_19097
city_us_20890,county_us_26063
city_us_20891,county_us_17113
city_us_20892,county_us_28015
city_us_20893,county_us_39173
city_us_20894,county_us_01099
city_us_20895,county_us_09150
city_us_20896,county_us_48227
city_us_20897,county_us_17183
city_us_20898,county_us_55103
city_us_20899,county_us_17167
city_us_20900,county_us_05103
city_us_20901,county_us_51005
city_us_20902,county_us_01037
city_us_20903,county_us_50027
city_us_20904,county_us_41049
city_us_20905,county_us_26075
city_us_20906,county_us_31185
city_us_20907,county_us_48093
city_us_20908,county_us_39023
city_us_20909,county_us_39141
city_us_20910,county_us_42125
city_us_20911,county_us_36027
city_us_20912,county_us_17055
city_us_20913,county_us_38097
city_us_20914,county_us_45075
city_us_20915,county_us_17165
city_us_20916,county_us_16053
city_us_20917,county_us_47071
city_us_20918,county_us_19071
city_us_20919,county_us_48295
city_us_20920,county_us_13133
city_us_20921,county_us_01057
city_us_20922,county_us_32005
city_us_20923,county_us_08093
city_us_20924,county_us_18169
city_us_20925,county_us_18151
city_us_20926,county_us_04007
city_us_20927,county_us_19187
city_us_20928,county_us_42107
city_us_20929,county_us_42009
city_us_20930,county_us_40131
city_us_20931,county_us_28071
city_us_20932,county_us_27087
city_us_20933,county_us_50015
city_us_20934,county_us_41059
city_us_20935,county_us_40037
city_us_20936,county_us_19043
city_us_20937,county_us_31157
city_us_20938,county_us_48217
city_us_20939,county_us_53047
city_us_20940,county_us_46065
city_us_20941,county_us_48089
city_us_20942,county_us_41039
city_us_20943,county_us_49045
city_us_20944,county_us_40113
city_us_20945,county_us_04005
city_us_20946,county_us_29221
city_us_20947,county_us_28033
city_us_20948,county_us_05005
city_us_20949,county_us_40121
city_us_20950,county_us_40101
city_us_20951,county_us_10005
city_us_20952,county_us_46125
city_us_20953,county_us_17011
city_us_20954,county_us_05035
city_us_20955,county_us_06051
city_us_20956,county_us_08059
city_us_20957,county_us_27137
city_us_20958,county_us_31113
city_us_20959,county_us_56021
city_us_20960,county_us_42133
city_us_20961,county_us_35006
city_us_20962,county_us_26089
city_us_20963,county_us_15009
city_us_20964,county_us_06007
city_us_20965,county_us_29053
city_us_20966,county_us_06077
city_us_20967,county_us_40047
city_us_20968,county_us_42071
city_us_20969,county_us_26101
city_us_20970,county_us_16069
city_us_20971,county_us_39111
city_us_20972,county_us_30101
city_us_20973,county_us_42087
city_us_20974,county_us_18151
city_us_20975,county_us_48447
city_us_20976,county_us_42009
city_us_20977,county_us_35006
city_us_20978,county_us_40049
city_us_20979,county_us_04027
city_us_20980,county_us_17087
city_us_20981,county_us_24023
city_us_20982,county_us_40129
city_us_20983,county_us_48409
city_us_20984,county_us_18105
city_us_20985,county_us_35019
city_us_20986,county_us_29009
city_us_20987,county_us_37045
city_us_20988,county_us_18133
city_us_20989,county_us_22123
city_us_20990,county_us_35031
city_us_20991,county_us_42129
city_us_20992,county_us_38067
city_us_20993,county_us_19091
city_us_20994,county_us_34011
city_us_20995,county_us_22091
city_us_20996,county_us_12113
city_us_20997,county_us_55137
city_us_20998,county_us_42021
city_us_20999,county_us_26165
city_us_21000,county_us_54081
city_us_21001,county_us_50003
city_us_21002,county_us_35013
city_us_21003,county_us_22119
city_us_21004,county_us_19029
city_us_21005,county_us_40001
city_us_21006,county_us_42009
city_us_21007,county_us_40135
city_us_21008,county_us_40135
city_us_21009,county_us_17107
city_us_21010,county_us_31043
city_us_21011,county_us_36109
city_us_21012,county_us_22047
city_us_21013,county_us_27045
city_us_21014,county_us_29209
city_us_21015,county_us_19085
city_us_21016,county_us_18095
city_us_21017,county_us_26027
city_us_21018,county_us_10003
city_us_21019,county_us_01059
city_us_21020,county_us_51005
city_us_21021,county_us_21111
city_us_21022,county_us_22115
city_us_21023,county_us_34005
city_us_21024,county_us_18107
city_us_21025,county_us_16081
city_us_21026,county_us_29137
city_us_21027,county_us_12113
city_us_21028,county_us_24019
city_us_21029,county_us_02050
city_us_21030,county_us_21111
city_us_21031,county_us_48049
city_us_21032,county_us_45075
city_us_21033,county_us_06051
city_us_21034,county_us_16035
city_us_21035,county_us_34019
city_us_21036,county_us_36041
city_us_21037,county_us_19153
city_us_21038,county_us_29025
city_us_21039,county_us_40029
city_us_21040,county_us_41035
city_us_21041,county_us_39125
city_us_21042,county_us_36045
city_us_21043,county_us_26129
city_us_21044,county_us_42107
city_us_21045,county_us_42051
city_us_21046,county_us_20037
city_us_21047,county_us_55081
city_us_21048,county_us_29011
city_us_21049,county_us_46027
city_us_21050,county_us_04019
city_us_21051,county_us_05059
city_us_21052,county_us_29157
city_us_21053,county_us_42019
city_us_21054,county_us_13209
city_us_21055,county_us_30041
city_us_21056,county_us_29151
city_us_21057,county_us_39149
city_us_21058,county_us_53075
city_us_21059,county_us_01023
city_us_21060,county_us_36011
city_us_21061,county_us_42033
city_us_21062,county_us_51155
city_us_21063,county_us_39111
city_us_21064,county_us_04017
city_us_21065,county_us_42129
city_us_21066,county_us_48317
city_us_21067,county_us_42041
city_us_21068,county_us_40001
city_us_21069,county_us_56007
city_us_21070,county_us_17111
city_us_21071,county_us_53057
city_us_21072,county_us_29047
city_us_21073,county_us_36027
city_us_21074,county_us_42129
city_us_21075,county_us_42117
city_us_21076,county_us_39161
city_us_21077,county_us_54033
city_us_21078,county_us_27047
city_us_21079,county_us_08041
city_us_21080,county_us_54057
city_us_21081,county_us_17179
city_us_21082,county_us_37147
city_us_21083,county_us_47109
city_us_21084,county_us_30041
city_us_21085,county_us_32021
city_us_21086,county_us_55027
city_us_21087,county_us_29083
city_us_21088,county_us_17057
city_us_21089,county_us_46103
city_us_21090,county_us_47109
city_us_21091,county_us_47109
city_us_21092,county_us_26107
city_us_21093,county_us_36025
city_us_21094,county_us_20087
city_us_21095,county_us_39097
city_us_21096,county_us_21041
city_us_21097,county_us_21111
city_us_21098,county_us_51169
city_us_21099,county_us_45027
city_us_21100,county_us_04021
city_us_21101,county_us_05043
city_us_21102,county_us_31121
city_us_21103,county_us_37117
city_us_21104,county_us_31089
city_us_21105,county_us_21111
city_us_21106,county_us_37091
city_us_21107,county_us_29081
city_us_21108,county_us_27015
city_us_21109,county_us_29041
city_us_21110,county_us_29147
city_us_21111,county_us_42095
city_us_21112,county_us_41059
city_us_21113,county_us_33003
city_us_21114,county_us_31051
city_us_21115,county_us_26155
city_us_21116,county_us_39043
city_us_21117,county_us_39089
city_us_21118,county_us_42033
city_us_21119,county_us_45073
city_us_21120,county_us_20111
city_us_21121,county_us_19057
city_us_21122,county_us_27119
city_us_21123,county_us_54019
city_us_21124,county_us_51113
city_us_21125,county_us_06041
city_us_21126,county_us_48321
city_us_21127,county_us_21177
city_us_21128,county_us_42061
city_us_21129,county_us_08007
city_us_21130,county_us_02060
city_us_21131,county_us_30035
city_us_21132,county_us_06063
city_us_21133,county_us_39109
city_us_21134,county_us_31185
city_us_21135,county_us_04005
city_us_21136,county_us_19041
city_us_21137,county_us_51125
city_us_21138,county_us_26033
city_us_21139,county_us_30041
city_us_21140,county_us_39045
city_us_21141,county_us_26013
city_us_21142,county_us_08033
city_us_21143,county_us_47055
city_us_21144,county_us_22007
city_us_21145,county_us_19153
city_us_21146,county_us_31003
city_us_21147,county_us_28161
city_us_21148,county_us_37041
city_us_21149,county_us_18139
city_us_21150,county_us_13025
city_us_21151,county_us_36089
city_us_21152,county_us_42123
city_us_21153,county_us_49053
city_us_21154,county_us_17181
city_us_21155,county_us_28027
city_us_21156,county_us_42063
city_us_21157,county_us_39175
city_us_21158,county_us_42039
city_us_21159,county_us_42081
city_us_21160,county_us_13145
city_us_21161,county_us_22115
city_us_21162,county_us_06093
city_us_21163,county_us_39109
city_us_21164,county_us_13003
city_us_21165,county_us_40079
city_us_21166,county_us_19017
city_us_21167,county_us_54039
city_us_21168,county_us_08013
city_us_21169,county_us_41063
city_us_21170,county_us_39063
city_us_21171,county_us_13077
city_us_21172,county_us_47041
city_us_21173,county_us_02158
city_us_21174,county_us_17057
city_us_21175,county_us_29129
city_us_21176,county_us_42029
city_us_21177,county_us_30111
city_us_21178,county_us_20029
city_us_21179,county_us_17111
city_us_21180,county_us_31131
city_us_21181,county_us_39065
city_us_21182,county_us_15001
city_us_21183,county_us_42095
city_us_21184,county_us_48219
city_us_21185,county_us_23019
city_us_21186,county_us_31077
city_us_21187,county_us_56007
city_us_21188,county_us_42037
city_us_21189,county_us_55005
city_us_21190,county_us_55071
city_us_21191,county_us_08043
city_us_21192,county_us_19153
city_us_21193,county_us_54103
city_us_21194,county_us_06115
city_us_21195,county_us_12071
city_us_21196,county_us_05097
city_us_21197,county_us_24035
city_us_21198,county_us_48391
city_us_21199,county_us_29165
city_us_21200,county_us_38097
city_us_21201,county_us_54031
city_us_21202,county_us_42131
city_us_21203,county_us_42129
city_us_21204,county_us_18103
city_us_21205,county_us_44009
city_us_21206,county_us_17113
city_us_21207,county_us_45065
city_us_21208,county_us_20005
city_us_21209,county_us_26029
city_us_21210,county_us_42005
city_us_21211,county_us_05115
city_us_21212,county_us_08101
city_us_21213,county_us_35031
city_us_21214,county_us_42129
city_us_21215,county_us_54045
city_us_21216,county_us_05067
city_us_21217,county_us_51019
city_us_21218,county_us_28071
city_us_21219,county_us_36105
city_us_21220,county_us_53075
city_us_21221,county_us_48183
city_us_21222,county_us_01043
city_us_21223,county_us_13077
city_us_21224,county_us_06107
city_us_21225,county_us_53053
city_us_21226,county_us_31077
city_us_21227,county_us_46102
city_us_21228,county_us_05083
city_us_21229,county_us_39089
city_us_21230,county_us_55001
city_us_21231,county_us_26103
city_us_21232,county_us_18059
city_us_21233,county_us_19049
city_us_21234,county_us_13163
city_us_21235,county_us_31121
city_us_21236,county_us_27093
city_us_21237,county_us_01091
city_us_21238,county_us_18053
city_us_21239,county_us_27109
city_us_21240,county_us_40007
city_us_21241,county_us_29101
city_us_21242,county_us_02063
city_us_21243,county_us_37161
city_us_21244,county_us_29085
city_us_21245,county_us_18021
city_us_21246,county_us_19037
city_us_21247,county_us_29019
city_us_21248,county_us_06053
city_us_21249,county_us_26021
city_us_21250,county_us_13293
city_us_21251,county_us_18065
city_us_21252,county_us_42067
city_us_21253,county_us_10005
city_us_21254,county_us_21011
city_us_21255,county_us_28011
city_us_21256,county_us_55019
city_us_21257,county_us_27173
city_us_21258,county_us_21111
city_us_21259,county_us_38035
city_us_21260,county_us_48465
city_us_21261,county_us_17057
city_us_21262,county_us_45047
city_us_21263,county_us_53057
city_us_21264,county_us_29155
city_us_21265,county_us_28099
city_us_21266,county_us_16083
city_us_21267,county_us_49035
city_us_21268,county_us_47025
city_us_21269,county_us_06101
city_us_21270,county_us_19077
city_us_21271,county_us_31035
city_us_21272,county_us_40107
city_us_21273,county_us_29081
city_us_21274,county_us_49025
city_us_21275,county_us_20165
city_us_21276,county_us_04009
city_us_21277,county_us_17161
city_us_21278,county_us_17107
city_us_21279,county_us_37037
city_us_21280,county_us_54019
city_us_21281,county_us_16031
city_us_21282,county_us_42091
city_us_21283,county_us_06063
city_us_21284,county_us_05139
city_us_21285,county_us_51003
city_us_21286,county_us_37077
city_us_21287,county_us_45001
city_us_21288,county_us_31059
city_us_21289,county_us_06027
city_us_21290,county_us_28087
city_us_21291,county_us_20021
city_us_21292,county_us_42039
city_us_21293,county_us_17131
city_us_21294,county_us_55043
city_us_21295,county_us_28119
city_us_21296,county_us_19033
city_us_21297,county_us_39117
city_us_21298,county_us_22039
city_us_21299,county_us_39073
city_us_21300,county_us_54019
city_us_21301,county_us_04005
city_us_21302,county_us_39167
city_us_21303,county_us_13037
city_us_21304,county_us_30041
city_us_21305,county_us_47069
city_us_21306,county_us_48367
city_us_21307,county_us_42097
city_us_21308,county_us_51021
city_us_21309,county_us_31083
city_us_21310,county_us_49015
city_us_21311,county_us_55091
city_us_21312,county_us_29007
city_us_21313,county_us_40139
city_us_21314,county_us_42121
city_us_21315,county_us_13211
city_us_21316,county_us_17173
city_us_21317,county_us_29189
city_us_21318,county_us_55045
city_us_21319,county_us_42079
city_us_21320,county_us_30011
city_us_21321,county_us_31121
city_us_21322,county_us_06007
city_us_21323,county_us_40133
city_us_21324,county_us_39023
city_us_21325,county_us_48351
city_us_21326,county_us_48307
city_us_21327,county_us_17071
city_us_21328,county_us_19077
city_us_21329,county_us_19157
city_us_21330,county_us_18105
city_us_21331,county_us_48257
city_us_21332,county_us_31095
city_us_21333,county_us_54013
city_us_21334,county_us_31137
city_us_21335,county_us_17049
city_us_21336,county_us_20125
city_us_21337,county_us_13109
city_us_21338,county_us_49039
city_us_21339,county_us_17081
city_us_21340,county_us_26029
city_us_21341,county_us_06041
city_us_21342,county_us_39003
city_us_21343,county_us_19173
city_us_21344,county_us_06079
city_us_21345,county_us_45075
city_us_21346,county_us_40041
city_us_21347,county_us_27129
city_us_21348,county_us_13111
city_us_21349,county_us_27015
city_us_21350,county_us_12053
city_us_21351,county_us_53033
city_us_21352,county_us_37055
city_us_21353,county_us_42025
city_us_21354,county_us_48219
city_us_21355,county_us_37017
city_us_21356,county_us_16035
city_us_21357,county_us_38011
city_us_21358,county_us_46085
city_us_21359,county_us_13091
city_us_21360,county_us_28007
city_us_21361,county_us_36045
city_us_21362,county_us_13223
city_us_21363,county_us_29177
city_us_21364,county_us_29071
city_us_21365,county_us_28111
city_us_21366,county_us_17039
city_us_21367,county_us_42061
city_us_21368,county_us_38005
city_us_21369,county_us_21059
city_us_21370,county_us_17157
city_us_21371,county_us_54053
city_us_21372,county_us_35003
city_us_21373,county_us_46057
city_us_21374,county_us_06071
city_us_21375,county_us_06045
city_us_21376,county_us_48349
city_us_21377,county_us_21235
city_us_21378,county_us_22101
city_us_21379,county_us_17009
city_us_21380,county_us_56023
city_us_21381,county_us_48479
city_us_21382,county_us_55053
city_us_21383,county_us_48077
city_us_21384,county_us_37147
city_us_21385,county_us_04015
city_us_21386,county_us_39173
city_us_21387,county_us_19055
city_us_21388,county_us_51193
city_us_21389,county_us_42085
city_us_21390,county_us_29097
city_us_21391,county_us_18125
city_us_21392,county_us_27115
city_us_21393,county_us_06101
city_us_21394,county_us_21195
city_us_21395,county_us_20205
city_us_21396,county_us_40117
city_us_21397,county_us_28041
city_us_21398,county_us_19183
city_us_21399,county_us_20101
city_us_21400,county_us_41007
city_us_21401,county_us_48305
city_us_21402,county_us_18065
city_us_21403,county_us_27043
city_us_21404,county_us_28135
city_us_21405,county_us_26021
city_us_21406,county_us_34033
city_us_21407,county_us_54045
city_us_21408,county_us_25001
city_us_21409,county_us_06015
city_us_21410,county_us_27017
city_us_21411,county_us_27017
city_us_21412,county_us_19163
city_us_21413,county_us_26079
city_us_21414,county_us_42125
city_us_21415,county_us_31023
city_us_21416,county_us_42119
city_us_21417,county_us_36013
city_us_21418,county_us_21087
city_us_21419,county_us_29207
city_us_21420,county_us_36121
city_us_21421,county_us_39141
city_us_21422,county_us_13297
city_us_21423,county_us_40033
city_us_21424,county_us_08021
city_us_21425,county_us_42079
city_us_21426,county_us_51025
city_us_21427,county_us_18169
city_us_21428,county_us_55135
city_us_21429,county_us_19089
city_us_21430,county_us_37093
city_us_21431,county_us_15003
city_us_21432,county_us_41055
city_us_21433,county_us_39101
city_us_21434,county_us_05015
city_us_21435,county_us_30105
city_us_21436,county_us_06051
city_us_21437,county_us_48053
city_us_21438,county_us_19111
city_us_21439,county_us_46109
city_us_21440,county_us_48015
city_us_21441,county_us_46045
city_us_21442,county_us_41043
city_us_21443,county_us_19115
city_us_21444,county_us_31041
city_us_21445,county_us_48249
city_us_21446,county_us_21111
city_us_21447,county_us_42125
city_us_21448,county_us_51077
city_us_21449,county_us_29189
city_us_21450,county_us_28009
city_us_21451,county_us_26109
city_us_21452,county_us_37137
city_us_21453,county_us_53057
city_us_21454,county_us_30043
city_us_21455,county_us_47161
city_us_21456,county_us_40013
city_us_21457,county_us_40075
city_us_21458,county_us_24029
city_us_21459,county_us_53043
city_us_21460,county_us_27021
city_us_21461,county_us_55053
city_us_21462,county_us_27057
city_us_21463,county_us_42129
city_us_21464,county_us_12099
city_us_21465,county_us_39101
city_us_21466,county_us_04025
city_us_21467,county_us_20197
city_us_21468,county_us_42125
city_us_21469,county_us_39061
city_us_21470,county_us_51171
city_us_21471,county_us_19187
city_us_21472,county_us_20107
city_us_21473,county_us_04013
city_us_21474,county_us_27013
city_us_21475,county_us_42033
city_us_21476,county_us_36059
city_us_21477,county_us_27017
city_us_21478,county_us_55093
city_us_21479,county_us_31015
city_us_21480,county_us_20139
city_us_21481,county_us_35055
city_us_21482,county_us_49031
city_us_21483,county_us_35045
city_us_21484,county_us_08019
city_us_21485,county_us_55003
city_us_21486,county_us_20103
city_us_21487,county_us_21111
city_us_21488,county_us_02130
city_us_21489,county_us_26067
city_us_21490,county_us_19181
city_us_21491,county_us_05069
city_us_21492,county_us_26081
city_us_21493,county_us_42061
city_us_21494,county_us_35043
city_us_21495,county_us_35049
city_us_21496,county_us_05141
city_us_21497,county_us_26087
city_us_21498,county_us_42059
city_us_21499,county_us_17123
city_us_21500,county_us_20145
city_us_21501,county_us_51169
city_us_21502,county_us_05135
city_us_21503,county_us_31177
city_us_21504,county_us_12105
city_us_21505,county_us_06045
city_us_21506,county_us_35057
city_us_21507,county_us_46025
city_us_21508,county_us_24035
city_us_21509,county_us_38009
city_us_21510,county_us_40017
city_us_21511,county_us_48149
city_us_21512,county_us_40093
city_us_21513,county_us_46033
city_us_21514,county_us_48061
city_us_21515,county_us_36111
city_us_21516,county_us_55139
city_us_21517,county_us_35049
city_us_21518,county_us_06025
city_us_21519,county_us_41027
city_us_21520,county_us_30079
city_us_21521,county_us_06047
city_us_21522,county_us_13257
city_us_21523,county_us_27101
city_us_21524,county_us_06073
city_us_21525,county_us_47033
city_us_21526,county_us_21155
city_us_21527,county_us_19175
city_us_21528,county_us_50027
city_us_21529,county_us_45025
city_us_21530,county_us_39003
city_us_21531,county_us_42097
city_us_21532,county_us_27127
city_us_21533,county_us_05049
city_us_21534,county_us_48401
city_us_21535,county_us_10005
city_us_21536,county_us_24001
city_us_21537,county_us_46089
city_us_21538,county_us_17103
city_us_21539,county_us_18181
city_us_21540,county_us_20013
city_us_21541,county_us_48073
city_us_21542,county_us_42021
city_us_21543,county_us_20003
city_us_21544,county_us_48321
city_us_21545,county_us_42107
city_us_21546,county_us_41059
city_us_21547,county_us_31141
city_us_21548,county_us_13293
city_us_21549,county_us_39089
city_us_21550,county_us_39147
city_us_21551,county_us_37045
city_us_21552,county_us_18179
city_us_21553,county_us_35055
city_us_21554,county_us_51059
city_us_21555,county_us_29083
city_us_21556,county_us_19079
city_us_21557,county_us_19059
city_us_21558,county_us_39123
city_us_21559,county_us_55047
city_us_21560,county_us_20167
city_us_21561,county_us_06011
city_us_21562,county_us_47147
city_us_21563,county_us_35006
city_us_21564,county_us_49003
city_us_21565,county_us_53057
city_us_21566,county_us_18021
city_us_21567,county_us_04017
city_us_21568,county_us_24039
city_us_21569,county_us_47159
city_us_21570,county_us_49053
city_us_21571,county_us_39123
city_us_21572,county_us_29165
city_us_21573,county_us_20011
city_us_21574,county_us_21205
city_us_21575,county_us_26133
city_us_21576,county_us_41065
city_us_21577,county_us_40079
city_us_21578,county_us_56015
city_us_21579,county_us_17085
city_us_21580,county_us_29095
city_us_21581,county_us_01069
city_us_21582,county_us_39027
city_us_21583,county_us_42051
city_us_21584,county_us_30047
city_us_21585,county_us_13015
city_us_21586,county_us_42005
city_us_21587,county_us_47041
city_us_21588,county_us_49039
city_us_21589,county_us_17149
city_us_21590,county_us_26127
city_us_21591,county_us_24043
city_us_21592,county_us_47015
city_us_21593,county_us_13305
city_us_21594,county_us_19139
city_us_21595,county_us_06079
city_us_21596,county_us_13209
city_us_21597,county_us_39135
city_us_21598,county_us_06011
city_us_21599,county_us_19109
city_us_21600,county_us_41015
city_us_21601,county_us_38017
city_us_21602,county_us_28103
city_us_21603,county_us_46125
city_us_21604,county_us_35045
city_us_21605,county_us_42107
city_us_21606,county_us_45023
city_us_21607,county_us_18145
city_us_21608,county_us_39045
city_us_21609,county_us_39119
city_us_21610,county_us_36105
city_us_21611,county_us_51051
city_us_21612,county_us_22011
city_us_21613,county_us_18071
city_us_21614,county_us_04019
city_us_21615,county_us_27061
city_us_21616,county_us_31087
city_us_21617,county_us_46109
city_us_21618,county_us_19019
city_us_21619,county_us_17161
city_us_21620,county_us_53053
city_us_21621,county_us_02050
city_us_21622,county_us_24043
city_us_21623,county_us_31159
city_us_21624,county_us_39059
city_us_21625,county_us_31033
city_us_21626,county_us_21225
city_us_21627,county_us_22085
city_us_21628,county_us_19051
city_us_21629,county_us_39037
city_us_21630,county_us_36059
city_us_21631,county_us_48045
city_us_21632,county_us_42055
city_us_21633,county_us_27069
city_us_21634,county_us_27051
city_us_21635,county_us_45085
city_us_21636,county_us_56007
city_us_21637,county_us_40135
city_us_21638,county_us_13025
city_us_21639,county_us_35043
city_us_21640,county_us_26157
city_us_21641,county_us_49017
city_us_21642,county_us_41059
city_us_21643,county_us_22069
city_us_21644,county_us_29083
city_us_21645,county_us_39013
city_us_21646,county_us_37047
city_us_21647,county_us_26089
city_us_21648,county_us_27007
city_us_21649,county_us_40125
city_us_21650,county_us_48225
city_us_21651,county_us_06029
city_us_21652,county_us_19163
city_us_21653,county_us_39019
city_us_21654,county_us_51167
city_us_21655,county_us_55107
city_us_21656,county_us_28011
city_us_21657,county_us_48485
city_us_21658,county_us_54001
city_us_21659,county_us_54045
city_us_21660,county_us_42107
city_us_21661,county_us_48257
city_us_21662,county_us_56015
city_us_21663,county_us_47029
city_us_21664,county_us_42067
city_us_21665,county_us_05125
city_us_21666,county_us_24045
city_us_21667,county_us_27047
city_us_21668,county_us_53025
city_us_21669,county_us_48427
city_us_21670,county_us_42079
city_us_21671,county_us_51015
city_us_21672,county_us_42061
city_us_21673,county_us_42061
city_us_21674,county_us_17055
city_us_21675,county_us_26009
city_us_21676,county_us_08035
city_us_21677,county_us_01035
city_us_21678,county_us_54077
city_us_21679,county_us_19191
city_us_21680,county_us_17135
city_us_21681,county_us_20099
city_us_21682,county_us_48245
city_us_21683,county_us_17001
city_us_21684,county_us_18105
city_us_21685,county_us_17085
city_us_21686,county_us_27127
city_us_21687,county_us_28031
city_us_21688,county_us_05143
city_us_21689,county_us_51183
city_us_21690,county_us_10005
city_us_21691,county_us_39013
city_us_21692,county_us_42011
city_us_21693,county_us_36111
city_us_21694,county_us_18005
city_us_21695,county_us_06009
city_us_21696,county_us_51155
city_us_21697,county_us_13075
city_us_21698,county_us_02016
city_us_21699,county_us_35031
city_us_21700,county_us_18099
city_us_21701,county_us_48497
city_us_21702,county_us_05029
city_us_21703,county_us_18085
city_us_21704,county_us_29047
city_us_21705,county_us_21115
city_us_21706,county_us_06081
city_us_21707,county_us_08085
city_us_21708,county_us_30049
city_us_21709,county_us_17109
city_us_21710,county_us_54045
city_us_21711,county_us_34033
city_us_21712,county_us_40021
city_us_21713,county_us_29013
city_us_21714,county_us_40135
city_us_21715,county_us_32031
city_us_21716,county_us_55063
city_us_21717,county_us_39133
city_us_21718,county_us_48035
city_us_21719,county_us_19019
city_us_21720,county_us_55019
city_us_21721,county_us_08113
city_us_21722,county_us_36051
city_us_21723,county_us_17141
city_us_21724,county_us_48409
city_us_21725,county_us_16029
city_us_21726,county_us_26101
city_us_21727,county_us_01057
city_us_21728,county_us_19099
city_us_21729,county_us_40001
city_us_21730,county_us_31099
city_us_21731,county_us_40065
city_us_21732,county_us_31087
city_us_21733,county_us_17075
city_us_21734,county_us_18137
city_us_21735,county_us_39009
city_us_21736,county_us_18121
city_us_21737,county_us_13303
city_us_21738,county_us_08107
city_us_21739,county_us_13273
city_us_21740,county_us_51001
city_us_21741,county_us_56001
city_us_21742,county_us_18037
city_us_21743,county_us_42011
city_us_21744,county_us_48331
city_us_21745,county_us_37195
city_us_21746,county_us_26001
city_us_21747,county_us_42107
city_us_21748,county_us_21111
city_us_21749,county_us_37007
city_us_21750,county_us_47165
city_us_21751,county_us_18071
city_us_21752,county_us_20157
city_us_21753,county_us_19139
city_us_21754,county_us_21095
city_us_21755,county_us_35045
city_us_21756,county_us_29085
city_us_21757,county_us_37099
city_us_21758,county_us_31169
city_us_21759,county_us_34041
city_us_21760,county_us_36017
city_us_21761,county_us_36103
city_us_21762,county_us_42051
city_us_21763,county_us_26091
city_us_21764,county_us_01087
city_us_21765,county_us_35047
city_us_21766,county_us_29065
city_us_21767,county_us_05143
city_us_21768,county_us_27173
city_us_21769,county_us_31107
city_us_21770,county_us_34041
city_us_21771,county_us_40071
city_us_21772,county_us_29217
city_us_21773,county_us_29047
city_us_21774,county_us_04017
city_us_21775,county_us_42129
city_us_21776,county_us_55009
city_us_21777,county_us_06011
city_us_21778,county_us_24043
city_us_21779,county_us_17003
city_us_21780,county_us_32009
city_us_21781,county_us_29155
city_us_21782,county_us_35045
city_us_21783,county_us_17019
city_us_21784,county_us_44007
city_us_21785,county_us_46031
city_us_21786,county_us_05109
city_us_21787,county_us_18009
city_us_21788,county_us_17135
city_us_21789,county_us_51165
city_us_21790,county_us_28163
city_us_21791,county_us_40001
city_us_21792,county_us_04013
city_us_21793,county_us_48051
city_us_21794,county_us_28057
city_us_21795,county_us_27115
city_us_21796,county_us_49037
city_us_21797,county_us_20143
city_us_21798,county_us_29215
city_us_21799,county_us_53051
city_us_21800,county_us_20029
city_us_21801,county_us_22047
city_us_21802,county_us_01049
city_us_21803,county_us_54071
city_us_21804,county_us_04007
city_us_21805,county_us_42087
city_us_21806,county_us_37103
city_us_21807,county_us_22059
city_us_21808,county_us_45027
city_us_21809,county_us_17021
city_us_21810,county_us_31155
city_us_21811,county_us_05143
city_us_21812,county_us_17203
city_us_21813,county_us_50009
city_us_21814,county_us_23003
city_us_21815,county_us_17117
city_us_21816,county_us_39087
city_us_21817,county_us_42011
city_us_21818,county_us_46109
city_us_21819,county_us_04027
city_us_21820,county_us_45073
city_us_21821,county_us_55095
city_us_21822,county_us_06023
city_us_21823,county_us_26029
city_us_21824,county_us_38063
city_us_21825,county_us_53057
city_us_21826,county_us_48121
city_us_21827,county_us_55011
city_us_21828,county_us_42005
city_us_21829,county_us_06039
city_us_21830,county_us_53027
city_us_21831,county_us_06101
city_us_21832,county_us_22021
city_us_21833,county_us_35031
city_us_21834,county_us_37161
city_us_21835,county_us_54019
city_us_21836,county_us_42129
city_us_21837,county_us_50027
city_us_21838,county_us_18037
city_us_21839,county_us_28091
city_us_21840,county_us_39069
city_us_21841,county_us_40053
city_us_21842,county_us_22049
city_us_21843,county_us_20191
city_us_21844,county_us_04009
city_us_21845,county_us_53075
city_us_21846,county_us_35039
city_us_21847,county_us_53077
city_us_21848,county_us_49039
city_us_21849,county_us_21077
city_us_21850,county_us_42097
city_us_21851,county_us_17019
city_us_21852,county_us_39099
city_us_21853,county_us_55111
city_us_21854,county_us_39089
city_us_21855,county_us_55039
city_us_21856,county_us_01043
city_us_21857,county_us_48347
city_us_21858,county_us_20099
city_us_21859,county_us_19027
city_us_21860,county_us_46085
city_us_21861,county_us_49047
city_us_21862,county_us_37095
city_us_21863,county_us_55055
city_us_21864,county_us_27047
city_us_21865,county_us_26055
city_us_21866,county_us_08125
city_us_21867,county_us_13217
city_us_21868,county_us_38017
city_us_21869,county_us_19165
city_us_21870,county_us_19087
city_us_21871,county_us_17177
city_us_21872,county_us_12133
city_us_21873,county_us_17019
city_us_21874,county_us_53019
city_us_21875,county_us_54105
city_us_21876,county_us_39029
city_us_21877,county_us_24023
city_us_21878,county_us_51163
city_us_21879,county_us_18051
city_us_21880,county_us_27105
city_us_21881,county_us_36077
city_us_21882,county_us_48251
city_us_21883,county_us_05047
city_us_21884,county_us_06043
city_us_21885,county_us_42015
city_us_21886,county_us_38077
city_us_21887,county_us_31023
city_us_21888,county_us_38019
city_us_21889,county_us_42043
city_us_21890,county_us_18081
city_us_21891,county_us_37017
city_us_21892,county_us_21183
city_us_21893,county_us_42001
city_us_21894,county_us_48321
city_us_21895,county_us_01079
city_us_21896,county_us_31143
city_us_21897,county_us_46053
city_us_21898,county_us_12059
city_us_21899,county_us_17075
city_us_21900,county_us_20169
city_us_21901,county_us_05053
city_us_21902,county_us_51003
city_us_21903,county_us_28123
city_us_21904,county_us_10001
city_us_21905,county_us_53025
city_us_21906,county_us_41061
city_us_21907,county_us_53061
city_us_21908,county_us_19007
city_us_21909,county_us_49021
city_us_21910,county_us_55043
city_us_21911,county_us_37065
city_us_21912,county_us_01017
city_us_21913,county_us_40083
city_us_21914,county_us_18087
city_us_21915,county_us_37067
city_us_21916,county_us_19027
city_us_21917,county_us_05097
city_us_21918,county_us_17119
city_us_21919,county_us_53039
city_us_21920,county_us_06029
city_us_21921,county_us_20013
city_us_21922,county_us_18131
city_us_21923,county_us_34019
city_us_21924,county_us_17019
city_us_21925,county_us_19025
city_us_21926,county_us_22081
city_us_21927,county_us_20049
city_us_21928,county_us_28011
city_us_21929,county_us_55121
city_us_21930,county_us_12011
city_us_21931,county_us_42007
city_us_21932,county_us_48009
city_us_21933,county_us_51049
city_us_21934,county_us_31133
city_us_21935,county_us_45047
city_us_21936,county_us_54033
city_us_21937,county_us_29063
city_us_21938,county_us_31179
city_us_21939,county_us_54059
city_us_21940,county_us_41045
city_us_21941,county_us_39069
city_us_21942,county_us_22049
city_us_21943,county_us_48361
city_us_21944,county_us_31175
city_us_21945,county_us_17127
city_us_21946,county_us_55019
city_us_21947,county_us_54077
city_us_21948,county_us_42007
city_us_21949,county_us_40021
city_us_21950,county_us_08075
city_us_21951,county_us_48249
city_us_21952,county_us_54045
city_us_21953,county_us_18181
city_us_21954,county_us_27045
city_us_21955,county_us_45051
city_us_21956,county_us_04021
city_us_21957,county_us_29197
city_us_21958,county_us_55023
city_us_21959,county_us_09160
city_us_21960,county_us_46101
city_us_21961,county_us_26009
city_us_21962,county_us_55031
city_us_21963,county_us_13207
city_us_21964,county_us_18121
city_us_21965,county_us_34009
city_us_21966,county_us_04001
city_us_21967,county_us_36045
city_us_21968,county_us_37159
city_us_21969,county_us_19133
city_us_21970,county_us_39037
city_us_21971,county_us_29135
city_us_21972,county_us_49025
city_us_21973,county_us_05057
city_us_21974,county_us_29051
city_us_21975,county_us_22075
city_us_21976,county_us_39005
city_us_21977,county_us_17187
city_us_21978,county_us_48427
city_us_21979,county_us_13099
city_us_21980,county_us_34041
city_us_21981,county_us_17121
city_us_21982,county_us_12065
city_us_21983,county_us_48181
city_us_21984,county_us_20049
city_us_21985,county_us_27163
city_us_21986,county_us_37163
city_us_21987,county_us_22127
city_us_21988,county_us_26061
city_us_21989,county_us_42073
city_us_21990,county_us_55111
city_us_21991,county_us_30053
city_us_21992,county_us_29183
city_us_21993,county_us_48291
city_us_21994,county_us_40041
city_us_21995,county_us_16079
city_us_21996,county_us_35047
city_us_21997,county_us_49009
city_us_21998,county_us_26157
city_us_21999,county_us_48187
city_us_22000,county_us_35045
city_us_22001,county_us_40105
city_us_22002,county_us_17119
city_us_22003,county_us_30013
city_us_22004,county_us_31035
city_us_22005,county_us_29027
city_us_22006,county_us_38105
city_us_22007,county_us_46045
city_us_22008,county_us_29037
city_us_22009,county_us_29161
city_us_22010,county_us_36093
city_us_22011,county_us_53061
city_us_22012,county_us_21071
city_us_22013,county_us_55049
city_us_22014,county_us_48427
city_us_22015,county_us_36065
city_us_22016,county_us_19035
city_us_22017,county_us_02066
city_us_22018,county_us_12101
city_us_22019,county_us_08059
city_us_22020,county_us_47001
city_us_22021,county_us_18153
city_us_22022,county_us_26015
city_us_22023,county_us_06037
city_us_22024,county_us_42097
city_us_22025,county_us_36045
city_us_22026,county_us_06105
city_us_22027,county_us_17007
city_us_22028,county_us_29157
city_us_22029,county_us_46063
city_us_22030,county_us_53037
city_us_22031,county_us_34021
city_us_22032,county_us_31053
city_us_22033,county_us_18025
city_us_22034,county_us_40013
city_us_22035,county_us_02198
city_us_22036,county_us_18021
city_us_22037,county_us_39147
city_us_22038,county_us_56023
city_us_22039,county_us_19011
city_us_22040,county_us_22117
city_us_22041,county_us_24021
city_us_22042,county_us_27089
city_us_22043,county_us_01119
city_us_22044,county_us_19157
city_us_22045,county_us_46121
city_us_22046,county_us_26059
city_us_22047,county_us_21029
city_us_22048,county_us_42019
city_us_22049,county_us_51105
city_us_22050,county_us_16085
city_us_22051,county_us_39081
city_us_22052,county_us_42071
city_us_22053,county_us_49021
city_us_22054,county_us_30033
city_us_22055,county_us_40021
city_us_22056,county_us_51157
city_us_22057,county_us_21229
city_us_22058,county_us_24003
city_us_22059,county_us_42011
city_us_22060,county_us_50017
city_us_22061,county_us_39045
city_us_22062,county_us_21111
city_us_22063,county_us_16087
city_us_22064,county_us_16005
city_us_22065,county_us_06049
city_us_22066,county_us_17017
city_us_22067,county_us_12099
city_us_22068,county_us_42073
city_us_22069,county_us_54109
city_us_22070,county_us_28137
city_us_22071,county_us_36111
city_us_22072,county_us_40067
city_us_22073,county_us_53009
city_us_22074,county_us_18045
city_us_22075,county_us_19101
city_us_22076,county_us_51175
city_us_22077,county_us_21175
city_us_22078,county_us_21111
city_us_22079,county_us_18085
city_us_22080,county_us_21209
city_us_22081,county_us_48381
city_us_22082,county_us_42079
city_us_22083,county_us_24001
city_us_22084,county_us_18031
city_us_22085,county_us_26165
city_us_22086,county_us_41039
city_us_22087,county_us_35043
city_us_22088,county_us_27125
city_us_22089,county_us_19193
city_us_22090,county_us_39033
city_us_22091,county_us_45075
city_us_22092,county_us_17103
city_us_22093,county_us_08105
city_us_22094,county_us_36113
city_us_22095,county_us_17199
city_us_22096,county_us_05113
city_us_22097,county_us_12073
city_us_22098,county_us_19127
city_us_22099,county_us_27033
city_us_22100,county_us_53017
city_us_22101,county_us_27099
city_us_22102,county_us_40153
city_us_22103,county_us_17081
city_us_22104,county_us_36051
city_us_22105,county_us_18153
city_us_22106,county_us_22117
city_us_22107,county_us_15001
city_us_22108,county_us_18177
city_us_22109,county_us_13273
city_us_22110,county_us_54093
city_us_22111,county_us_40127
city_us_22112,county_us_28139
city_us_22113,county_us_55113
city_us_22114,county_us_45091
city_us_22115,county_us_51125
city_us_22116,county_us_40123
city_us_22117,county_us_39059
city_us_22118,county_us_53033
city_us_22119,county_us_39123
city_us_22120,county_us_39063
city_us_22121,county_us_26125
city_us_22122,county_us_17025
city_us_22123,county_us_24043
city_us_22124,county_us_42059
city_us_22125,county_us_19143
city_us_22126,county_us_20139
city_us_22127,county_us_19085
city_us_22128,county_us_17177
city_us_22129,county_us_20177
city_us_22130,county_us_13253
city_us_22131,county_us_27127
city_us_22132,county_us_18029
city_us_22133,county_us_37165
city_us_22134,county_us_42037
city_us_22135,county_us_06063
city_us_22136,county_us_06105
city_us_22137,county_us_24043
city_us_22138,county_us_36105
city_us_22139,county_us_01083
city_us_22140,county_us_20083
city_us_22141,county_us_41033
city_us_22142,county_us_28057
city_us_22143,county_us_05009
city_us_22144,county_us_36111
city_us_22145,county_us_28129
city_us_22146,county_us_05145
city_us_22147,county_us_08023
city_us_22148,county_us_19191
city_us_22149,county_us_42133
city_us_22150,county_us_40101
city_us_22151,county_us_47167
city_us_22152,county_us_18139
city_us_22153,county_us_49033
city_us_22154,county_us_46039
city_us_22155,county_us_31105
city_us_22156,county_us_05027
city_us_22157,county_us_42109
city_us_22158,county_us_27021
city_us_22159,county_us_13177
city_us_22160,county_us_05073
city_us_22161,county_us_34011
city_us_22162,county_us_20063
city_us_22163,county_us_49043
city_us_22164,county_us_42005
city_us_22165,county_us_39115
city_us_22166,county_us_26157
city_us_22167,county_us_39009
city_us_22168,county_us_35039
city_us_22169,county_us_55115
city_us_22170,county_us_17099
city_us_22171,county_us_39011
city_us_22172,county_us_06053
city_us_22173,county_us_40031
city_us_22174,county_us_48077
city_us_22175,county_us_22011
city_us_22176,county_us_54059
city_us_22177,county_us_27055
city_us_22178,county_us_06063
city_us_22179,county_us_35045
city_us_22180,county_us_19105
city_us_22181,county_us_06063
city_us_22182,county_us_45053
city_us_22183,county_us_37003
city_us_22184,county_us_40041
city_us_22185,county_us_20021
city_us_22186,county_us_30067
city_us_22187,county_us_51157
city_us_22188,county_us_04015
city_us_22189,county_us_28099
city_us_22190,county_us_05035
city_us_22191,county_us_25019
city_us_22192,county_us_40117
city_us_22193,county_us_54061
city_us_22194,county_us_31003
city_us_22195,county_us_06007
city_us_22196,county_us_19171
city_us_22197,county_us_30067
city_us_22198,county_us_40047
city_us_22199,county_us_40113
city_us_22200,county_us_06039
city_us_22201,county_us_27027
city_us_22202,county_us_40001
city_us_22203,county_us_55003
city_us_22204,county_us_44009
city_us_22205,county_us_36109
city_us_22206,county_us_42035
city_us_22207,county_us_18073
city_us_22208,county_us_22029
city_us_22209,county_us_31081
city_us_22210,county_us_48485
city_us_22211,county_us_17135
city_us_22212,county_us_18007
city_us_22213,county_us_18091
city_us_22214,county_us_21111
city_us_22215,county_us_40001
city_us_22216,county_us_55029
city_us_22217,county_us_46107
city_us_22218,county_us_20105
city_us_22219,county_us_55097
city_us_22220,county_us_51005
city_us_22221,county_us_29081
city_us_22222,county_us_51163
city_us_22223,county_us_51107
city_us_22224,county_us_06019
city_us_22225,county_us_19077
city_us_22226,county_us_38077
city_us_22227,county_us_24001
city_us_22228,county_us_29071
city_us_22229,county_us_39111
city_us_22230,county_us_38025
city_us_22231,county_us_31015
city_us_22232,county_us_27121
city_us_22233,county_us_55047
city_us_22234,county_us_39075
city_us_22235,county_us_41019
city_us_22236,county_us_31061
city_us_22237,county_us_38091
city_us_22238,county_us_16013
city_us_22239,county_us_17167
city_us_22240,county_us_31033
city_us_22241,county_us_51131
city_us_22242,county_us_20061
city_us_22243,county_us_06029
city_us_22244,county_us_37165
city_us_22245,county_us_48061
city_us_22246,county_us_13027
city_us_22247,county_us_35031
city_us_22248,county_us_01059
city_us_22249,county_us_13287
city_us_22250,county_us_49003
city_us_22251,county_us_17199
city_us_22252,county_us_18113
city_us_22253,county_us_13271
city_us_22254,county_us_05019
city_us_22255,county_us_36025
city_us_22256,county_us_42021
city_us_22257,county_us_22009
city_us_22258,county_us_17145
city_us_22259,county_us_32011
city_us_22260,county_us_02050
city_us_22261,county_us_55019
city_us_22262,county_us_26047
city_us_22263,county_us_01129
city_us_22264,county_us_18103
city_us_22265,county_us_06029
city_us_22266,county_us_30009
city_us_22267,county_us_40121
city_us_22268,county_us_39119
city_us_22269,county_us_39023
city_us_22270,county_us_42061
city_us_22271,county_us_29043
city_us_22272,county_us_13129
city_us_22273,county_us_51185
city_us_22274,county_us_42119
city_us_22275,county_us_24043
city_us_22276,county_us_30061
city_us_22277,county_us_30105
city_us_22278,county_us_22041
city_us_22279,county_us_42111
city_us_22280,county_us_04019
city_us_22281,county_us_54083
city_us_22282,county_us_05075
city_us_22283,county_us_29113
city_us_22284,county_us_01093
city_us_22285,county_us_18083
city_us_22286,county_us_06007
city_us_22287,county_us_08015
city_us_22288,county_us_17069
city_us_22289,county_us_31141
city_us_22290,county_us_42125
city_us_22291,county_us_40005
city_us_22292,county_us_17093
city_us_22293,county_us_06067
city_us_22294,county_us_18005
city_us_22295,county_us_06107
city_us_22296,county_us_05131
city_us_22297,county_us_36105
city_us_22298,county_us_42051
city_us_22299,county_us_26119
city_us_22300,county_us_34015
city_us_22301,county_us_24001
city_us_22302,county_us_51001
city_us_22303,county_us_48475
city_us_22304,county_us_40003
city_us_22305,county_us_01039
city_us_22306,county_us_53061
city_us_22307,county_us_06007
city_us_22308,county_us_55075
city_us_22309,county_us_29177
city_us_22310,county_us_47069
city_us_22311,county_us_19065
city_us_22312,county_us_56031
city_us_22313,county_us_31019
city_us_22314,county_us_24001
city_us_22315,county_us_26031
city_us_22316,county_us_16057
city_us_22317,county_us_20201
city_us_22318,county_us_41031
city_us_22319,county_us_21041
city_us_22320,county_us_48479
city_us_22321,county_us_31159
city_us_22322,county_us_40021
city_us_22323,county_us_04027
city_us_22324,county_us_18135
city_us_22325,county_us_04027
city_us_22326,county_us_22127
city_us_22327,county_us_27047
city_us_22328,county_us_42003
city_us_22329,county_us_02180
city_us_22330,county_us_39169
city_us_22331,county_us_49049
city_us_22332,county_us_39137
city_us_22333,county_us_17055
city_us_22334,county_us_41047
city_us_22335,county_us_19107
city_us_22336,county_us_47031
city_us_22337,county_us_44009
city_us_22338,county_us_18147
city_us_22339,county_us_17071
city_us_22340,county_us_51103
city_us_22341,county_us_47053
city_us_22342,county_us_22053
city_us_22343,county_us_42051
city_us_22344,county_us_05067
city_us_22345,county_us_28163
city_us_22346,county_us_34041
city_us_22347,county_us_17075
city_us_22348,county_us_01065
city_us_22349,county_us_49053
city_us_22350,county_us_48095
city_us_22351,county_us_48487
city_us_22352,county_us_42021
city_us_22353,county_us_18005
city_us_22354,county_us_56007
city_us_22355,county_us_28093
city_us_22356,county_us_29063
city_us_22357,county_us_36075
city_us_22358,county_us_01065
city_us_22359,county_us_39095
city_us_22360,county_us_48207
city_us_22361,county_us_29031
city_us_22362,county_us_12073
city_us_22363,county_us_42125
city_us_22364,county_us_08119
city_us_22365,county_us_31139
city_us_22366,county_us_38047
city_us_22367,county_us_06077
city_us_22368,county_us_29189
city_us_22369,county_us_48067
city_us_22370,county_us_53047
city_us_22371,county_us_40123
city_us_22372,county_us_39005
city_us_22373,county_us_55097
city_us_22374,county_us_48427
city_us_22375,county_us_51169
city_us_22376,county_us_41035
city_us_22377,county_us_36039
city_us_22378,county_us_29111
city_us_22379,county_us_45037
city_us_22380,county_us_15007
city_us_22381,county_us_48427
city_us_22382,county_us_02180
city_us_22383,county_us_22017
city_us_22384,county_us_53025
city_us_22385,county_us_17089
city_us_22386,county_us_42131
city_us_22387,county_us_27145
city_us_22388,county_us_26029
city_us_22389,county_us_27041
city_us_22390,county_us_30029
city_us_22391,county_us_06023
city_us_22392,county_us_41035
city_us_22393,county_us_18089
city_us_22394,county_us_48349
city_us_22395,county_us_36049
city_us_22396,county_us_20205
city_us_22397,county_us_09160
city_us_22398,county_us_55111
city_us_22399,county_us_48035
city_us_22400,county_us_54033
city_us_22401,county_us_55029
city_us_22402,county_us_39019
city_us_22403,county_us_06035
city_us_22404,county_us_38083
city_us_22405,county_us_30063
city_us_22406,county_us_17159
city_us_22407,county_us_06079
city_us_22408,county_us_42013
city_us_22409,county_us_16055
city_us_22410,county_us_27153
city_us_22411,county_us_42043
city_us_22412,county_us_39159
city_us_22413,county_us_42107
city_us_22414,county_us_36027
city_us_22415,county_us_06019
city_us_22416,county_us_21227
city_us_22417,county_us_35023
city_us_22418,county_us_42065
city_us_22419,county_us_42013
city_us_22420,county_us_05105
city_us_22421,county_us_01131
city_us_22422,county_us_39029
city_us_22423,county_us_26041
city_us_22424,county_us_36051
city_us_22425,county_us_29139
city_us_22426,county_us_34011
city_us_22427,county_us_29145
city_us_22428,county_us_06103
city_us_22429,county_us_42033
city_us_22430,county_us_29015
city_us_22431,county_us_37155
city_us_22432,county_us_19121
city_us_22433,county_us_36103
city_us_22434,county_us_30085
city_us_22435,county_us_19187
city_us_22436,county_us_37019
city_us_22437,county_us_29097
city_us_22438,county_us_31067
city_us_22439,county_us_27047
city_us_22440,county_us_37161
city_us_22441,county_us_22069
city_us_22442,county_us_42049
city_us_22443,county_us_27083
city_us_22444,county_us_36045
city_us_22445,county_us_17075
city_us_22446,county_us_46037
city_us_22447,county_us_27121
city_us_22448,county_us_54039
city_us_22449,county_us_46093
city_us_22450,county_us_56023
city_us_22451,county_us_19003
city_us_22452,county_us_19161
city_us_22453,county_us_40043
city_us_22454,county_us_17077
city_us_22455,county_us_02170
city_us_22456,county_us_13035
city_us_22457,county_us_49027
city_us_22458,county_us_19119
city_us_22459,county_us_26131
city_us_22460,county_us_54085
city_us_22461,county_us_53071
city_us_22462,county_us_17057
city_us_22463,county_us_21223
city_us_22464,county_us_42087
city_us_22465,county_us_50021
city_us_22466,county_us_42039
city_us_22467,county_us_29127
city_us_22468,county_us_55023
city_us_22469,county_us_48097
city_us_22470,county_us_19059
city_us_22471,county_us_09190
city_us_22472,county_us_40149
city_us_22473,county_us_21193
city_us_22474,county_us_21161
city_us_22475,county_us_28003
city_us_22476,county_us_06113
city_us_22477,county_us_42011
city_us_22478,county_us_17141
city_us_22479,county_us_26105
city_us_22480,county_us_36069
city_us_22481,county_us_35017
city_us_22482,county_us_20037
city_us_22483,county_us_01109
city_us_22484,county_us_48335
city_us_22485,county_us_39107
city_us_22486,county_us_47133
city_us_22487,county_us_41057
city_us_22488,county_us_06029
city_us_22489,county_us_06051
city_us_22490,county_us_09150
city_us_22491,county_us_53073
city_us_22492,county_us_19017
city_us_22493,county_us_29121
city_us_22494,county_us_54109
city_us_22495,county_us_38067
city_us_22496,county_us_48373
city_us_22497,county_us_27121
city_us_22498,county_us_30047
city_us_22499,county_us_18107
city_us_22500,county_us_39039
city_us_22501,county_us_48467
city_us_22502,county_us_50021
city_us_22503,county_us_48363
city_us_22504,county_us_47017
city_us_22505,county_us_08021
city_us_22506,county_us_21101
city_us_22507,county_us_54037
city_us_22508,county_us_26079
city_us_22509,county_us_18017
city_us_22510,county_us_37053
city_us_22511,county_us_46041
city_us_22512,county_us_37155
city_us_22513,county_us_31131
city_us_22514,county_us_42073
city_us_22515,county_us_41015
city_us_22516,county_us_36077
city_us_22517,county_us_31167
city_us_22518,county_us_17155
city_us_22519,county_us_04017
city_us_22520,county_us_26159
city_us_22521,county_us_02180
city_us_22522,county_us_21083
city_us_22523,county_us_17117
city_us_22524,county_us_01075
city_us_22525,county_us_18017
city_us_22526,county_us_15007
city_us_22527,county_us_37047
city_us_22528,county_us_18145
city_us_22529,county_us_29047
city_us_22530,county_us_42009
city_us_22531,county_us_37147
city_us_22532,county_us_19193
city_us_22533,county_us_18127
city_us_22534,county_us_27087
city_us_22535,county_us_29045
city_us_22536,county_us_17143
city_us_22537,county_us_30089
city_us_22538,county_us_18165
city_us_22539,county_us_48097
city_us_22540,county_us_17031
city_us_22541,county_us_48349
city_us_22542,county_us_55123
city_us_22543,county_us_49035
city_us_22544,county_us_46029
city_us_22545,county_us_55113
city_us_22546,county_us_31163
city_us_22547,county_us_17053
city_us_22548,county_us_02050
city_us_22549,county_us_36103
city_us_22550,county_us_29025
city_us_22551,county_us_48217
city_us_22552,county_us_39081
city_us_22553,county_us_24021
city_us_22554,county_us_48249
city_us_22555,county_us_30089
city_us_22556,county_us_29211
city_us_22557,county_us_17039
city_us_22558,county_us_06045
city_us_22559,county_us_40103
city_us_22560,county_us_19195
city_us_22561,county_us_40135
city_us_22562,county_us_42011
city_us_22563,county_us_29053
city_us_22564,county_us_48025
city_us_22565,county_us_51001
city_us_22566,county_us_51025
city_us_22567,county_us_39063
city_us_22568,county_us_42019
city_us_22569,county_us_34035
city_us_22570,county_us_05081
city_us_22571,county_us_40069
city_us_22572,county_us_42129
city_us_22573,county_us_48427
city_us_22574,county_us_19091
city_us_22575,county_us_08115
city_us_22576,county_us_20179
city_us_22577,county_us_39031
city_us_22578,county_us_29023
city_us_22579,county_us_45003
city_us_22580,county_us_45023
city_us_22581,county_us_18093
city_us_22582,county_us_27145
city_us_22583,county_us_42115
city_us_22584,county_us_38049
city_us_22585,county_us_54075
city_us_22586,county_us_13303
city_us_22587,county_us_55115
city_us_22588,county_us_20037
city_us_22589,county_us_34001
city_us_22590,county_us_21095
city_us_22591,county_us_48215
city_us_22592,county_us_13013
city_us_22593,county_us_18013
city_us_22594,county_us_13263
city_us_22595,county_us_42125
city_us_22596,county_us_19047
city_us_22597,county_us_13071
city_us_22598,county_us_38071
city_us_22599,county_us_13261
city_us_22600,county_us_38017
city_us_22601,county_us_26019
city_us_22602,county_us_18033
city_us_22603,county_us_19193
city_us_22604,county_us_40097
city_us_22605,county_us_39075
city_us_22606,county_us_54097
city_us_22607,county_us_50005
city_us_22608,county_us_17077
city_us_22609,county_us_20115
city_us_22610,county_us_29177
city_us_22611,county_us_13061
city_us_22612,county_us_17189
city_us_22613,county_us_29115
city_us_22614,county_us_18079
city_us_22615,county_us_31093
city_us_22616,county_us_48199
city_us_22617,county_us_27111
city_us_22618,county_us_17019
city_us_22619,county_us_39135
city_us_22620,county_us_19067
city_us_22621,county_us_20131
city_us_22622,county_us_26073
city_us_22623,county_us_16031
city_us_22624,county_us_27097
city_us_22625,county_us_19193
city_us_22626,county_us_45003
city_us_22627,county_us_19045
city_us_22628,county_us_19037
city_us_22629,county_us_39027
city_us_22630,county_us_15001
city_us_22631,county_us_48115
city_us_22632,county_us_30083
city_us_22633,county_us_02180
city_us_22634,county_us_18169
city_us_22635,county_us_39117
city_us_22636,county_us_01121
city_us_22637,county_us_16063
city_us_22638,county_us_41047
city_us_22639,county_us_41043
city_us_22640,county_us_35039
city_us_22641,county_us_18017
city_us_22642,county_us_37095
city_us_22643,county_us_28065
city_us_22644,county_us_02180
city_us_22645,county_us_20143
city_us_22646,county_us_46015
city_us_22647,county_us_17157
city_us_22648,county_us_18127
city_us_22649,county_us_42043
city_us_22650,county_us_16005
city_us_22651,county_us_31181
city_us_22652,county_us_37169
city_us_22653,county_us_39147
city_us_22654,county_us_47047
city_us_22655,county_us_29135
city_us_22656,county_us_16003
city_us_22657,county_us_06009
city_us_22658,county_us_53027
city_us_22659,county_us_42037
city_us_22660,county_us_39057
city_us_22661,county_us_31065
city_us_22662,county_us_55027
city_us_22663,county_us_27105
city_us_22664,county_us_39017
city_us_22665,county_us_08037
city_us_22666,county_us_34011
city_us_22667,county_us_42005
city_us_22668,county_us_31017
city_us_22669,county_us_05147
city_us_22670,county_us_48191
city_us_22671,county_us_22013
city_us_22672,county_us_48215
city_us_22673,county_us_19127
city_us_22674,county_us_39107
city_us_22675,county_us_40015
city_us_22676,county_us_48215
city_us_22677,county_us_22079
city_us_22678,county_us_06047
city_us_22679,county_us_22017
city_us_22680,county_us_21169
city_us_22681,county_us_39081
city_us_22682,county_us_12129
city_us_22683,county_us_17077
city_us_22684,county_us_32031
city_us_22685,county_us_20131
city_us_22686,county_us_42115
city_us_22687,county_us_40117
city_us_22688,county_us_36051
city_us_22689,county_us_48007
city_us_22690,county_us_16017
city_us_22691,county_us_29189
city_us_22692,county_us_39091
city_us_22693,county_us_54091
city_us_22694,county_us_38091
city_us_22695,county_us_36077
city_us_22696,county_us_53027
city_us_22697,county_us_18067
city_us_22698,county_us_36025
city_us_22699,county_us_08043
city_us_22700,county_us_22039
city_us_22701,county_us_40119
city_us_22702,county_us_38049
city_us_22703,county_us_09150
city_us_22704,county_us_56013
city_us_22705,county_us_55077
city_us_22706,county_us_20009
city_us_22707,county_us_29183
city_us_22708,county_us_48313
city_us_22709,county_us_40115
city_us_22710,county_us_20157
city_us_22711,county_us_48067
city_us_22712,county_us_55127
city_us_22713,county_us_31067
city_us_22714,county_us_17125
city_us_22715,county_us_42087
city_us_22716,county_us_42015
city_us_22717,county_us_54079
city_us_22718,county_us_56023
city_us_22719,county_us_20079
city_us_22720,county_us_20125
city_us_22721,county_us_31053
city_us_22722,county_us_05145
city_us_22723,county_us_08101
city_us_22724,county_us_17051
city_us_22725,county_us_08087
city_us_22726,county_us_36045
city_us_22727,county_us_04021
city_us_22728,county_us_48185
city_us_22729,county_us_29087
city_us_22730,county_us_18005
city_us_22731,county_us_19009
city_us_22732,county_us_54045
city_us_22733,county_us_17117
city_us_22734,county_us_05007
city_us_22735,county_us_42031
city_us_22736,county_us_49051
city_us_22737,county_us_01035
city_us_22738,county_us_42035
city_us_22739,county_us_48025
city_us_22740,county_us_17079
city_us_22741,county_us_39169
city_us_22742,county_us_40071
city_us_22743,county_us_54107
city_us_22744,county_us_04003
city_us_22745,county_us_45003
city_us_22746,county_us_40073
city_us_22747,county_us_19109
city_us_22748,county_us_48067
city_us_22749,county_us_48149
city_us_22750,county_us_54019
city_us_22751,county_us_49003
city_us_22752,county_us_36071
city_us_22753,county_us_53069
city_us_22754,county_us_54045
city_us_22755,county_us_13159
city_us_22756,county_us_19047
city_us_22757,county_us_22059
city_us_22758,county_us_39053
city_us_22759,county_us_38037
city_us_22760,county_us_31101
city_us_22761,county_us_40031
city_us_22762,county_us_22043
city_us_22763,county_us_35051
city_us_22764,county_us_49031
city_us_22765,county_us_26155
city_us_22766,county_us_30089
city_us_22767,county_us_48217
city_us_22768,county_us_19061
city_us_22769,county_us_39169
city_us_22770,county_us_13111
city_us_22771,county_us_18093
city_us_22772,county_us_39015
city_us_22773,county_us_55087
city_us_22774,county_us_31111
city_us_22775,county_us_48325
city_us_22776,county_us_35039
city_us_22777,county_us_19167
city_us_22778,county_us_47103
city_us_22779,county_us_21111
city_us_22780,county_us_27089
city_us_22781,county_us_01073
city_us_22782,county_us_08013
city_us_22783,county_us_48133
city_us_22784,county_us_35049
city_us_22785,county_us_17075
city_us_22786,county_us_48499
city_us_22787,county_us_04015
city_us_22788,county_us_39019
city_us_22789,county_us_01085
city_us_22790,county_us_26125
city_us_22791,county_us_24001
city_us_22792,county_us_39147
city_us_22793,county_us_01119
city_us_22794,county_us_05045
city_us_22795,county_us_18157
city_us_22796,county_us_21219
city_us_22797,county_us_42109
city_us_22798,county_us_27043
city_us_22799,county_us_34005
city_us_22800,county_us_17189
city_us_22801,county_us_13251
city_us_22802,county_us_45001
city_us_22803,county_us_17183
city_us_22804,county_us_13139
city_us_22805,county_us_38043
city_us_22806,county_us_39151
city_us_22807,county_us_40007
city_us_22808,county_us_49017
city_us_22809,county_us_46121
city_us_22810,county_us_47071
city_us_22811,county_us_51001
city_us_22812,county_us_24039
city_us_22813,county_us_22009
city_us_22814,county_us_39013
city_us_22815,county_us_47035
city_us_22816,county_us_41047
city_us_22817,county_us_02090
city_us_22818,county_us_27015
city_us_22819,county_us_29079
city_us_22820,county_us_26021
city_us_22821,county_us_13257
city_us_22822,county_us_46099
city_us_22823,county_us_35049
city_us_22824,county_us_30015
city_us_22825,county_us_38013
city_us_22826,county_us_05031
city_us_22827,county_us_27151
city_us_22828,county_us_12083
city_us_22829,county_us_04007
city_us_22830,county_us_27005
city_us_22831,county_us_35045
city_us_22832,county_us_12085
city_us_22833,county_us_39011
city_us_22834,county_us_08117
city_us_22835,county_us_18169
city_us_22836,county_us_18055
city_us_22837,county_us_53063
city_us_22838,county_us_46079
city_us_22839,county_us_53035
city_us_22840,county_us_36033
city_us_22841,county_us_19035
city_us_22842,county_us_27011
city_us_22843,county_us_13241
city_us_22844,county_us_48427
city_us_22845,county_us_31085
city_us_22846,county_us_55141
city_us_22847,county_us_47167
city_us_22848,county_us_08013
city_us_22849,county_us_40131
city_us_22850,county_us_40079
city_us_22851,county_us_02170
city_us_22852,county_us_05099
city_us_22853,county_us_40089
city_us_22854,county_us_48157
city_us_22855,county_us_42001
city_us_22856,county_us_38017
city_us_22857,county_us_17019
city_us_22858,county_us_29223
city_us_22859,county_us_13185
city_us_22860,county_us_41037
city_us_22861,county_us_06089
city_us_22862,county_us_36039
city_us_22863,county_us_37015
city_us_22864,county_us_48289
city_us_22865,county_us_24031
city_us_22866,county_us_18047
city_us_22867,county_us_29099
city_us_22868,county_us_36105
city_us_22869,county_us_05093
city_us_22870,county_us_17149
city_us_22871,county_us_48287
city_us_22872,county_us_55083
city_us_22873,county_us_40119
city_us_22874,county_us_46115
city_us_22875,county_us_37039
city_us_22876,county_us_22027
city_us_22877,county_us_48373
city_us_22878,county_us_17077
city_us_22879,county_us_04015
city_us_22880,county_us_13207
city_us_22881,county_us_40145
city_us_22882,county_us_19033
city_us_22883,county_us_04017
city_us_22884,county_us_04001
city_us_22885,county_us_24001
city_us_22886,county_us_18083
city_us_22887,county_us_48245
city_us_22888,county_us_35039
city_us_22889,county_us_05013
city_us_22890,county_us_54047
city_us_22891,county_us_06113
city_us_22892,county_us_42071
city_us_22893,county_us_05141
city_us_22894,county_us_16047
city_us_22895,county_us_08035
city_us_22896,county_us_17117
city_us_22897,county_us_08049
city_us_22898,county_us_13001
city_us_22899,county_us_21077
city_us_22900,county_us_42003
city_us_22901,county_us_20003
city_us_22902,county_us_40121
city_us_22903,county_us_30009
city_us_22904,county_us_26101
city_us_22905,county_us_18087
city_us_22906,county_us_48185
city_us_22907,county_us_19099
city_us_22908,county_us_20069
city_us_22909,county_us_51053
city_us_22910,county_us_29003
city_us_22911,county_us_45015
city_us_22912,county_us_24029
city_us_22913,county_us_29225
city_us_22914,county_us_08079
city_us_22915,county_us_42005
city_us_22916,county_us_55139
city_us_22917,county_us_27089
city_us_22918,county_us_42033
city_us_22919,county_us_18159
city_us_22920,county_us_17045
city_us_22921,county_us_39061
city_us_22922,county_us_17053
city_us_22923,county_us_20161
city_us_22924,county_us_39021
city_us_22925,county_us_37111
city_us_22926,county_us_17199
city_us_22927,county_us_42095
city_us_22928,county_us_17055
city_us_22929,county_us_02122
city_us_22930,county_us_42009
city_us_22931,county_us_38049
city_us_22932,county_us_05065
city_us_22933,county_us_22049
city_us_22934,county_us_01039
city_us_22935,county_us_40061
city_us_22936,county_us_55027
city_us_22937,county_us_02180
city_us_22938,county_us_48203
city_us_22939,county_us_31121
city_us_22940,county_us_51117
city_us_22941,county_us_29099
city_us_22942,county_us_29031
city_us_22943,county_us_37083
city_us_22944,county_us_35003
city_us_22945,county_us_19107
city_us_22946,county_us_15009
city_us_22947,county_us_02122
city_us_22948,county_us_06017
city_us_22949,county_us_26107
city_us_22950,county_us_55067
city_us_22951,county_us_35021
city_us_22952,county_us_32003
city_us_22953,county_us_22025
city_us_22954,county_us_41055
city_us_22955,county_us_39045
city_us_22956,county_us_06105
city_us_22957,county_us_31185
city_us_22958,county_us_01009
city_us_22959,county_us_40075
city_us_22960,county_us_05085
city_us_22961,county_us_37045
city_us_22962,county_us_36065
city_us_22963,county_us_31179
city_us_22964,county_us_42063
city_us_22965,county_us_32005
city_us_22966,county_us_31169
city_us_22967,county_us_53027
city_us_22968,county_us_41035
city_us_22969,county_us_55083
city_us_22970,county_us_05093
city_us_22971,county_us_41019
city_us_22972,county_us_39019
city_us_22973,county_us_39097
city_us_22974,county_us_39013
city_us_22975,county_us_27107
city_us_22976,county_us_37073
city_us_22977,county_us_30039
city_us_22978,county_us_31003
city_us_22979,county_us_02188
city_us_22980,county_us_51165
city_us_22981,county_us_27117
city_us_22982,county_us_48397
city_us_22983,county_us_05045
city_us_22984,county_us_26129
city_us_22985,county_us_39159
city_us_22986,county_us_55113
city_us_22987,county_us_39053
city_us_22988,county_us_02290
city_us_22989,county_us_16055
city_us_22990,county_us_27169
city_us_22991,county_us_28149
city_us_22992,county_us_40003
city_us_22993,county_us_13301
city_us_22994,county_us_19047
city_us_22995,county_us_28145
city_us_22996,county_us_48215
city_us_22997,county_us_17147
city_us_22998,county_us_40041
city_us_22999,county_us_24047
city_us_23000,county_us_38093
city_us_23001,county_us_45013
city_us_23002,county_us_21081
city_us_23003,county_us_47177
city_us_23004,county_us_30067
city_us_23005,county_us_20159
city_us_23006,county_us_48015
city_us_23007,county_us_01119
city_us_23008,county_us_36065
city_us_23009,county_us_55083
city_us_23010,county_us_48365
city_us_23011,county_us_27153
city_us_23012,county_us_32005
city_us_23013,county_us_29061
city_us_23014,county_us_53047
city_us_23015,county_us_42119
city_us_23016,county_us_51175
city_us_23017,county_us_39035
city_us_23018,county_us_19155
city_us_23019,county_us_39173
city_us_23020,county_us_35045
city_us_23021,county_us_42087
city_us_23022,county_us_47165
city_us_23023,county_us_49005
city_us_23024,county_us_51071
city_us_23025,county_us_18101
city_us_23026,county_us_17135
city_us_23027,county_us_36065
city_us_23028,county_us_48043
city_us_23029,county_us_05047
city_us_23030,county_us_19101
city_us_23031,county_us_29186
city_us_23032,county_us_21111
city_us_23033,county_us_42037
city_us_23034,county_us_19195
city_us_23035,county_us_04003
city_us_23036,county_us_55005
city_us_23037,county_us_48477
city_us_23038,county_us_39155
city_us_23039,county_us_27145
city_us_23040,county_us_37031
city_us_23041,county_us_35031
city_us_23042,county_us_31109
city_us_23043,county_us_18099
city_us_23044,county_us_46023
city_us_23045,county_us_40135
city_us_23046,county_us_38015
city_us_23047,county_us_19139
city_us_23048,county_us_18021
city_us_23049,county_us_21139
city_us_23050,county_us_47001
city_us_23051,county_us_17003
city_us_23052,county_us_19115
city_us_23053,county_us_12105
city_us_23054,county_us_18037
city_us_23055,county_us_39143
city_us_23056,county_us_51117
city_us_23057,county_us_17131
city_us_23058,county_us_53027
city_us_23059,county_us_01039
city_us_23060,county_us_48187
city_us_23061,county_us_17117
city_us_23062,county_us_28023
city_us_23063,county_us_46045
city_us_23064,county_us_16087
city_us_23065,county_us_51061
city_us_23066,county_us_27165
city_us_23067,county_us_06049
city_us_23068,county_us_47189
city_us_23069,county_us_21107
city_us_23070,county_us_36089
city_us_23071,county_us_49037
city_us_23072,county_us_29113
city_us_23073,county_us_17137
city_us_23074,county_us_26053
city_us_23075,county_us_27091
city_us_23076,county_us_36103
city_us_23077,county_us_17093
city_us_23078,county_us_27089
city_us_23079,county_us_10001
city_us_23080,county_us_42031
city_us_23081,county_us_29029
city_us_23082,county_us_26063
city_us_23083,county_us_45035
city_us_23084,county_us_19171
city_us_23085,county_us_06089
city_us_23086,county_us_51029
city_us_23087,county_us_42125
city_us_23088,county_us_48479
city_us_23089,county_us_19055
city_us_23090,county_us_18049
city_us_23091,county_us_30111
city_us_23092,county_us_19075
city_us_23093,county_us_26063
city_us_23094,county_us_54047
city_us_23095,county_us_27095
city_us_23096,county_us_39127
city_us_23097,county_us_40035
city_us_23098,county_us_19067
city_us_23099,county_us_30035
city_us_23100,county_us_18047
city_us_23101,county_us_20015
city_us_23102,county_us_39071
city_us_23103,county_us_21111
city_us_23104,county_us_01063
city_us_23105,county_us_37061
city_us_23106,county_us_36105
city_us_23107,county_us_18171
city_us_23108,county_us_22095
city_us_23109,county_us_40083
city_us_23110,county_us_26089
city_us_23111,county_us_27023
city_us_23112,county_us_18087
city_us_23113,county_us_12125
city_us_23114,county_us_05099
city_us_23115,county_us_02290
city_us_23116,county_us_45029
city_us_23117,county_us_51001
city_us_23118,county_us_40021
city_us_23119,county_us_06103
city_us_23120,county_us_26145
city_us_23121,county_us_27013
city_us_23122,county_us_27091
city_us_23123,county_us_05007
city_us_23124,county_us_02122
city_us_23125,county_us_19177
city_us_23126,county_us_19133
city_us_23127,county_us_40101
city_us_23128,county_us_05001
city_us_23129,county_us_35039
city_us_23130,county_us_49037
city_us_23131,county_us_17163
city_us_23132,county_us_48143
city_us_23133,county_us_40041
city_us_23134,county_us_39109
city_us_23135,county_us_17099
city_us_23136,county_us_17001
city_us_23137,county_us_37117
city_us_23138,county_us_42097
city_us_23139,county_us_29179
city_us_23140,county_us_55123
city_us_23141,county_us_26087
city_us_23142,county_us_12133
city_us_23143,county_us_42047
city_us_23144,county_us_56001
city_us_23145,county_us_46035
city_us_23146,county_us_29123
city_us_23147,county_us_12125
city_us_23148,county_us_29035
city_us_23149,county_us_08075
city_us_23150,county_us_01097
city_us_23151,county_us_41057
city_us_23152,county_us_12105
city_us_23153,county_us_26085
city_us_23154,county_us_40007
city_us_23155,county_us_08045
city_us_23156,county_us_21051
city_us_23157,county_us_13105
city_us_23158,county_us_18067
city_us_23159,county_us_26073
city_us_23160,county_us_48253
city_us_23161,county_us_18113
city_us_23162,county_us_27045
city_us_23163,county_us_42021
city_us_23164,county_us_19111
city_us_23165,county_us_21059
city_us_23166,county_us_20127
city_us_23167,county_us_56019
city_us_23168,county_us_27121
city_us_23169,county_us_26071
city_us_23170,county_us_40075
city_us_23171,county_us_22127
city_us_23172,county_us_31131
city_us_23173,county_us_42107
city_us_23174,county_us_40069
city_us_23175,county_us_12059
city_us_23176,county_us_40105
city_us_23177,county_us_08045
city_us_23178,county_us_18023
city_us_23179,county_us_40053
city_us_23180,county_us_28101
city_us_23181,county_us_19097
city_us_23182,county_us_29057
city_us_23183,county_us_48409
city_us_23184,county_us_36051
city_us_23185,county_us_28123
city_us_23186,county_us_01063
city_us_23187,county_us_24039
city_us_23188,county_us_18031
city_us_23189,county_us_34009
city_us_23190,county_us_29101
city_us_23191,county_us_28051
city_us_23192,county_us_05037
city_us_23193,county_us_35013
city_us_23194,county_us_06019
city_us_23195,county_us_17163
city_us_23196,county_us_22117
city_us_23197,county_us_19071
city_us_23198,county_us_18181
city_us_23199,county_us_18137
city_us_23200,county_us_47189
city_us_23201,county_us_39129
city_us_23202,county_us_21039
city_us_23203,county_us_20155
city_us_23204,county_us_31033
city_us_23205,county_us_48163
city_us_23206,county_us_27133
city_us_23207,county_us_40149
city_us_23208,county_us_36045
city_us_23209,county_us_19029
city_us_23210,county_us_08035
city_us_23211,county_us_29145
city_us_23212,county_us_41039
city_us_23213,county_us_27061
city_us_23214,county_us_29147
city_us_23215,county_us_13161
city_us_23216,county_us_17149
city_us_23217,county_us_47165
city_us_23218,county_us_39055
city_us_23219,county_us_18005
city_us_23220,county_us_37163
city_us_23221,county_us_36111
city_us_23222,county_us_22027
city_us_23223,county_us_18157
city_us_23224,county_us_22119
city_us_23225,county_us_42051
city_us_23226,county_us_35025
city_us_23227,county_us_20135
city_us_23228,county_us_29115
city_us_23229,county_us_30099
city_us_23230,county_us_49017
city_us_23231,county_us_28027
city_us_23232,county_us_41059
city_us_23233,county_us_30051
city_us_23234,county_us_42107
city_us_23235,county_us_04015
city_us_23236,county_us_19071
city_us_23237,county_us_39129
city_us_23238,county_us_42125
city_us_23239,county_us_50019
city_us_23240,county_us_55015
city_us_23241,county_us_31141
city_us_23242,county_us_19123
city_us_23243,county_us_01039
city_us_23244,county_us_54045
city_us_23245,county_us_31141
city_us_23246,county_us_19091
city_us_23247,county_us_37155
city_us_23248,county_us_21171
city_us_23249,county_us_48427
city_us_23250,county_us_08013
city_us_23251,county_us_29021
city_us_23252,county_us_21099
city_us_23253,county_us_28115
city_us_23254,county_us_55033
city_us_23255,county_us_17183
city_us_23256,county_us_16061
city_us_23257,county_us_06099
city_us_23258,county_us_48011
city_us_23259,county_us_10001
city_us_23260,county_us_51125
city_us_23261,county_us_42039
city_us_23262,county_us_39083
city_us_23263,county_us_19075
city_us_23264,county_us_50011
city_us_23265,county_us_54023
city_us_23266,county_us_47165
city_us_23267,county_us_17103
city_us_23268,county_us_18087
city_us_23269,county_us_29089
city_us_23270,county_us_31107
city_us_23271,county_us_19177
city_us_23272,county_us_40069
city_us_23273,county_us_20117
city_us_23274,county_us_18021
city_us_23275,county_us_51001
city_us_23276,county_us_22089
city_us_23277,county_us_42125
city_us_23278,county_us_19179
city_us_23279,county_us_45011
city_us_23280,county_us_49033
city_us_23281,county_us_30003
city_us_23282,county_us_48457
city_us_23283,county_us_55083
city_us_23284,county_us_24043
city_us_23285,county_us_04005
city_us_23286,county_us_30035
city_us_23287,county_us_27105
city_us_23288,county_us_27077
city_us_23289,county_us_21159
city_us_23290,county_us_55021
city_us_23291,county_us_50023
city_us_23292,county_us_17035
city_us_23293,county_us_38101
city_us_23294,county_us_19081
city_us_23295,county_us_20181
city_us_23296,county_us_29021
city_us_23297,county_us_02050
city_us_23298,county_us_38077
city_us_23299,county_us_21069
city_us_23300,county_us_39175
city_us_23301,county_us_30051
city_us_23302,county_us_13133
city_us_23303,county_us_37069
city_us_23304,county_us_54067
city_us_23305,county_us_42107
city_us_23306,county_us_55043
city_us_23307,county_us_20113
city_us_23308,county_us_18149
city_us_23309,county_us_36025
city_us_23310,county_us_35017
city_us_23311,county_us_38017
city_us_23312,county_us_29055
city_us_23313,county_us_19185
city_us_23314,county_us_30065
city_us_23315,county_us_31159
city_us_23316,county_us_20111
city_us_23317,county_us_05091
city_us_23318,county_us_36105
city_us_23319,county_us_31127
city_us_23320,county_us_39047
city_us_23321,county_us_18165
city_us_23322,county_us_30027
city_us_23323,county_us_13107
city_us_23324,county_us_26151
city_us_23325,county_us_54003
city_us_23326,county_us_35017
city_us_23327,county_us_48295
city_us_23328,county_us_18087
city_us_23329,county_us_05109
city_us_23330,county_us_28151
city_us_23331,county_us_48185
city_us_23332,county_us_30015
city_us_23333,county_us_20103
city_us_23334,county_us_55081
city_us_23335,county_us_38077
city_us_23336,county_us_48239
city_us_23337,county_us_01069
city_us_23338,county_us_56023
city_us_23339,county_us_30101
city_us_23340,county_us_31159
city_us_23341,county_us_17081
city_us_23342,county_us_17063
city_us_23343,county_us_42011
city_us_23344,county_us_17199
city_us_23345,county_us_29091
city_us_23346,county_us_42025
city_us_23347,county_us_13039
city_us_23348,county_us_35061
city_us_23349,county_us_17057
city_us_23350,county_us_27169
city_us_23351,county_us_50001
city_us_23352,county_us_17013
city_us_23353,county_us_31063
city_us_23354,county_us_39069
city_us_23355,county_us_16055
city_us_23356,county_us_24023
city_us_23357,county_us_16049
city_us_23358,county_us_40021
city_us_23359,county_us_39009
city_us_23360,county_us_19061
city_us_23361,county_us_05051
city_us_23362,county_us_31043
city_us_23363,county_us_18047
city_us_23364,county_us_39011
city_us_23365,county_us_18075
city_us_23366,county_us_28029
city_us_23367,county_us_42027
city_us_23368,county_us_31001
city_us_23369,county_us_39127
city_us_23370,county_us_46099
city_us_23371,county_us_27033
city_us_23372,county_us_27113
city_us_23373,county_us_53033
city_us_23374,county_us_38101
city_us_23375,county_us_06029
city_us_23376,county_us_48427
city_us_23377,county_us_18167
city_us_23378,county_us_48371
city_us_23379,county_us_21167
city_us_23380,county_us_09190
city_us_23381,county_us_34041
city_us_23382,county_us_39081
city_us_23383,county_us_40001
city_us_23384,county_us_21039
city_us_23385,county_us_22069
city_us_23386,county_us_53069
city_us_23387,county_us_39097
city_us_23388,county_us_27157
city_us_23389,county_us_40097
city_us_23390,county_us_37127
city_us_23391,county_us_29107
city_us_23392,county_us_41023
city_us_23393,county_us_22043
city_us_23394,county_us_46013
city_us_23395,county_us_26131
city_us_23396,county_us_40125
city_us_23397,county_us_13161
city_us_23398,county_us_20085
city_us_23399,county_us_27105
city_us_23400,county_us_37015
city_us_23401,county_us_26071
city_us_23402,county_us_34041
city_us_23403,county_us_01043
city_us_23404,county_us_28011
city_us_23405,county_us_29133
city_us_23406,county_us_31059
city_us_23407,county_us_19095
city_us_23408,county_us_48071
city_us_23409,county_us_49037
city_us_23410,county_us_31163
city_us_23411,county_us_17191
city_us_23412,county_us_12041
city_us_23413,county_us_36019
city_us_23414,county_us_39029
city_us_23415,county_us_22123
city_us_23416,county_us_38089
city_us_23417,county_us_51001
city_us_23418,county_us_29173
city_us_23419,county_us_22019
city_us_23420,county_us_31109
city_us_23421,county_us_53019
city_us_23422,county_us_15007
city_us_23423,county_us_26003
city_us_23424,county_us_39151
city_us_23425,county_us_27057
city_us_23426,county_us_54081
city_us_23427,county_us_24043
city_us_23428,county_us_17079
city_us_23429,county_us_39023
city_us_23430,county_us_18177
city_us_23431,county_us_42107
city_us_23432,county_us_29163
city_us_23433,county_us_18021
city_us_23434,county_us_48427
city_us_23435,county_us_39037
city_us_23436,county_us_36059
city_us_23437,county_us_42129
city_us_23438,county_us_06089
city_us_23439,county_us_50021
city_us_23440,county_us_36043
city_us_23441,county_us_45085
city_us_23442,county_us_21099
city_us_23443,county_us_29109
city_us_23444,county_us_05137
city_us_23445,county_us_08119
city_us_23446,county_us_39049
city_us_23447,county_us_12099
city_us_23448,county_us_19093
city_us_23449,county_us_16019
city_us_23450,county_us_17125
city_us_23451,county_us_17153
city_us_23452,county_us_20039
city_us_23453,county_us_55071
city_us_23454,county_us_48427
city_us_23455,county_us_06077
city_us_23456,county_us_25003
city_us_23457,county_us_18005
city_us_23458,county_us_48129
city_us_23459,county_us_17095
city_us_23460,county_us_45083
city_us_23461,county_us_05077
city_us_23462,county_us_39151
city_us_23463,county_us_55113
city_us_23464,county_us_32003
city_us_23465,county_us_13207
city_us_23466,county_us_31155
city_us_23467,county_us_53039
city_us_23468,county_us_17203
city_us_23469,county_us_40049
city_us_23470,county_us_48367
city_us_23471,county_us_48069
city_us_23472,county_us_32013
city_us_23473,county_us_12059
city_us_23474,county_us_46011
city_us_23475,county_us_06029
city_us_23476,county_us_29073
city_us_23477,county_us_18051
city_us_23478,county_us_27009
city_us_23479,county_us_17107
city_us_23480,county_us_37095
city_us_23481,county_us_18145
city_us_23482,county_us_10001
city_us_23483,county_us_48213
city_us_23484,county_us_02050
city_us_23485,county_us_38017
city_us_23486,county_us_31109
city_us_23487,county_us_27111
city_us_23488,county_us_19191
city_us_23489,county_us_50003
city_us_23490,county_us_27111
city_us_23491,county_us_26113
city_us_23492,county_us_17011
city_us_23493,county_us_16039
city_us_23494,county_us_26127
city_us_23495,county_us_42013
city_us_23496,county_us_41037
city_us_23497,county_us_38093
city_us_23498,county_us_51093
city_us_23499,county_us_42125
city_us_23500,county_us_16049
city_us_23501,county_us_34011
city_us_23502,county_us_31023
city_us_23503,county_us_18113
city_us_23504,county_us_19077
city_us_23505,county_us_48213
city_us_23506,county_us_39075
city_us_23507,county_us_38013
city_us_23508,county_us_42013
city_us_23509,county_us_29099
city_us_23510,county_us_45081
city_us_23511,county_us_47023
city_us_23512,county_us_42087
city_us_23513,county_us_19107
city_us_23514,county_us_55133
city_us_23515,county_us_18063
city_us_23516,county_us_02240
city_us_23517,county_us_39173
city_us_23518,county_us_42121
city_us_23519,county_us_30027
city_us_23520,county_us_18045
city_us_23521,county_us_42107
city_us_23522,county_us_42021
city_us_23523,county_us_06073
city_us_23524,county_us_27021
city_us_23525,county_us_21235
city_us_23526,county_us_19147
city_us_23527,county_us_28071
city_us_23528,county_us_18049
city_us_23529,county_us_55087
city_us_23530,county_us_29047
city_us_23531,county_us_18005
city_us_23532,county_us_53037
city_us_23533,county_us_27115
city_us_23534,county_us_42107
city_us_23535,county_us_19113
city_us_23536,county_us_29051
city_us_23537,county_us_06013
city_us_23538,county_us_49041
city_us_23539,county_us_38053
city_us_23540,county_us_40003
city_us_23541,county_us_51099
city_us_23542,county_us_42129
city_us_23543,county_us_56037
city_us_23544,county_us_06047
city_us_23545,county_us_45039
city_us_23546,county_us_01039
city_us_23547,county_us_37089
city_us_23548,county_us_47091
city_us_23549,county_us_20063
city_us_23550,county_us_20107
city_us_23551,county_us_22119
city_us_23552,county_us_22081
city_us_23553,county_us_42013
city_us_23554,county_us_30025
city_us_23555,county_us_36019
city_us_23556,county_us_55033
city_us_23557,county_us_39067
city_us_23558,county_us_35003
city_us_23559,county_us_26089
city_us_23560,county_us_12053
city_us_23561,county_us_06105
city_us_23562,county_us_54019
city_us_23563,county_us_39017
city_us_23564,county_us_39051
city_us_23565,county_us_46031
city_us_23566,county_us_26165
city_us_23567,county_us_17095
city_us_23568,county_us_54077
city_us_23569,county_us_47161
city_us_23570,county_us_04021
city_us_23571,county_us_39043
city_us_23572,county_us_02290
city_us_23573,county_us_48147
city_us_23574,county_us_06003
city_us_23575,county_us_48441
city_us_23576,county_us_26053
city_us_23577,county_us_42013
city_us_23578,county_us_29051
city_us_23579,county_us_35007
city_us_23580,county_us_40139
city_us_23581,county_us_17113
city_us_23582,county_us_55107
city_us_23583,county_us_46039
city_us_23584,county_us_12069
city_us_23585,county_us_40135
city_us_23586,county_us_08013
city_us_23587,county_us_56003
city_us_23588,county_us_50023
city_us_23589,county_us_36105
city_us_23590,county_us_04005
city_us_23591,county_us_18079
city_us_23592,county_us_51107
city_us_23593,county_us_19085
city_us_23594,county_us_06021
city_us_23595,county_us_54081
city_us_23596,county_us_31077
city_us_23597,county_us_27097
city_us_23598,county_us_19109
city_us_23599,county_us_48215
city_us_23600,county_us_54047
city_us_23601,county_us_06007
city_us_23602,county_us_31081
city_us_23603,county_us_13163
city_us_23604,county_us_29101
city_us_23605,county_us_48157
city_us_23606,county_us_47113
city_us_23607,county_us_19045
city_us_23608,county_us_18049
city_us_23609,county_us_05051
city_us_23610,county_us_35003
city_us_23611,county_us_01017
city_us_23612,county_us_36051
city_us_23613,county_us_02016
city_us_23614,county_us_31033
city_us_23615,county_us_18071
city_us_23616,county_us_17153
city_us_23617,county_us_42125
city_us_23618,county_us_29099
city_us_23619,county_us_48411
city_us_23620,county_us_19159
city_us_23621,county_us_40149
city_us_23622,county_us_26061
city_us_23623,county_us_40141
city_us_23624,county_us_31019
city_us_23625,county_us_27035
city_us_23626,county_us_05009
city_us_23627,county_us_29029
city_us_23628,county_us_55049
city_us_23629,county_us_19165
city_us_23630,county_us_54049
city_us_23631,county_us_42071
city_us_23632,county_us_37079
city_us_23633,county_us_45061
city_us_23634,county_us_28019
city_us_23635,county_us_17109
city_us_23636,county_us_17103
city_us_23637,county_us_19195
city_us_23638,county_us_21113
city_us_23639,county_us_39137
city_us_23640,county_us_39037
city_us_23641,county_us_40023
city_us_23642,county_us_49003
city_us_23643,county_us_37057
city_us_23644,county_us_28011
city_us_23645,county_us_17109
city_us_23646,county_us_32003
city_us_23647,county_us_51001
city_us_23648,county_us_04015
city_us_23649,county_us_48405
city_us_23650,county_us_29015
city_us_23651,county_us_05123
city_us_23652,county_us_19157
city_us_23653,county_us_29133
city_us_23654,county_us_13251
city_us_23655,county_us_42033
city_us_23656,county_us_04007
city_us_23657,county_us_17081
city_us_23658,county_us_40039
city_us_23659,county_us_48217
city_us_23660,county_us_06099
city_us_23661,county_us_06003
city_us_23662,county_us_45067
city_us_23663,county_us_42015
city_us_23664,county_us_19167
city_us_23665,county_us_51015
city_us_23666,county_us_18157
city_us_23667,county_us_47099
city_us_23668,county_us_48489
city_us_23669,county_us_31095
city_us_23670,county_us_01005
city_us_23671,county_us_46003
city_us_23672,county_us_40133
city_us_23673,county_us_30037
city_us_23674,county_us_21157
city_us_23675,county_us_26011
city_us_23676,county_us_31111
city_us_23677,county_us_42079
city_us_23678,county_us_40023
city_us_23679,county_us_29159
city_us_23680,county_us_30021
city_us_23681,county_us_37155
city_us_23682,county_us_20169
city_us_23683,county_us_53027
city_us_23684,county_us_01123
city_us_23685,county_us_05083
city_us_23686,county_us_24043
city_us_23687,county_us_55053
city_us_23688,county_us_49027
city_us_23689,county_us_09150
city_us_23690,county_us_48205
city_us_23691,county_us_27111
city_us_23692,county_us_17075
city_us_23693,county_us_31159
city_us_23694,county_us_06007
city_us_23695,county_us_51001
city_us_23696,county_us_55067
city_us_23697,county_us_24043
city_us_23698,county_us_41067
city_us_23699,county_us_45059
city_us_23700,county_us_26147
city_us_23701,county_us_31035
city_us_23702,county_us_48349
city_us_23703,county_us_19043
city_us_23704,county_us_48387
city_us_23705,county_us_02188
city_us_23706,county_us_30029
city_us_23707,county_us_29085
city_us_23708,county_us_37125
city_us_23709,county_us_41003
city_us_23710,county_us_06031
city_us_23711,county_us_40125
city_us_23712,county_us_42107
city_us_23713,county_us_51001
city_us_23714,county_us_36077
city_us_23715,county_us_12007
city_us_23716,county_us_21059
city_us_23717,county_us_39151
city_us_23718,county_us_55041
city_us_23719,county_us_55115
city_us_23720,county_us_45089
city_us_23721,county_us_38055
city_us_23722,county_us_54045
city_us_23723,county_us_22013
city_us_23724,county_us_48401
city_us_23725,county_us_18135
city_us_23726,county_us_39033
city_us_23727,county_us_05063
city_us_23728,county_us_48355
city_us_23729,county_us_20177
city_us_23730,county_us_51181
city_us_23731,county_us_26053
city_us_23732,county_us_48061
city_us_23733,county_us_29107
city_us_23734,county_us_13207
city_us_23735,county_us_31159
city_us_23736,county_us_29175
city_us_23737,county_us_35047
city_us_23738,county_us_48375
city_us_23739,county_us_28055
city_us_23740,county_us_19043
city_us_23741,county_us_41059
city_us_23742,county_us_17165
city_us_23743,county_us_42107
city_us_23744,county_us_42059
city_us_23745,county_us_29177
city_us_23746,county_us_06025
city_us_23747,county_us_19069
city_us_23748,county_us_27111
city_us_23749,county_us_17053
city_us_23750,county_us_40101
city_us_23751,county_us_13173
city_us_23752,county_us_05137
city_us_23753,county_us_19133
city_us_23754,county_us_13175
city_us_23755,county_us_39033
city_us_23756,county_us_30035
city_us_23757,county_us_41037
city_us_23758,county_us_31025
city_us_23759,county_us_27007
city_us_23760,county_us_49013
city_us_23761,county_us_48195
city_us_23762,county_us_01129
city_us_23763,county_us_17007
city_us_23764,county_us_45083
city_us_23765,county_us_21195
city_us_23766,county_us_27011
city_us_23767,county_us_19095
city_us_23768,county_us_01077
city_us_23769,county_us_41057
city_us_23770,county_us_40029
city_us_23771,county_us_31165
city_us_23772,county_us_29101
city_us_23773,county_us_39015
city_us_23774,county_us_30047
city_us_23775,county_us_40135
city_us_23776,county_us_53073
city_us_23777,county_us_21111
city_us_23778,county_us_29209
city_us_23779,county_us_05021
city_us_23780,county_us_01071
city_us_23781,county_us_19145
city_us_23782,county_us_46037
city_us_23783,county_us_31025
city_us_23784,county_us_20011
city_us_23785,county_us_47099
city_us_23786,county_us_51173
city_us_23787,county_us_20197
city_us_23788,county_us_29186
city_us_23789,county_us_17159
city_us_23790,county_us_12063
city_us_23791,county_us_06029
city_us_23792,county_us_39075
city_us_23793,county_us_13231
city_us_23794,county_us_47069
city_us_23795,county_us_48157
city_us_23796,county_us_01091
city_us_23797,county_us_30105
city_us_23798,county_us_17067
city_us_23799,county_us_30005
city_us_23800,county_us_40113
city_us_23801,county_us_28005
city_us_23802,county_us_40013
city_us_23803,county_us_38099
city_us_23804,county_us_46019
city_us_23805,county_us_29165
city_us_23806,county_us_02158
city_us_23807,county_us_48239
city_us_23808,county_us_54005
city_us_23809,county_us_37047
city_us_23810,county_us_01023
city_us_23811,county_us_48349
city_us_23812,county_us_13263
city_us_23813,county_us_17021
city_us_23814,county_us_17021
city_us_23815,county_us_18077
city_us_23816,county_us_19189
city_us_23817,county_us_21111
city_us_23818,county_us_19179
city_us_23819,county_us_22029
city_us_23820,county_us_48275
city_us_23821,county_us_42027
city_us_23822,county_us_05001
city_us_23823,county_us_46029
city_us_23824,county_us_17019
city_us_23825,county_us_17107
city_us_23826,county_us_04013
city_us_23827,county_us_42011
city_us_23828,county_us_42059
city_us_23829,county_us_39143
city_us_23830,county_us_18113
city_us_23831,county_us_35045
city_us_23832,county_us_41043
city_us_23833,county_us_05003
city_us_23834,county_us_21237
city_us_23835,county_us_27173
city_us_23836,county_us_40013
city_us_23837,county_us_46079
city_us_23838,county_us_26141
city_us_23839,county_us_54077
city_us_23840,county_us_27005
city_us_23841,county_us_40097
city_us_23842,county_us_01041
city_us_23843,county_us_40139
city_us_23844,county_us_42075
city_us_23845,county_us_30057
city_us_23846,county_us_27149
city_us_23847,county_us_35035
city_us_23848,county_us_37163
city_us_23849,county_us_41019
city_us_23850,county_us_53051
city_us_23851,county_us_46031
city_us_23852,county_us_12113
city_us_23853,county_us_31131
city_us_23854,county_us_31093
city_us_23855,county_us_31027
city_us_23856,county_us_54049
city_us_23857,county_us_08097
city_us_23858,county_us_18003
city_us_23859,county_us_39033
city_us_23860,county_us_48049
city_us_23861,county_us_37013
city_us_23862,county_us_13137
city_us_23863,county_us_19005
city_us_23864,county_us_49005
city_us_23865,county_us_36051
city_us_23866,county_us_13077
city_us_23867,county_us_38075
city_us_23868,county_us_56043
city_us_23869,county_us_53065
city_us_23870,county_us_28095
city_us_23871,county_us_39037
city_us_23872,county_us_29123
city_us_23873,county_us_37009
city_us_23874,county_us_42039
city_us_23875,county_us_21183
city_us_23876,county_us_55111
city_us_23877,county_us_53025
city_us_23878,county_us_12061
city_us_23879,county_us_12133
city_us_23880,county_us_56037
city_us_23881,county_us_06107
city_us_23882,county_us_51103
city_us_23883,county_us_17091
city_us_23884,county_us_18061
city_us_23885,county_us_06053
city_us_23886,county_us_42099
city_us_23887,county_us_35039
city_us_23888,county_us_39029
city_us_23889,county_us_24019
city_us_23890,county_us_20007
city_us_23891,county_us_08073
city_us_23892,county_us_31147
city_us_23893,county_us_51069
city_us_23894,county_us_55059
city_us_23895,county_us_42127
city_us_23896,county_us_29003
city_us_23897,county_us_21111
city_us_23898,county_us_54033
city_us_23899,county_us_38059
city_us_23900,county_us_13099
city_us_23901,county_us_36089
city_us_23902,county_us_17047
city_us_23903,county_us_08071
city_us_23904,county_us_06097
city_us_23905,county_us_19083
city_us_23906,county_us_04005
city_us_23907,county_us_17059
city_us_23908,county_us_17099
city_us_23909,county_us_55119
city_us_23910,county_us_24023
city_us_23911,county_us_30049
city_us_23912,county_us_41007
city_us_23913,county_us_41013
city_us_23914,county_us_49021
city_us_23915,county_us_06037
city_us_23916,county_us_42063
city_us_23917,county_us_28151
city_us_23918,county_us_19085
city_us_23919,county_us_21023
city_us_23920,county_us_55117
city_us_23921,county_us_42117
city_us_23922,county_us_17199
city_us_23923,county_us_48135
city_us_23924,county_us_28131
city_us_23925,county_us_02070
city_us_23926,county_us_10001
city_us_23927,county_us_48445
city_us_23928,county_us_19191
city_us_23929,county_us_05029
city_us_23930,county_us_05023
city_us_23931,county_us_42063
city_us_23932,county_us_26083
city_us_23933,county_us_37059
city_us_23934,county_us_46021
city_us_23935,county_us_42001
city_us_23936,county_us_48217
city_us_23937,county_us_21195
city_us_23938,county_us_47069
city_us_23939,county_us_26001
city_us_23940,county_us_18003
city_us_23941,county_us_06035
city_us_23942,county_us_26151
city_us_23943,county_us_28013
city_us_23944,county_us_26025
city_us_23945,county_us_19061
city_us_23946,county_us_31173
city_us_23947,county_us_48337
city_us_23948,county_us_46137
city_us_23949,county_us_55099
city_us_23950,county_us_48479
city_us_23951,county_us_05105
city_us_23952,county_us_29029
city_us_23953,county_us_18125
city_us_23954,county_us_30047
city_us_23955,county_us_18055
city_us_23956,county_us_35049
city_us_23957,county_us_01017
city_us_23958,county_us_46101
city_us_23959,county_us_18177
city_us_23960,county_us_42049
city_us_23961,county_us_54045
city_us_23962,county_us_50025
city_us_23963,county_us_46121
city_us_23964,county_us_55103
city_us_23965,county_us_35057
city_us_23966,county_us_20073
city_us_23967,county_us_48033
city_us_23968,county_us_30103
city_us_23969,county_us_54049
city_us_23970,county_us_40093
city_us_23971,county_us_08001
city_us_23972,county_us_17049
city_us_23973,county_us_20097
city_us_23974,county_us_39089
city_us_23975,county_us_34005
city_us_23976,county_us_37099
city_us_23977,county_us_38061
city_us_23978,county_us_54053
city_us_23979,county_us_48149
city_us_23980,county_us_53073
city_us_23981,county_us_29003
city_us_23982,county_us_17135
city_us_23983,county_us_42127
city_us_23984,county_us_17155
city_us_23985,county_us_27013
city_us_23986,county_us_29153
city_us_23987,county_us_39081
city_us_23988,county_us_13113
city_us_23989,county_us_08075
city_us_23990,county_us_18169
city_us_23991,county_us_51117
city_us_23992,county_us_56013
city_us_23993,county_us_39137
city_us_23994,county_us_06093
city_us_23995,county_us_40097
city_us_23996,county_us_48475
city_us_23997,county_us_19115
city_us_23998,county_us_13043
city_us_23999,county_us_41009
city_us_24000,county_us_21133
city_us_24001,county_us_48293
city_us_24002,county_us_29039
city_us_24003,county_us_54077
city_us_24004,county_us_38009
city_us_24005,county_us_19119
city_us_24006,county_us_48085
city_us_24007,county_us_04007
city_us_24008,county_us_19195
city_us_24009,county_us_19077
city_us_24010,county_us_35006
city_us_24011,county_us_36109
city_us_24012,county_us_47129
city_us_24013,county_us_18007
city_us_24014,county_us_37141
city_us_24015,county_us_34041
city_us_24016,county_us_05119
city_us_24017,county_us_15001
city_us_24018,county_us_37137
city_us_24019,county_us_55015
city_us_24020,county_us_51027
city_us_24021,county_us_09160
city_us_24022,county_us_24001
city_us_24023,county_us_55033
city_us_24024,county_us_30045
city_us_24025,county_us_08087
city_us_24026,county_us_35006
city_us_24027,county_us_30035
city_us_24028,county_us_21095
city_us_24029,county_us_49017
city_us_24030,county_us_35031
city_us_24031,county_us_31169
city_us_24032,county_us_45083
city_us_24033,county_us_17005
city_us_24034,county_us_18037
city_us_24035,county_us_18051
city_us_24036,county_us_26061
city_us_24037,county_us_40141
city_us_24038,county_us_35049
city_us_24039,county_us_06105
city_us_24040,county_us_19139
city_us_24041,county_us_36043
city_us_24042,county_us_08019
city_us_24043,county_us_19027
city_us_24044,county_us_17149
city_us_24045,county_us_08017
city_us_24046,county_us_49045
city_us_24047,county_us_06089
city_us_24048,county_us_19193
city_us_24049,county_us_17189
city_us_24050,county_us_37037
city_us_24051,county_us_48463
city_us_24052,county_us_29123
city_us_24053,county_us_24001
city_us_24054,county_us_19073
city_us_24055,county_us_17061
city_us_24056,county_us_55101
city_us_24057,county_us_48089
city_us_24058,county_us_42071
city_us_24059,county_us_45031
city_us_24060,county_us_21085
city_us_24061,county_us_18091
city_us_24062,county_us_18177
city_us_24063,county_us_53019
city_us_24064,county_us_17189
city_us_24065,county_us_38099
city_us_24066,county_us_29147
city_us_24067,county_us_06091
city_us_24068,county_us_04021
city_us_24069,county_us_28055
city_us_24070,county_us_55093
city_us_24071,county_us_17075
city_us_24072,county_us_22067
city_us_24073,county_us_27145
city_us_24074,county_us_01081
city_us_24075,county_us_13267
city_us_24076,county_us_05133
city_us_24077,county_us_19163
city_us_24078,county_us_51001
city_us_24079,county_us_20059
city_us_24080,county_us_48201
city_us_24081,county_us_37083
city_us_24082,county_us_42013
city_us_24083,county_us_27041
city_us_24084,county_us_18131
city_us_24085,county_us_40093
city_us_24086,county_us_19081
city_us_24087,county_us_34009
city_us_24088,county_us_26033
city_us_24089,county_us_48141
city_us_24090,county_us_55121
city_us_24091,county_us_05023
city_us_24092,county_us_28093
city_us_24093,county_us_26029
city_us_24094,county_us_31147
city_us_24095,county_us_34009
city_us_24096,county_us_02290
city_us_24097,county_us_46029
city_us_24098,county_us_17117
city_us_24099,county_us_06019
city_us_24100,county_us_39161
city_us_24101,county_us_19007
city_us_24102,county_us_26103
city_us_24103,county_us_04021
city_us_24104,county_us_50025
city_us_24105,county_us_49049
city_us_24106,county_us_05059
city_us_24107,county_us_19055
city_us_24108,county_us_55043
city_us_24109,county_us_16037
city_us_24110,county_us_26019
city_us_24111,county_us_27031
city_us_24112,county_us_28083
city_us_24113,county_us_56023
city_us_24114,county_us_35041
city_us_24115,county_us_35006
city_us_24116,county_us_39143
city_us_24117,county_us_01029
city_us_24118,county_us_05031
city_us_24119,county_us_05145
city_us_24120,county_us_17057
city_us_24121,county_us_37031
city_us_24122,county_us_17185
city_us_24123,county_us_40001
city_us_24124,county_us_35001
city_us_24125,county_us_53025
city_us_24126,county_us_34041
city_us_24127,county_us_35031
city_us_24128,county_us_38057
city_us_24129,county_us_19129
city_us_24130,county_us_19155
city_us_24131,county_us_19083
city_us_24132,county_us_51045
city_us_24133,county_us_02122
city_us_24134,county_us_26101
city_us_24135,county_us_39083
city_us_24136,county_us_42003
city_us_24137,county_us_06115
city_us_24138,county_us_55109
city_us_24139,county_us_48049
city_us_24140,county_us_29103
city_us_24141,county_us_38059
city_us_24142,county_us_24023
city_us_24143,county_us_06027
city_us_24144,county_us_17155
city_us_24145,county_us_18059
city_us_24146,county_us_27091
city_us_24147,county_us_50005
city_us_24148,county_us_39151
city_us_24149,county_us_18085
city_us_24150,county_us_10003
city_us_24151,county_us_18135
city_us_24152,county_us_17129
city_us_24153,county_us_18179
city_us_24154,county_us_37181
city_us_24155,county_us_46079
city_us_24156,county_us_55047
city_us_24157,county_us_21227
city_us_24158,county_us_39171
city_us_24159,county_us_20047
city_us_24160,county_us_50007
city_us_24161,county_us_16057
city_us_24162,county_us_29139
city_us_24163,county_us_48427
city_us_24164,county_us_17087
city_us_24165,county_us_06023
city_us_24166,county_us_26057
city_us_24167,county_us_42007
city_us_24168,county_us_20107
city_us_24169,county_us_21015
city_us_24170,county_us_30077
city_us_24171,county_us_06045
city_us_24172,county_us_13209
city_us_24173,county_us_20165
city_us_24174,county_us_55043
city_us_24175,county_us_55075
city_us_24176,county_us_06051
city_us_24177,county_us_30013
city_us_24178,county_us_39157
city_us_24179,county_us_42031
city_us_24180,county_us_36013
city_us_24181,county_us_05093
city_us_24182,county_us_55115
city_us_24183,county_us_29097
city_us_24184,county_us_19061
city_us_24185,county_us_26011
city_us_24186,county_us_01039
city_us_24187,county_us_06045
city_us_24188,county_us_29009
city_us_24189,county_us_02185
city_us_24190,county_us_06007
city_us_24191,county_us_51181
city_us_24192,county_us_17053
city_us_24193,county_us_40087
city_us_24194,county_us_38027
city_us_24195,county_us_18035
city_us_24196,county_us_42107
city_us_24197,county_us_29145
city_us_24198,county_us_16017
city_us_24199,county_us_05007
city_us_24200,county_us_18055
city_us_24201,county_us_54019
city_us_24202,county_us_02066
city_us_24203,county_us_20149
city_us_24204,county_us_23003
city_us_24205,county_us_27005
city_us_24206,county_us_48419
city_us_24207,county_us_27095
city_us_24208,county_us_42133
city_us_24209,county_us_37117
city_us_24210,county_us_13069
city_us_24211,county_us_31109
city_us_24212,county_us_39043
city_us_24213,county_us_04003
city_us_24214,county_us_31067
city_us_24215,county_us_18175
city_us_24216,county_us_06091
city_us_24217,county_us_46033
city_us_24218,county_us_42039
city_us_24219,county_us_20029
city_us_24220,county_us_40035
city_us_24221,county_us_05117
city_us_24222,county_us_42093
city_us_24223,county_us_30057
city_us_24224,county_us_31175
city_us_24225,county_us_36109
city_us_24226,county_us_20085
city_us_24227,county_us_42037
city_us_24228,county_us_36023
city_us_24229,county_us_27013
city_us_24230,county_us_38015
city_us_24231,county_us_42013
city_us_24232,county_us_41055
city_us_24233,county_us_06003
city_us_24234,county_us_42019
city_us_24235,county_us_42037
city_us_24236,county_us_05079
city_us_24237,county_us_41001
city_us_24238,county_us_53039
city_us_24239,county_us_37161
city_us_24240,county_us_28127
city_us_24241,county_us_34025
city_us_24242,county_us_31129
city_us_24243,county_us_17143
city_us_24244,county_us_22075
city_us_24245,county_us_13081
city_us_24246,county_us_17029
city_us_24247,county_us_12069
city_us_24248,county_us_22043
city_us_24249,county_us_20087
city_us_24250,county_us_02290
city_us_24251,county_us_35039
city_us_24252,county_us_31103
city_us_24253,county_us_48479
city_us_24254,county_us_51111
city_us_24255,county_us_08071
city_us_24256,county_us_39119
city_us_24257,county_us_56037
city_us_24258,county_us_20089
city_us_24259,county_us_12099
city_us_24260,county_us_08105
city_us_24261,county_us_18053
city_us_24262,county_us_38085
city_us_24263,county_us_05075
city_us_24264,county_us_06005
city_us_24265,county_us_49055
city_us_24266,county_us_01055
city_us_24267,county_us_55043
city_us_24268,county_us_48237
city_us_24269,county_us_47131
city_us_24270,county_us_53063
city_us_24271,county_us_18159
city_us_24272,county_us_13163
city_us_24273,county_us_53053
city_us_24274,county_us_55017
city_us_24275,county_us_36007
city_us_24276,county_us_12099
city_us_24277,county_us_35049
city_us_24278,county_us_42107
city_us_24279,county_us_37147
city_us_24280,county_us_45077
city_us_24281,county_us_39021
city_us_24282,county_us_42129
city_us_24283,county_us_27085
city_us_24284,county_us_31093
city_us_24285,county_us_18097
city_us_24286,county_us_46065
city_us_24287,county_us_50025
city_us_24288,county_us_05133
city_us_24289,county_us_22067
city_us_24290,county_us_42033
city_us_24291,county_us_28027
city_us_24292,county_us_22017
city_us_24293,county_us_42009
city_us_24294,county_us_56037
city_us_24295,county_us_27131
city_us_24296,county_us_55071
city_us_24297,county_us_56045
city_us_24298,county_us_36043
city_us_24299,county_us_49055
city_us_24300,county_us_42063
city_us_24301,county_us_17105
city_us_24302,county_us_46013
city_us_24303,county_us_35031
city_us_24304,county_us_37191
city_us_24305,county_us_08063
city_us_24306,county_us_49055
city_us_24307,county_us_04003
city_us_24308,county_us_39157
city_us_24309,county_us_26073
city_us_24310,county_us_30029
city_us_24311,county_us_42027
city_us_24312,county_us_51199
city_us_24313,county_us_55109
city_us_24314,county_us_27087
city_us_24315,county_us_36077
city_us_24316,county_us_54059
city_us_24317,county_us_19145
city_us_24318,county_us_20117
city_us_24319,county_us_36093
city_us_24320,county_us_18059
city_us_24321,county_us_48479
city_us_24322,county_us_01025
city_us_24323,county_us_27049
city_us_24324,county_us_40103
city_us_24325,county_us_02170
city_us_24326,county_us_38079
city_us_24327,county_us_27127
city_us_24328,county_us_27047
city_us_24329,county_us_39125
city_us_24330,county_us_22037
city_us_24331,county_us_51023
city_us_24332,county_us_19053
city_us_24333,county_us_36045
city_us_24334,county_us_22001
city_us_24335,county_us_27071
city_us_24336,county_us_17125
city_us_24337,county_us_18171
city_us_24338,county_us_31081
city_us_24339,county_us_34015
city_us_24340,county_us_01127
city_us_24341,county_us_30047
city_us_24342,county_us_17149
city_us_24343,county_us_19195
city_us_24344,county_us_02158
city_us_24345,county_us_29053
city_us_24346,county_us_01025
city_us_24347,county_us_40021
city_us_24348,county_us_48015
city_us_24349,county_us_01107
city_us_24350,county_us_20111
city_us_24351,county_us_39109
city_us_24352,county_us_42133
city_us_24353,county_us_35031
city_us_24354,county_us_16085
city_us_24355,county_us_28105
city_us_24356,county_us_21179
city_us_24357,county_us_06005
city_us_24358,county_us_27093
city_us_24359,county_us_30049
city_us_24360,county_us_20051
city_us_24361,county_us_18037
city_us_24362,county_us_33011
city_us_24363,county_us_29145
city_us_24364,county_us_28075
city_us_24365,county_us_29053
city_us_24366,county_us_15009
city_us_24367,county_us_54055
city_us_24368,county_us_42111
city_us_24369,county_us_18065
city_us_24370,county_us_27049
city_us_24371,county_us_47139
city_us_24372,county_us_50009
city_us_24373,county_us_42027
city_us_24374,county_us_54103
city_us_24375,county_us_48009
city_us_24376,county_us_37137
city_us_24377,county_us_27079
city_us_24378,county_us_48173
city_us_24379,county_us_32005
city_us_24380,county_us_06089
city_us_24381,county_us_50025
city_us_24382,county_us_51001
city_us_24383,county_us_38029
city_us_24384,county_us_20159
city_us_24385,county_us_45075
city_us_24386,county_us_02290
city_us_24387,county_us_27021
city_us_24388,county_us_12069
city_us_24389,county_us_46005
city_us_24390,county_us_35039
city_us_24391,county_us_40041
city_us_24392,county_us_48427
city_us_24393,county_us_26105
city_us_24394,county_us_24001
city_us_24395,county_us_48275
city_us_24396,county_us_42013
city_us_24397,county_us_35047
city_us_24398,county_us_38053
city_us_24399,county_us_48013
city_us_24400,county_us_32027
city_us_24401,county_us_42019
city_us_24402,county_us_26059
city_us_24403,county_us_45011
city_us_24404,county_us_31151
city_us_24405,county_us_46047
city_us_24406,county_us_30091
city_us_24407,county_us_22053
city_us_24408,county_us_17143
city_us_24409,county_us_27101
city_us_24410,county_us_56003
city_us_24411,county_us_06009
city_us_24412,county_us_32009
city_us_24413,county_us_54085
city_us_24414,county_us_53043
city_us_24415,county_us_26133
city_us_24416,county_us_17055
city_us_24417,county_us_39165
city_us_24418,county_us_41027
city_us_24419,county_us_41015
city_us_24420,county_us_21071
city_us_24421,county_us_42027
city_us_24422,county_us_24019
city_us_24423,county_us_28023
city_us_24424,county_us_27097
city_us_24425,county_us_27043
city_us_24426,county_us_40121
city_us_24427,county_us_29147
city_us_24428,county_us_40099
city_us_24429,county_us_55057
city_us_24430,county_us_20073
city_us_24431,county_us_19197
city_us_24432,county_us_55029
city_us_24433,county_us_39089
city_us_24434,county_us_28141
city_us_24435,county_us_32009
city_us_24436,county_us_35061
city_us_24437,county_us_40095
city_us_24438,county_us_46135
city_us_24439,county_us_36105
city_us_24440,county_us_06063
city_us_24441,county_us_36087
city_us_24442,county_us_08013
city_us_24443,county_us_06099
city_us_24444,county_us_55033
city_us_24445,county_us_26127
city_us_24446,county_us_24039
city_us_24447,county_us_26047
city_us_24448,county_us_05059
city_us_24449,county_us_51107
city_us_24450,county_us_20051
city_us_24451,county_us_46029
city_us_24452,county_us_02122
city_us_24453,county_us_19065
city_us_24454,county_us_22043
city_us_24455,county_us_42007
city_us_24456,county_us_05145
city_us_24457,county_us_28163
city_us_24458,county_us_24011
city_us_24459,county_us_30067
city_us_24460,county_us_31027
city_us_24461,county_us_17111
city_us_24462,county_us_46043
city_us_24463,county_us_28047
city_us_24464,county_us_35049
city_us_24465,county_us_31069
city_us_24466,county_us_46125
city_us_24467,county_us_31025
city_us_24468,county_us_13231
city_us_24469,county_us_17113
city_us_24470,county_us_04017
city_us_24471,county_us_01019
city_us_24472,county_us_21041
city_us_24473,county_us_42007
city_us_24474,county_us_16023
city_us_24475,county_us_54045
city_us_24476,county_us_27005
city_us_24477,county_us_30031
city_us_24478,county_us_24043
city_us_24479,county_us_29009
city_us_24480,county_us_48149
city_us_24481,county_us_02290
city_us_24482,county_us_26165
city_us_24483,county_us_29081
city_us_24484,county_us_48203
city_us_24485,county_us_26071
city_us_24486,county_us_15001
city_us_24487,county_us_17149
city_us_24488,county_us_40089
city_us_24489,county_us_48311
city_us_24490,county_us_55045
city_us_24491,county_us_48507
city_us_24492,county_us_18005
city_us_24493,county_us_29043
city_us_24494,county_us_51105
city_us_24495,county_us_49003
city_us_24496,county_us_56031
city_us_24497,county_us_30001
city_us_24498,county_us_55093
city_us_24499,county_us_36103
city_us_24500,county_us_47071
city_us_24501,county_us_28077
city_us_24502,county_us_37163
city_us_24503,county_us_55133
city_us_24504,county_us_46109
city_us_24505,county_us_02122
city_us_24506,county_us_13031
city_us_24507,county_us_21177
city_us_24508,county_us_34041
city_us_24509,county_us_53077
city_us_24510,county_us_40135
city_us_24511,county_us_34035
city_us_24512,county_us_05005
city_us_24513,county_us_36077
city_us_24514,county_us_05041
city_us_24515,county_us_06063
city_us_24516,county_us_55077
city_us_24517,county_us_40019
city_us_24518,county_us_01071
city_us_24519,county_us_05057
city_us_24520,county_us_37091
city_us_24521,county_us_19053
city_us_24522,county_us_24037
city_us_24523,county_us_27091
city_us_24524,county_us_21037
city_us_24525,county_us_06023
city_us_24526,county_us_29087
city_us_24527,county_us_20059
city_us_24528,county_us_28151
city_us_24529,county_us_48061
city_us_24530,county_us_42059
city_us_24531,county_us_17125
city_us_24532,county_us_39129
city_us_24533,county_us_29031
city_us_24534,county_us_18145
city_us_24535,county_us_39037
city_us_24536,county_us_05129
city_us_24537,county_us_29115
city_us_24538,county_us_12113
city_us_24539,county_us_48231
city_us_24540,county_us_19065
city_us_24541,county_us_29057
city_us_24542,county_us_22013
city_us_24543,county_us_05121
city_us_24544,county_us_46095
city_us_24545,county_us_06107
city_us_24546,county_us_05109
city_us_24547,county_us_34011
city_us_24548,county_us_41001
city_us_24549,county_us_42107
city_us_24550,county_us_17099
city_us_24551,county_us_56039
city_us_24552,county_us_42115
city_us_24553,county_us_17075
city_us_24554,county_us_42013
city_us_24555,county_us_40089
city_us_24556,county_us_48291
city_us_24557,county_us_20157
city_us_24558,county_us_39163
city_us_24559,county_us_53033
city_us_24560,county_us_26133
city_us_24561,county_us_48041
city_us_24562,county_us_36011
city_us_24563,county_us_39091
city_us_24564,county_us_19069
city_us_24565,county_us_21111
city_us_24566,county_us_39157
city_us_24567,county_us_29095
city_us_24568,county_us_18047
city_us_24569,county_us_40041
city_us_24570,county_us_31177
city_us_24571,county_us_29211
city_us_24572,county_us_30091
city_us_24573,county_us_04007
city_us_24574,county_us_41057
city_us_24575,county_us_21185
city_us_24576,county_us_36031
city_us_24577,county_us_45061
city_us_24578,county_us_42021
city_us_24579,county_us_17099
city_us_24580,county_us_37131
city_us_24581,county_us_51067
city_us_24582,county_us_20167
city_us_24583,county_us_26031
city_us_24584,county_us_29195
city_us_24585,county_us_39031
city_us_24586,county_us_56025
city_us_24587,county_us_54081
city_us_24588,county_us_20137
city_us_24589,county_us_13195
city_us_24590,county_us_27097
city_us_24591,county_us_27101
city_us_24592,county_us_20057
city_us_24593,county_us_30067
city_us_24594,county_us_06007
city_us_24595,county_us_30053
city_us_24596,county_us_13107
city_us_24597,county_us_30089
city_us_24598,county_us_42027
city_us_24599,county_us_26109
city_us_24600,county_us_29019
city_us_24601,county_us_20207
city_us_24602,county_us_54047
city_us_24603,county_us_55021
city_us_24604,county_us_26091
city_us_24605,county_us_18065
city_us_24606,county_us_30041
city_us_24607,county_us_37045
city_us_24608,county_us_41019
city_us_24609,county_us_13319
city_us_24610,county_us_42013
city_us_24611,county_us_55125
city_us_24612,county_us_42013
city_us_24613,county_us_04021
city_us_24614,county_us_17125
city_us_24615,county_us_19021
city_us_24616,county_us_47131
city_us_24617,county_us_42105
city_us_24618,county_us_20015
city_us_24619,county_us_17117
city_us_24620,county_us_29175
city_us_24621,county_us_02122
city_us_24622,county_us_34041
city_us_24623,county_us_29041
city_us_24624,county_us_08019
city_us_24625,county_us_24021
city_us_24626,county_us_21107
city_us_24627,county_us_40003
city_us_24628,county_us_24043
city_us_24629,county_us_45029
city_us_24630,county_us_26151
city_us_24631,county_us_29117
city_us_24632,county_us_55001
city_us_24633,county_us_46115
city_us_24634,county_us_32033
city_us_24635,county_us_54093
city_us_24636,county_us_20173
city_us_24637,county_us_08039
city_us_24638,county_us_46005
city_us_24639,county_us_20125
city_us_24640,county_us_29037
city_us_24641,county_us_24043
city_us_24642,county_us_35041
city_us_24643,county_us_48409
city_us_24644,county_us_55003
city_us_24645,county_us_50007
city_us_24646,county_us_06019
city_us_24647,county_us_05035
city_us_24648,county_us_30111
city_us_24649,county_us_16015
city_us_24650,county_us_56025
city_us_24651,county_us_17195
city_us_24652,county_us_28027
city_us_24653,county_us_28149
city_us_24654,county_us_53025
city_us_24655,county_us_29143
city_us_24656,county_us_08101
city_us_24657,county_us_26113
city_us_24658,county_us_17117
city_us_24659,county_us_20191
city_us_24660,county_us_06051
city_us_24661,county_us_17011
city_us_24662,county_us_13033
city_us_24663,county_us_02240
city_us_24664,county_us_27097
city_us_24665,county_us_17095
city_us_24666,county_us_41069
city_us_24667,county_us_31135
city_us_24668,county_us_19115
city_us_24669,county_us_29117
city_us_24670,county_us_29165
city_us_24671,county_us_17045
city_us_24672,county_us_48427
city_us_24673,county_us_42107
city_us_24674,county_us_18155
city_us_24675,county_us_08097
city_us_24676,county_us_37153
city_us_24677,county_us_20037
city_us_24678,county_us_27067
city_us_24679,county_us_26061
city_us_24680,county_us_06011
city_us_24681,county_us_02198
city_us_24682,county_us_47103
city_us_24683,county_us_21233
city_us_24684,county_us_48099
city_us_24685,county_us_29025
city_us_24686,county_us_02240
city_us_24687,county_us_29071
city_us_24688,county_us_17111
city_us_24689,county_us_28053
city_us_24690,county_us_29097
city_us_24691,county_us_37055
city_us_24692,county_us_48363
city_us_24693,county_us_26057
city_us_24694,county_us_29003
city_us_24695,county_us_02185
city_us_24696,county_us_39161
city_us_24697,county_us_45049
city_us_24698,county_us_31131
city_us_24699,county_us_48427
city_us_24700,county_us_39109
city_us_24701,county_us_32005
city_us_24702,county_us_55031
city_us_24703,county_us_54019
city_us_24704,county_us_38013
city_us_24705,county_us_40063
city_us_24706,county_us_18103
city_us_24707,county_us_49055
city_us_24708,county_us_17099
city_us_24709,county_us_54047
city_us_24710,county_us_29147
city_us_24711,county_us_18085
city_us_24712,county_us_21059
city_us_24713,county_us_18155
city_us_24714,county_us_24045
city_us_24715,county_us_27117
city_us_24716,county_us_29045
city_us_24717,county_us_17091
city_us_24718,county_us_26109
city_us_24719,county_us_30105
city_us_24720,county_us_53057
city_us_24721,county_us_26019
city_us_24722,county_us_27101
city_us_24723,county_us_28051
city_us_24724,county_us_38101
city_us_24725,county_us_20027
city_us_24726,county_us_54019
city_us_24727,county_us_26139
city_us_24728,county_us_18167
city_us_24729,county_us_38055
city_us_24730,county_us_55075
city_us_24731,county_us_17131
city_us_24732,county_us_29107
city_us_24733,county_us_13167
city_us_24734,county_us_41069
city_us_24735,county_us_29105
city_us_24736,county_us_50019
city_us_24737,county_us_41001
city_us_24738,county_us_22101
city_us_24739,county_us_16011
city_us_24740,county_us_17117
city_us_24741,county_us_40101
city_us_24742,county_us_41057
city_us_24743,county_us_22085
city_us_24744,county_us_48479
city_us_24745,county_us_39099
city_us_24746,county_us_31067
city_us_24747,county_us_02290
city_us_24748,county_us_48353
city_us_24749,county_us_27049
city_us_24750,county_us_53047
city_us_24751,county_us_55017
city_us_24752,county_us_42037
city_us_24753,county_us_29079
city_us_24754,county_us_31043
city_us_24755,county_us_09190
city_us_24756,county_us_39121
city_us_24757,county_us_31107
city_us_24758,county_us_30031
city_us_24759,county_us_05029
city_us_24760,county_us_29113
city_us_24761,county_us_02122
city_us_24762,county_us_36077
city_us_24763,county_us_12063
city_us_24764,county_us_55067
city_us_24765,county_us_35006
city_us_24766,county_us_56017
city_us_24767,county_us_12067
city_us_24768,county_us_29131
city_us_24769,county_us_28133
city_us_24770,county_us_26013
city_us_24771,county_us_53057
city_us_24772,county_us_05021
city_us_24773,county_us_20151
city_us_24774,county_us_06053
city_us_24775,county_us_54083
city_us_24776,county_us_38103
city_us_24777,county_us_18125
city_us_24778,county_us_31171
city_us_24779,county_us_22085
city_us_24780,county_us_05113
city_us_24781,county_us_18087
city_us_24782,county_us_29195
city_us_24783,county_us_29113
city_us_24784,county_us_17047
city_us_24785,county_us_41045
city_us_24786,county_us_17203
city_us_24787,county_us_27133
city_us_24788,county_us_39085
city_us_24789,county_us_42109
city_us_24790,county_us_29147
city_us_24791,county_us_21149
city_us_24792,county_us_17001
city_us_24793,county_us_19127
city_us_24794,county_us_17019
city_us_24795,county_us_37019
city_us_24796,county_us_19187
city_us_24797,county_us_40081
city_us_24798,county_us_30099
city_us_24799,county_us_31001
city_us_24800,county_us_05021
city_us_24801,county_us_17045
city_us_24802,county_us_02290
city_us_24803,county_us_31163
city_us_24804,county_us_17069
city_us_24805,county_us_19019
city_us_24806,county_us_29013
city_us_24807,county_us_56037
city_us_24808,county_us_22073
city_us_24809,county_us_01039
city_us_24810,county_us_31181
city_us_24811,county_us_48125
city_us_24812,county_us_40111
city_us_24813,county_us_31131
city_us_24814,county_us_36043
city_us_24815,county_us_48039
city_us_24816,county_us_46023
city_us_24817,county_us_01041
city_us_24818,county_us_08089
city_us_24819,county_us_42087
city_us_24820,county_us_06097
city_us_24821,county_us_48359
city_us_24822,county_us_17183
city_us_24823,county_us_01053
city_us_24824,county_us_48119
city_us_24825,county_us_31119
city_us_24826,county_us_42075
city_us_24827,county_us_18133
city_us_24828,county_us_48427
city_us_24829,county_us_53025
city_us_24830,county_us_17023
city_us_24831,county_us_17013
city_us_24832,county_us_29139
city_us_24833,county_us_01061
city_us_24834,county_us_18005
city_us_24835,county_us_48147
city_us_24836,county_us_18149
city_us_24837,county_us_17093
city_us_24838,county_us_48399
city_us_24839,county_us_20149
city_us_24840,county_us_51005
city_us_24841,county_us_16057
city_us_24842,county_us_21111
city_us_24843,county_us_56031
city_us_24844,county_us_26081
city_us_24845,county_us_13109
city_us_24846,county_us_16083
city_us_24847,county_us_40121
city_us_24848,county_us_21179
city_us_24849,county_us_45013
city_us_24850,county_us_20115
city_us_24851,county_us_29123
city_us_24852,county_us_40061
city_us_24853,county_us_16019
city_us_24854,county_us_54057
city_us_24855,county_us_05117
city_us_24856,county_us_29109
city_us_24857,county_us_21047
city_us_24858,county_us_13087
city_us_24859,county_us_36039
city_us_24860,county_us_28027
city_us_24861,county_us_05043
city_us_24862,county_us_29093
city_us_24863,county_us_17071
city_us_24864,county_us_02090
city_us_24865,county_us_01037
city_us_24866,county_us_38099
city_us_24867,county_us_06103
city_us_24868,county_us_17013
city_us_24869,county_us_45011
city_us_24870,county_us_42013
city_us_24871,county_us_45085
city_us_24872,county_us_27145
city_us_24873,county_us_17095
city_us_24874,county_us_51001
city_us_24875,county_us_30027
city_us_24876,county_us_19077
city_us_24877,county_us_18173
city_us_24878,county_us_08025
city_us_24879,county_us_27085
city_us_24880,county_us_31083
city_us_24881,county_us_48345
city_us_24882,county_us_42013
city_us_24883,county_us_53075
city_us_24884,county_us_17117
city_us_24885,county_us_02180
city_us_24886,county_us_19165
city_us_24887,county_us_42047
city_us_24888,county_us_05069
city_us_24889,county_us_02290
city_us_24890,county_us_19099
city_us_24891,county_us_26131
city_us_24892,county_us_42059
city_us_24893,county_us_22075
city_us_24894,county_us_06113
city_us_24895,county_us_48427
city_us_24896,county_us_54081
city_us_24897,county_us_17189
city_us_24898,county_us_45007
city_us_24899,county_us_42025
city_us_24900,county_us_31095
city_us_24901,county_us_31081
city_us_24902,county_us_29221
city_us_24903,county_us_22111
city_us_24904,county_us_42019
city_us_24905,county_us_51001
city_us_24906,county_us_45083
city_us_24907,county_us_54087
city_us_24908,county_us_17143
city_us_24909,county_us_42123
city_us_24910,county_us_21101
city_us_24911,county_us_24023
city_us_24912,county_us_50005
city_us_24913,county_us_38003
city_us_24914,county_us_27099
city_us_24915,county_us_20147
city_us_24916,county_us_04027
city_us_24917,county_us_18065
city_us_24918,county_us_46115
city_us_24919,county_us_42063
city_us_24920,county_us_55105
city_us_24921,county_us_16007
city_us_24922,county_us_19143
city_us_24923,county_us_29021
city_us_24924,county_us_10005
city_us_24925,county_us_19091
city_us_24926,county_us_38017
city_us_24927,county_us_19171
city_us_24928,county_us_31093
city_us_24929,county_us_29049
city_us_24930,county_us_39033
city_us_24931,county_us_42011
city_us_24932,county_us_35031
city_us_24933,county_us_39003
city_us_24934,county_us_40001
city_us_24935,county_us_20153
city_us_24936,county_us_53039
city_us_24937,county_us_26101
city_us_24938,county_us_20189
city_us_24939,county_us_13255
city_us_24940,county_us_27107
city_us_24941,county_us_26117
city_us_24942,county_us_06101
city_us_24943,county_us_31023
city_us_24944,county_us_40143
city_us_24945,county_us_42013
city_us_24946,county_us_35023
city_us_24947,county_us_39141
city_us_24948,county_us_30047
city_us_24949,county_us_13033
city_us_24950,county_us_49047
city_us_24951,county_us_27029
city_us_24952,county_us_22023
city_us_24953,county_us_40021
city_us_24954,county_us_06019
city_us_24955,county_us_48333
city_us_24956,county_us_30083
city_us_24957,county_us_36105
city_us_24958,county_us_26059
city_us_24959,county_us_36065
city_us_24960,county_us_27023
city_us_24961,county_us_48091
city_us_24962,county_us_08051
city_us_24963,county_us_26101
city_us_24964,county_us_39013
city_us_24965,county_us_06065
city_us_24966,county_us_18049
city_us_24967,county_us_19127
city_us_24968,county_us_31125
city_us_24969,county_us_22031
city_us_24970,county_us_40121
city_us_24971,county_us_20187
city_us_24972,county_us_10003
city_us_24973,county_us_17073
city_us_24974,county_us_27115
city_us_24975,county_us_51061
city_us_24976,county_us_20121
city_us_24977,county_us_42033
city_us_24978,county_us_20123
city_us_24979,county_us_46111
city_us_24980,county_us_39093
city_us_24981,county_us_29201
city_us_24982,county_us_35049
city_us_24983,county_us_41023
city_us_24984,county_us_20149
city_us_24985,county_us_30007
city_us_24986,county_us_18031
city_us_24987,county_us_02188
city_us_24988,county_us_29071
city_us_24989,county_us_55033
city_us_24990,county_us_48219
city_us_24991,county_us_36013
city_us_24992,county_us_48451
city_us_24993,county_us_20013
city_us_24994,county_us_39117
city_us_24995,county_us_18017
city_us_24996,county_us_39001
city_us_24997,county_us_30053
city_us_24998,county_us_29079
city_us_24999,county_us_42125
city_us_25000,county_us_42129
city_us_25001,county_us_48213
city_us_25002,county_us_17199
city_us_25003,county_us_35017
city_us_25004,county_us_32033
city_us_25005,county_us_04007
city_us_25006,county_us_08047
city_us_25007,county_us_24043
city_us_25008,county_us_17073
city_us_25009,county_us_31025
city_us_25010,county_us_38061
city_us_25011,county_us_48089
city_us_25012,county_us_29089
city_us_25013,county_us_46041
city_us_25014,county_us_21105
city_us_25015,county_us_30063
city_us_25016,county_us_19073
city_us_25017,county_us_47167
city_us_25018,county_us_39173
city_us_25019,county_us_29033
city_us_25020,county_us_31095
city_us_25021,county_us_26151
city_us_25022,county_us_55007
city_us_25023,county_us_37171
city_us_25024,county_us_18057
city_us_25025,county_us_35019
city_us_25026,county_us_29147
city_us_25027,county_us_35037
city_us_25028,county_us_56029
city_us_25029,county_us_18005
city_us_25030,county_us_27073
city_us_25031,county_us_06027
city_us_25032,county_us_18089
city_us_25033,county_us_04019
city_us_25034,county_us_19189
city_us_25035,county_us_48427
city_us_25036,county_us_31025
city_us_25037,county_us_45083
city_us_25038,county_us_17049
city_us_25039,county_us_01075
city_us_25040,county_us_27169
city_us_25041,county_us_20149
city_us_25042,county_us_17039
city_us_25043,county_us_20109
city_us_25044,county_us_42027
city_us_25045,county_us_54075
city_us_25046,county_us_47099
city_us_25047,county_us_16067
city_us_25048,county_us_29213
city_us_25049,county_us_54033
city_us_25050,county_us_42061
city_us_25051,county_us_54057
city_us_25052,county_us_01129
city_us_25053,county_us_18125
city_us_25054,county_us_42013
city_us_25055,county_us_24031
city_us_25056,county_us_39171
city_us_25057,county_us_20115
city_us_25058,county_us_21103
city_us_25059,county_us_55025
city_us_25060,county_us_56023
city_us_25061,county_us_35035
city_us_25062,county_us_40025
city_us_25063,county_us_38089
city_us_25064,county_us_46005
city_us_25065,county_us_13087
city_us_25066,county_us_51171
city_us_25067,county_us_37051
city_us_25068,county_us_55065
city_us_25069,county_us_13289
city_us_25070,county_us_19187
city_us_25071,county_us_28083
city_us_25072,county_us_55111
city_us_25073,county_us_06025
city_us_25074,county_us_29097
city_us_25075,county_us_04017
city_us_25076,county_us_54083
city_us_25077,county_us_39005
city_us_25078,county_us_42011
city_us_25079,county_us_56021
city_us_25080,county_us_53051
city_us_25081,county_us_27021
city_us_25082,county_us_49027
city_us_25083,county_us_20049
city_us_25084,county_us_20167
city_us_25085,county_us_06049
city_us_25086,county_us_06047
city_us_25087,county_us_38055
city_us_25088,county_us_48061
city_us_25089,county_us_02180
city_us_25090,county_us_27173
city_us_25091,county_us_17171
city_us_25092,county_us_29201
city_us_25093,county_us_42019
city_us_25094,county_us_41057
city_us_25095,county_us_05025
city_us_25096,county_us_12101
city_us_25097,county_us_27051
city_us_25098,county_us_35017
city_us_25099,county_us_13163
city_us_25100,county_us_51077
city_us_25101,county_us_51003
city_us_25102,county_us_21163
city_us_25103,county_us_51185
city_us_25104,county_us_39031
city_us_25105,county_us_26041
city_us_25106,county_us_21155
city_us_25107,county_us_42021
city_us_25108,county_us_01121
city_us_25109,county_us_05139
city_us_25110,county_us_27073
city_us_25111,county_us_45081
city_us_25112,county_us_37055
city_us_25113,county_us_54047
city_us_25114,county_us_32031
city_us_25115,county_us_05065
city_us_25116,county_us_41045
city_us_25117,county_us_17091
city_us_25118,county_us_45001
city_us_25119,county_us_17083
city_us_25120,county_us_22127
city_us_25121,county_us_39147
city_us_25122,county_us_45085
city_us_25123,county_us_37015
city_us_25124,county_us_39009
city_us_25125,county_us_19053
city_us_25126,county_us_42039
city_us_25127,county_us_30031
city_us_25128,county_us_55023
city_us_25129,county_us_46095
city_us_25130,county_us_21107
city_us_25131,county_us_18179
city_us_25132,county_us_35015
city_us_25133,county_us_17191
city_us_25134,county_us_40001
city_us_25135,county_us_40003
city_us_25136,county_us_24001
city_us_25137,county_us_46037
city_us_25138,county_us_17117
city_us_25139,county_us_29047
city_us_25140,county_us_37137
city_us_25141,county_us_54035
city_us_25142,county_us_06043
city_us_25143,county_us_05081
city_us_25144,county_us_04015
city_us_25145,county_us_27073
city_us_25146,county_us_19099
city_us_25147,county_us_41017
city_us_25148,county_us_19121
city_us_25149,county_us_05011
city_us_25150,county_us_13211
city_us_25151,county_us_17183
city_us_25152,county_us_40021
city_us_25153,county_us_04009
city_us_25154,county_us_48067
city_us_25155,county_us_54071
city_us_25156,county_us_40031
city_us_25157,county_us_54109
city_us_25158,county_us_38049
city_us_25159,county_us_29091
city_us_25160,county_us_20161
city_us_25161,county_us_02122
city_us_25162,county_us_18167
city_us_25163,county_us_22009
city_us_25164,county_us_13199
city_us_25165,county_us_13133
city_us_25166,county_us_20149
city_us_25167,county_us_08071
city_us_25168,county_us_51027
city_us_25169,county_us_29201
city_us_25170,county_us_28153
city_us_25171,county_us_30067
city_us_25172,county_us_31147
city_us_25173,county_us_26077
city_us_25174,county_us_24011
city_us_25175,county_us_02290
city_us_25176,county_us_29033
city_us_25177,county_us_08035
city_us_25178,county_us_05001
city_us_25179,county_us_06079
city_us_25180,county_us_19155
city_us_25181,county_us_53065
city_us_25182,county_us_05101
city_us_25183,county_us_56001
city_us_25184,county_us_38055
city_us_25185,county_us_39167
city_us_25186,county_us_27127
city_us_25187,county_us_27007
city_us_25188,county_us_54005
city_us_25189,county_us_27167
city_us_25190,county_us_31031
city_us_25191,county_us_19037
city_us_25192,county_us_06107
city_us_25193,county_us_18065
city_us_25194,county_us_40129
city_us_25195,county_us_51019
city_us_25196,county_us_38017
city_us_25197,county_us_06019
city_us_25198,county_us_48409
city_us_25199,county_us_48427
city_us_25200,county_us_38011
city_us_25201,county_us_40121
city_us_25202,county_us_19069
city_us_25203,county_us_30041
city_us_25204,county_us_42035
city_us_25205,county_us_18079
city_us_25206,county_us_19113
city_us_25207,county_us_21031
city_us_25208,county_us_17001
city_us_25209,county_us_08113
city_us_25210,county_us_49053
city_us_25211,county_us_19151
city_us_25212,county_us_27063
city_us_25213,county_us_17121
city_us_25214,county_us_51047
city_us_25215,county_us_35057
city_us_25216,county_us_29201
city_us_25217,county_us_22127
city_us_25218,county_us_54055
city_us_25219,county_us_55097
city_us_25220,county_us_12113
city_us_25221,county_us_04003
city_us_25222,county_us_35039
city_us_25223,county_us_24043
city_us_25224,county_us_53049
city_us_25225,county_us_18109
city_us_25226,county_us_30015
city_us_25227,county_us_19085
city_us_25228,county_us_01037
city_us_25229,county_us_45009
city_us_25230,county_us_17173
city_us_25231,county_us_21037
city_us_25232,county_us_26131
city_us_25233,county_us_18175
city_us_25234,county_us_19123
city_us_25235,county_us_08013
city_us_25236,county_us_40029
city_us_25237,county_us_05111
city_us_25238,county_us_27171
city_us_25239,county_us_19021
city_us_25240,county_us_42005
city_us_25241,county_us_12065
city_us_25242,county_us_42079
city_us_25243,county_us_36045
city_us_25244,county_us_48039
city_us_25245,county_us_36021
city_us_25246,county_us_18065
city_us_25247,county_us_16049
city_us_25248,county_us_46041
city_us_25249,county_us_15001
city_us_25250,county_us_18069
city_us_25251,county_us_37109
city_us_25252,county_us_20073
city_us_25253,county_us_48043
city_us_25254,county_us_19111
city_us_25255,county_us_40097
city_us_25256,county_us_12105
city_us_25257,county_us_29197
city_us_25258,county_us_18153
city_us_25259,county_us_31169
city_us_25260,county_us_30073
city_us_25261,county_us_06041
city_us_25262,county_us_05039
city_us_25263,county_us_32013
city_us_25264,county_us_18119
city_us_25265,county_us_19081
city_us_25266,county_us_35003
city_us_25267,county_us_06047
city_us_25268,county_us_02240
city_us_25269,county_us_08003
city_us_25270,county_us_30069
city_us_25271,county_us_38039
city_us_25272,county_us_09190
city_us_25273,county_us_30009
city_us_25274,county_us_37037
city_us_25275,county_us_53049
city_us_25276,county_us_50021
city_us_25277,county_us_42007
city_us_25278,county_us_12065
city_us_25279,county_us_20053
city_us_25280,county_us_22079
city_us_25281,county_us_29061
city_us_25282,county_us_55055
city_us_25283,county_us_29145
city_us_25284,county_us_22097
city_us_25285,county_us_27069
city_us_25286,county_us_28007
city_us_25287,county_us_28105
city_us_25288,county_us_41057
city_us_25289,county_us_19133
city_us_25290,county_us_42059
city_us_25291,county_us_18141
city_us_25292,county_us_21111
city_us_25293,county_us_45025
city_us_25294,county_us_35049
city_us_25295,county_us_37131
city_us_25296,county_us_41003
city_us_25297,county_us_27075
city_us_25298,county_us_39111
city_us_25299,county_us_53001
city_us_25300,county_us_27161
city_us_25301,county_us_06089
city_us_25302,county_us_48349
city_us_25303,county_us_54005
city_us_25304,county_us_05137
city_us_25305,county_us_39111
city_us_25306,county_us_20155
city_us_25307,county_us_05075
city_us_25308,county_us_46031
city_us_25309,county_us_45049
city_us_25310,county_us_42081
city_us_25311,county_us_55135
city_us_25312,county_us_17085
city_us_25313,county_us_18095
city_us_25314,county_us_20163
city_us_25315,county_us_54019
city_us_25316,county_us_42037
city_us_25317,county_us_24045
city_us_25318,county_us_46115
city_us_25319,county_us_40035
city_us_25320,county_us_48331
city_us_25321,county_us_34011
city_us_25322,county_us_39029
city_us_25323,county_us_16067
city_us_25324,county_us_24043
city_us_25325,county_us_27135
city_us_25326,county_us_19049
city_us_25327,county_us_50005
city_us_25328,county_us_38017
city_us_25329,county_us_39117
city_us_25330,county_us_55053
city_us_25331,county_us_18065
city_us_25332,county_us_46079
city_us_25333,county_us_21193
city_us_25334,county_us_24035
city_us_25335,county_us_48001
city_us_25336,county_us_19165
city_us_25337,county_us_18085
city_us_25338,county_us_30095
city_us_25339,county_us_55103
city_us_25340,county_us_01099
city_us_25341,county_us_35051
city_us_25342,county_us_48057
city_us_25343,county_us_38019
city_us_25344,county_us_29149
city_us_25345,county_us_06063
city_us_25346,county_us_56013
city_us_25347,county_us_55081
city_us_25348,county_us_40037
city_us_25349,county_us_42085
city_us_25350,county_us_35061
city_us_25351,county_us_53025
city_us_25352,county_us_40043
city_us_25353,county_us_19041
city_us_25354,county_us_46011
city_us_25355,county_us_28083
city_us_25356,county_us_22127
city_us_25357,county_us_55051
city_us_25358,county_us_27067
city_us_25359,county_us_20183
city_us_25360,county_us_56027
city_us_25361,county_us_30029
city_us_25362,county_us_18027
city_us_25363,county_us_12113
city_us_25364,county_us_18035
city_us_25365,county_us_47115
city_us_25366,county_us_40041
city_us_25367,county_us_30083
city_us_25368,county_us_35031
city_us_25369,county_us_29143
city_us_25370,county_us_39161
city_us_25371,county_us_46013
city_us_25372,county_us_05111
city_us_25373,county_us_46091
city_us_25374,county_us_37153
city_us_25375,county_us_18161
city_us_25376,county_us_55113
city_us_25377,county_us_46059
city_us_25378,county_us_35053
city_us_25379,county_us_18015
city_us_25380,county_us_55049
city_us_25381,county_us_53009
city_us_25382,county_us_29227
city_us_25383,county_us_20165
city_us_25384,county_us_39065
city_us_25385,county_us_39149
city_us_25386,county_us_45047
city_us_25387,county_us_05093
city_us_25388,county_us_28119
city_us_25389,county_us_02068
city_us_25390,county_us_55023
city_us_25391,county_us_55085
city_us_25392,county_us_31047
city_us_25393,county_us_55078
city_us_25394,county_us_54083
city_us_25395,county_us_30047
city_us_25396,county_us_48489
city_us_25397,county_us_21007
city_us_25398,county_us_08119
city_us_25399,county_us_06029
city_us_25400,county_us_27029
city_us_25401,county_us_05065
city_us_25402,county_us_24043
city_us_25403,county_us_40097
city_us_25404,county_us_31137
city_us_25405,county_us_08071
city_us_25406,county_us_17183
city_us_25407,county_us_37131
city_us_25408,county_us_29031
city_us_25409,county_us_31129
city_us_25410,county_us_16069
city_us_25411,county_us_19071
city_us_25412,county_us_17051
city_us_25413,county_us_17145
city_us_25414,county_us_29201
city_us_25415,county_us_48021
city_us_25416,county_us_19043
city_us_25417,county_us_48185
city_us_25418,county_us_48215
city_us_25419,county_us_26029
city_us_25420,county_us_19125
city_us_25421,county_us_35017
city_us_25422,county_us_42121
city_us_25423,county_us_27169
city_us_25424,county_us_51001
city_us_25425,county_us_48165
city_us_25426,county_us_19139
city_us_25427,county_us_33003
city_us_25428,county_us_02185
city_us_25429,county_us_27043
city_us_25430,county_us_56021
city_us_25431,county_us_16073
city_us_25432,county_us_02122
city_us_25433,county_us_26101
city_us_25434,county_us_55007
city_us_25435,county_us_37047
city_us_25436,county_us_19027
city_us_25437,county_us_28117
city_us_25438,county_us_20003
city_us_25439,county_us_53063
city_us_25440,county_us_48359
city_us_25441,county_us_18075
city_us_25442,county_us_27133
city_us_25443,county_us_39155
city_us_25444,county_us_39037
city_us_25445,county_us_10001
city_us_25446,county_us_19163
city_us_25447,county_us_31051
city_us_25448,county_us_19015
city_us_25449,county_us_46039
city_us_25450,county_us_47149
city_us_25451,county_us_31185
city_us_25452,county_us_17167
city_us_25453,county_us_08019
city_us_25454,county_us_05021
city_us_25455,county_us_40063
city_us_25456,county_us_31003
city_us_25457,county_us_27117
city_us_25458,county_us_17147
city_us_25459,county_us_40135
city_us_25460,county_us_06027
city_us_25461,county_us_19183
city_us_25462,county_us_36019
city_us_25463,county_us_17139
city_us_25464,county_us_17107
city_us_25465,county_us_04012
city_us_25466,county_us_04021
city_us_25467,county_us_04021
city_us_25468,county_us_50015
city_us_25469,county_us_22041
city_us_25470,county_us_13027
city_us_25471,county_us_27069
city_us_25472,county_us_42099
city_us_25473,county_us_45029
city_us_25474,county_us_09190
city_us_25475,county_us_18083
city_us_25476,county_us_17159
city_us_25477,county_us_56041
city_us_25478,county_us_29045
city_us_25479,county_us_17073
city_us_25480,county_us_51155
city_us_25481,county_us_09190
city_us_25482,county_us_19023
city_us_25483,county_us_35039
city_us_25484,county_us_42027
city_us_25485,county_us_56023
city_us_25486,county_us_50025
city_us_25487,county_us_26041
city_us_25488,county_us_20155
city_us_25489,county_us_01111
city_us_25490,county_us_48207
city_us_25491,county_us_27119
city_us_25492,county_us_19049
city_us_25493,county_us_27083
city_us_25494,county_us_04019
city_us_25495,county_us_48063
city_us_25496,county_us_18173
city_us_25497,county_us_19127
city_us_25498,county_us_42037
city_us_25499,county_us_54005
city_us_25500,county_us_06049
city_us_25501,county_us_22065
city_us_25502,county_us_04023
city_us_25503,county_us_20151
city_us_25504,county_us_55125
city_us_25505,county_us_30045
city_us_25506,county_us_36077
city_us_25507,county_us_42037
city_us_25508,county_us_31015
city_us_25509,county_us_48417
city_us_25510,county_us_05043
city_us_25511,county_us_37147
city_us_25512,county_us_18023
city_us_25513,county_us_17111
city_us_25514,county_us_46077
city_us_25515,county_us_01127
city_us_25516,county_us_27035
city_us_25517,county_us_17011
city_us_25518,county_us_19149
city_us_25519,county_us_40133
city_us_25520,county_us_30047
city_us_25521,county_us_55057
city_us_25522,county_us_19163
city_us_25523,county_us_40151
city_us_25524,county_us_22059
city_us_25525,county_us_46127
city_us_25526,county_us_17061
city_us_25527,county_us_18007
city_us_25528,county_us_41057
city_us_25529,county_us_53063
city_us_25530,county_us_19173
city_us_25531,county_us_08015
city_us_25532,county_us_41043
city_us_25533,county_us_42011
city_us_25534,county_us_53049
city_us_25535,county_us_51001
city_us_25536,county_us_20099
city_us_25537,county_us_50001
city_us_25538,county_us_19063
city_us_25539,county_us_17071
city_us_25540,county_us_41023
city_us_25541,county_us_17193
city_us_25542,county_us_31141
city_us_25543,county_us_47139
city_us_25544,county_us_55007
city_us_25545,county_us_19129
city_us_25546,county_us_13107
city_us_25547,county_us_22111
city_us_25548,county_us_37117
city_us_25549,county_us_41057
city_us_25550,county_us_22013
city_us_25551,county_us_17141
city_us_25552,county_us_04005
city_us_25553,county_us_21083
city_us_25554,county_us_06071
city_us_25555,county_us_22013
city_us_25556,county_us_42063
city_us_25557,county_us_39049
city_us_25558,county_us_51061
city_us_25559,county_us_56029
city_us_25560,county_us_12009
city_us_25561,county_us_39041
city_us_25562,county_us_34011
city_us_25563,county_us_38077
city_us_25564,county_us_08119
city_us_25565,county_us_18179
city_us_25566,county_us_21059
city_us_25567,county_us_05025
city_us_25568,county_us_40009
city_us_25569,county_us_34041
city_us_25570,county_us_36057
city_us_25571,county_us_42011
city_us_25572,county_us_40033
city_us_25573,county_us_13317
city_us_25574,county_us_19133
city_us_25575,county_us_17099
city_us_25576,county_us_18179
city_us_25577,county_us_19141
city_us_25578,county_us_36051
city_us_25579,county_us_42095
city_us_25580,county_us_42111
city_us_25581,county_us_30047
city_us_25582,county_us_27097
city_us_25583,county_us_30041
city_us_25584,county_us_24001
city_us_25585,county_us_17067
city_us_25586,county_us_02016
city_us_25587,county_us_31057
city_us_25588,county_us_08123
city_us_25589,county_us_45047
city_us_25590,county_us_02066
city_us_25591,county_us_47077
city_us_25592,county_us_17117
city_us_25593,county_us_12069
city_us_25594,county_us_26089
city_us_25595,county_us_21071
city_us_25596,county_us_18015
city_us_25597,county_us_08123
city_us_25598,county_us_35043
city_us_25599,county_us_26019
city_us_25600,county_us_20169
city_us_25601,county_us_05103
city_us_25602,county_us_35017
city_us_25603,county_us_50007
city_us_25604,county_us_16069
city_us_25605,county_us_04001
city_us_25606,county_us_01023
city_us_25607,county_us_08087
city_us_25608,county_us_42013
city_us_25609,county_us_34041
city_us_25610,county_us_48309
city_us_25611,county_us_17171
city_us_25612,county_us_16035
city_us_25613,county_us_29217
city_us_25614,county_us_41045
city_us_25615,county_us_40047
city_us_25616,county_us_21097
city_us_25617,county_us_27107
city_us_25618,county_us_01019
city_us_25619,county_us_05061
city_us_25620,county_us_51091
city_us_25621,county_us_42127
city_us_25622,county_us_05063
city_us_25623,county_us_42115
city_us_25624,county_us_24031
city_us_25625,county_us_29205
city_us_25626,county_us_34011
city_us_25627,county_us_48427
city_us_25628,county_us_26089
city_us_25629,county_us_13297
city_us_25630,county_us_37017
city_us_25631,county_us_31109
city_us_25632,county_us_18109
city_us_25633,county_us_54085
city_us_25634,county_us_20021
city_us_25635,county_us_30077
city_us_25636,county_us_18021
city_us_25637,county_us_42039
city_us_25638,county_us_30013
city_us_25639,county_us_24045
city_us_25640,county_us_19187
city_us_25641,county_us_48073
city_us_25642,county_us_05041
city_us_25643,county_us_45075
city_us_25644,county_us_18049
city_us_25645,county_us_19051
city_us_25646,county_us_41019
city_us_25647,county_us_29047
city_us_25648,county_us_40011
city_us_25649,county_us_40055
city_us_25650,county_us_18171
city_us_25651,county_us_16049
city_us_25652,county_us_31157
city_us_25653,county_us_12001
city_us_25654,county_us_45047
city_us_25655,county_us_46115
city_us_25656,county_us_51185
city_us_25657,county_us_20131
city_us_25658,county_us_42107
city_us_25659,county_us_06101
city_us_25660,county_us_29137
city_us_25661,county_us_42031
city_us_25662,county_us_34011
city_us_25663,county_us_38005
city_us_25664,county_us_06003
city_us_25665,county_us_30027
city_us_25666,county_us_20003
city_us_25667,county_us_54047
city_us_25668,county_us_42033
city_us_25669,county_us_17033
city_us_25670,county_us_01131
city_us_25671,county_us_17135
city_us_25672,county_us_56037
city_us_25673,county_us_20019
city_us_25674,county_us_31041
city_us_25675,county_us_30071
city_us_25676,county_us_53045
city_us_25677,county_us_38093
city_us_25678,county_us_29107
city_us_25679,county_us_51027
city_us_25680,county_us_19079
city_us_25681,county_us_06051
city_us_25682,county_us_42001
city_us_25683,county_us_42063
city_us_25684,county_us_32031
city_us_25685,county_us_17087
city_us_25686,county_us_26141
city_us_25687,county_us_19069
city_us_25688,county_us_21083
city_us_25689,county_us_17009
city_us_25690,county_us_39151
city_us_25691,county_us_50013
city_us_25692,county_us_18023
city_us_25693,county_us_50003
city_us_25694,county_us_19145
city_us_25695,county_us_29017
city_us_25696,county_us_50007
city_us_25697,county_us_21219
city_us_25698,county_us_37015
city_us_25699,county_us_21111
city_us_25700,county_us_42013
city_us_25701,county_us_16055
city_us_25702,county_us_29047
city_us_25703,county_us_40051
city_us_25704,county_us_29147
city_us_25705,county_us_40083
city_us_25706,county_us_42119
city_us_25707,county_us_39025
city_us_25708,county_us_20163
city_us_25709,county_us_38057
city_us_25710,county_us_18125
city_us_25711,county_us_42107
city_us_25712,county_us_10001
city_us_25713,county_us_18091
city_us_25714,county_us_27061
city_us_25715,county_us_37103
city_us_25716,county_us_18087
city_us_25717,county_us_42013
city_us_25718,county_us_48349
city_us_25719,county_us_19079
city_us_25720,county_us_19081
city_us_25721,county_us_20087
city_us_25722,county_us_18091
city_us_25723,county_us_39009
city_us_25724,county_us_29033
city_us_25725,county_us_30031
city_us_25726,county_us_28117
city_us_25727,county_us_41025
city_us_25728,county_us_39165
city_us_25729,county_us_19107
city_us_25730,county_us_42125
city_us_25731,county_us_18067
city_us_25732,county_us_35043
city_us_25733,county_us_08115
city_us_25734,county_us_06031
city_us_25735,county_us_45067
city_us_25736,county_us_04003
city_us_25737,county_us_19015
city_us_25738,county_us_24045
city_us_25739,county_us_42115
city_us_25740,county_us_17183
city_us_25741,county_us_54075
city_us_25742,county_us_18165
city_us_25743,county_us_17159
city_us_25744,county_us_18005
city_us_25745,county_us_53075
city_us_25746,county_us_05029
city_us_25747,county_us_31023
city_us_25748,county_us_05041
city_us_25749,county_us_39137
city_us_25750,county_us_38037
city_us_25751,county_us_35053
city_us_25752,county_us_17067
city_us_25753,county_us_18113
city_us_25754,county_us_27099
city_us_25755,county_us_19145
city_us_25756,county_us_05105
city_us_25757,county_us_17057
city_us_25758,county_us_29113
city_us_25759,county_us_29153
city_us_25760,county_us_19155
city_us_25761,county_us_31109
city_us_25762,county_us_40131
city_us_25763,county_us_48077
city_us_25764,county_us_22127
city_us_25765,county_us_28095
city_us_25766,county_us_46115
city_us_25767,county_us_53069
city_us_25768,county_us_24045
city_us_25769,county_us_42019
city_us_25770,county_us_55127
city_us_25771,county_us_06079
city_us_25772,county_us_46121
city_us_25773,county_us_56035
city_us_25774,county_us_35047
city_us_25775,county_us_13303
city_us_25776,county_us_21203
city_us_25777,county_us_17197
city_us_25778,county_us_27021
city_us_25779,county_us_29003
city_us_25780,county_us_48277
city_us_25781,county_us_42011
city_us_25782,county_us_31129
city_us_25783,county_us_06019
city_us_25784,county_us_15009
city_us_25785,county_us_02240
city_us_25786,county_us_04019
city_us_25787,county_us_02164
city_us_25788,county_us_37197
city_us_25789,county_us_48143
city_us_25790,county_us_40097
city_us_25791,county_us_15003
city_us_25792,county_us_19079
city_us_25793,county_us_29177
city_us_25794,county_us_19005
city_us_25795,county_us_29141
city_us_25796,county_us_31065
city_us_25797,county_us_48057
city_us_25798,county_us_01067
city_us_25799,county_us_28017
city_us_25800,county_us_18177
city_us_25801,county_us_19193
city_us_25802,county_us_29007
city_us_25803,county_us_47023
city_us_25804,county_us_40077
city_us_25805,county_us_40149
city_us_25806,county_us_22053
city_us_25807,county_us_19051
city_us_25808,county_us_17083
city_us_25809,county_us_28119
city_us_25810,county_us_38077
city_us_25811,county_us_18015
city_us_25812,county_us_47151
city_us_25813,county_us_41005
city_us_25814,county_us_22017
city_us_25815,county_us_51083
city_us_25816,county_us_55095
city_us_25817,county_us_17107
city_us_25818,county_us_47043
city_us_25819,county_us_19161
city_us_25820,county_us_27111
city_us_25821,county_us_48187
city_us_25822,county_us_20111
city_us_25823,county_us_04017
city_us_25824,county_us_40097
city_us_25825,county_us_05025
city_us_25826,county_us_28011
city_us_25827,county_us_40121
city_us_25828,county_us_17065
city_us_25829,county_us_18025
city_us_25830,county_us_39157
city_us_25831,county_us_48039
city_us_25832,county_us_49013
city_us_25833,county_us_48427
city_us_25834,county_us_18045
city_us_25835,county_us_31015
city_us_25836,county_us_29061
city_us_25837,county_us_04001
city_us_25838,county_us_20193
city_us_25839,county_us_17105
city_us_25840,county_us_51023
city_us_25841,county_us_30047
city_us_25842,county_us_48269
city_us_25843,county_us_56035
city_us_25844,county_us_17137
city_us_25845,county_us_42007
city_us_25846,county_us_18165
city_us_25847,county_us_19141
city_us_25848,county_us_26029
city_us_25849,county_us_38017
city_us_25850,county_us_53071
city_us_25851,county_us_38003
city_us_25852,county_us_36077
city_us_25853,county_us_15001
city_us_25854,county_us_50021
city_us_25855,county_us_17203
city_us_25856,county_us_51165
city_us_25857,county_us_20201
city_us_25858,county_us_27119
city_us_25859,county_us_20091
city_us_25860,county_us_27027
city_us_25861,county_us_39025
city_us_25862,county_us_06019
city_us_25863,county_us_02150
city_us_25864,county_us_20085
city_us_25865,county_us_06083
city_us_25866,county_us_39167
city_us_25867,county_us_01055
city_us_25868,county_us_22003
city_us_25869,county_us_19095
city_us_25870,county_us_19035
city_us_25871,county_us_02066
city_us_25872,county_us_18107
city_us_25873,county_us_38053
city_us_25874,county_us_46095
city_us_25875,county_us_22097
city_us_25876,county_us_01017
city_us_25877,county_us_22013
city_us_25878,county_us_48215
city_us_25879,county_us_26015
city_us_25880,county_us_29075
city_us_25881,county_us_38073
city_us_25882,county_us_34009
city_us_25883,county_us_29195
city_us_25884,county_us_29119
city_us_25885,county_us_39091
city_us_25886,county_us_22069
city_us_25887,county_us_54025
city_us_25888,county_us_53047
city_us_25889,county_us_30067
city_us_25890,county_us_19045
city_us_25891,county_us_42085
city_us_25892,county_us_51101
city_us_25893,county_us_18127
city_us_25894,county_us_17175
city_us_25895,county_us_42065
city_us_25896,county_us_30065
city_us_25897,county_us_54053
city_us_25898,county_us_12021
city_us_25899,county_us_39159
city_us_25900,county_us_50005
city_us_25901,county_us_17197
city_us_25902,county_us_19011
city_us_25903,county_us_48043
city_us_25904,county_us_21083
city_us_25905,county_us_39121
city_us_25906,county_us_51195
city_us_25907,county_us_18175
city_us_25908,county_us_27107
city_us_25909,county_us_41023
city_us_25910,county_us_40089
city_us_25911,county_us_55127
city_us_25912,county_us_36103
city_us_25913,county_us_17119
city_us_25914,county_us_16083
city_us_25915,county_us_40001
city_us_25916,county_us_05129
city_us_25917,county_us_49049
city_us_25918,county_us_56041
city_us_25919,county_us_04023
city_us_25920,county_us_29201
city_us_25921,county_us_29107
city_us_25922,county_us_54101
city_us_25923,county_us_02100
city_us_25924,county_us_23029
city_us_25925,county_us_42013
city_us_25926,county_us_27071
city_us_25927,county_us_35009
city_us_25928,county_us_29049
city_us_25929,county_us_19089
city_us_25930,county_us_46097
city_us_25931,county_us_40005
city_us_25932,county_us_05083
city_us_25933,county_us_24011
city_us_25934,county_us_50001
city_us_25935,county_us_39145
city_us_25936,county_us_19127
city_us_25937,county_us_42117
city_us_25938,county_us_29123
city_us_25939,county_us_34009
city_us_25940,county_us_48339
city_us_25941,county_us_42013
city_us_25942,county_us_18129
city_us_25943,county_us_42061
city_us_25944,county_us_17103
city_us_25945,county_us_36065
city_us_25946,county_us_18147
city_us_25947,county_us_39093
city_us_25948,county_us_48427
city_us_25949,county_us_46135
city_us_25950,county_us_40135
city_us_25951,county_us_04015
city_us_25952,county_us_30085
city_us_25953,county_us_06023
city_us_25954,county_us_21111
city_us_25955,county_us_50021
city_us_25956,county_us_18003
city_us_25957,county_us_31135
city_us_25958,county_us_29133
city_us_25959,county_us_29147
city_us_25960,county_us_31109
city_us_25961,county_us_38003
city_us_25962,county_us_20151
city_us_25963,county_us_01097
city_us_25964,county_us_19157
city_us_25965,county_us_17057
city_us_25966,county_us_42029
city_us_25967,county_us_18015
city_us_25968,county_us_29159
city_us_25969,county_us_21083
city_us_25970,county_us_31041
city_us_25971,county_us_20105
city_us_25972,county_us_37187
city_us_25973,county_us_40107
city_us_25974,county_us_51107
city_us_25975,county_us_40019
city_us_25976,county_us_20015
city_us_25977,county_us_21177
city_us_25978,county_us_17131
city_us_25979,county_us_19135
city_us_25980,county_us_39029
city_us_25981,county_us_20127
city_us_25982,county_us_16077
city_us_25983,county_us_27157
city_us_25984,county_us_17135
city_us_25985,county_us_56015
city_us_25986,county_us_06035
city_us_25987,county_us_12071
city_us_25988,county_us_39067
city_us_25989,county_us_38007
city_us_25990,county_us_48047
city_us_25991,county_us_17073
city_us_25992,county_us_27173
city_us_25993,county_us_12113
city_us_25994,county_us_01047
city_us_25995,county_us_06105
city_us_25996,county_us_42125
city_us_25997,county_us_13087
city_us_25998,county_us_55105
city_us_25999,county_us_18145
city_us_26000,county_us_26107
city_us_26001,county_us_19043
city_us_26002,county_us_17185
city_us_26003,county_us_13005
city_us_26004,county_us_48307
city_us_26005,county_us_39135
city_us_26006,county_us_40149
city_us_26007,county_us_31153
city_us_26008,county_us_19095
city_us_26009,county_us_42013
city_us_26010,county_us_17045
city_us_26011,county_us_20201
city_us_26012,county_us_09190
city_us_26013,county_us_18017
city_us_26014,county_us_38063
city_us_26015,county_us_39059
city_us_26016,county_us_27165
city_us_26017,county_us_19039
city_us_26018,county_us_20207
city_us_26019,county_us_54049
city_us_26020,county_us_42063
city_us_26021,county_us_47071
city_us_26022,county_us_19087
city_us_26023,county_us_40041
city_us_26024,county_us_18045
city_us_26025,county_us_51195
city_us_26026,county_us_17117
city_us_26027,county_us_19147
city_us_26028,county_us_06029
city_us_26029,county_us_55078
city_us_26030,county_us_36077
city_us_26031,county_us_30013
city_us_26032,county_us_29097
city_us_26033,county_us_26019
city_us_26034,county_us_24011
city_us_26035,county_us_26047
city_us_26036,county_us_31109
city_us_26037,county_us_26101
city_us_26038,county_us_48213
city_us_26039,county_us_31183
city_us_26040,county_us_05121
city_us_26041,county_us_40051
city_us_26042,county_us_38041
city_us_26043,county_us_35006
city_us_26044,county_us_04007
city_us_26045,county_us_55135
city_us_26046,county_us_31057
city_us_26047,county_us_21111
city_us_26048,county_us_18045
city_us_26049,county_us_24011
city_us_26050,county_us_38063
city_us_26051,county_us_45075
city_us_26052,county_us_51001
city_us_26053,county_us_17147
city_us_26054,county_us_38059
city_us_26055,county_us_20057
city_us_26056,county_us_16057
city_us_26057,county_us_36113
city_us_26058,county_us_08083
city_us_26059,county_us_19041
city_us_26060,county_us_39075
city_us_26061,county_us_08063
city_us_26062,county_us_31155
city_us_26063,county_us_08071
city_us_26064,county_us_18167
city_us_26065,county_us_36051
city_us_26066,county_us_38017
city_us_26067,county_us_47165
city_us_26068,county_us_19139
city_us_26069,county_us_42111
city_us_26070,county_us_40079
city_us_26071,county_us_28035
city_us_26072,county_us_29103
city_us_26073,county_us_42037
city_us_26074,county_us_29117
city_us_26075,county_us_39137
city_us_26076,county_us_42015
city_us_26077,county_us_31083
city_us_26078,county_us_48299
city_us_26079,county_us_55073
city_us_26080,county_us_29131
city_us_26081,county_us_42013
city_us_26082,county_us_17113
city_us_26083,county_us_08015
city_us_26084,county_us_54011
city_us_26085,county_us_31059
city_us_26086,county_us_18149
city_us_26087,county_us_45071
city_us_26088,county_us_55023
city_us_26089,county_us_24017
city_us_26090,county_us_37155
city_us_26091,county_us_29099
city_us_26092,county_us_48247
city_us_26093,county_us_06007
city_us_26094,county_us_55109
city_us_26095,county_us_42013
city_us_26096,county_us_42111
city_us_26097,county_us_46129
city_us_26098,county_us_37033
city_us_26099,county_us_46111
city_us_26100,county_us_35047
city_us_26101,county_us_21201
city_us_26102,county_us_40109
city_us_26103,county_us_19167
city_us_26104,county_us_37051
city_us_26105,county_us_41003
city_us_26106,county_us_20117
city_us_26107,county_us_04012
city_us_26108,county_us_41005
city_us_26109,county_us_40031
city_us_26110,county_us_24043
city_us_26111,county_us_46041
city_us_26112,county_us_18021
city_us_26113,county_us_17183
city_us_26114,county_us_30111
city_us_26115,county_us_19053
city_us_26116,county_us_13279
city_us_26117,county_us_27021
city_us_26118,county_us_40013
city_us_26119,county_us_20197
city_us_26120,county_us_19065
city_us_26121,county_us_27105
city_us_26122,county_us_38101
city_us_26123,county_us_41019
city_us_26124,county_us_29013
city_us_26125,county_us_06055
city_us_26126,county_us_20085
city_us_26127,county_us_29153
city_us_26128,county_us_55003
city_us_26129,county_us_06025
city_us_26130,county_us_53027
city_us_26131,county_us_46109
city_us_26132,county_us_31115
city_us_26133,county_us_31135
city_us_26134,county_us_18021
city_us_26135,county_us_31033
city_us_26136,county_us_16009
city_us_26137,county_us_29117
city_us_26138,county_us_35017
city_us_26139,county_us_42087
city_us_26140,county_us_21055
city_us_26141,county_us_20147
city_us_26142,county_us_35037
city_us_26143,county_us_18093
city_us_26144,county_us_46097
city_us_26145,county_us_39087
city_us_26146,county_us_09190
city_us_26147,county_us_20085
city_us_26148,county_us_05025
city_us_26149,county_us_20191
city_us_26150,county_us_29011
city_us_26151,county_us_40079
city_us_26152,county_us_40101
city_us_26153,county_us_17099
city_us_26154,county_us_45073
city_us_26155,county_us_29183
city_us_26156,county_us_39125
city_us_26157,county_us_30089
city_us_26158,county_us_20201
city_us_26159,county_us_19107
city_us_26160,county_us_05145
city_us_26161,county_us_42067
city_us_26162,county_us_17171
city_us_26163,county_us_40069
city_us_26164,county_us_12113
city_us_26165,county_us_51183
city_us_26166,county_us_06063
city_us_26167,county_us_42013
city_us_26168,county_us_20145
city_us_26169,county_us_27041
city_us_26170,county_us_16043
city_us_26171,county_us_48503
city_us_26172,county_us_06035
city_us_26173,county_us_51029
city_us_26174,county_us_38085
city_us_26175,county_us_19085
city_us_26176,county_us_40049
city_us_26177,county_us_13093
city_us_26178,county_us_19165
city_us_26179,county_us_19037
city_us_26180,county_us_12087
city_us_26181,county_us_39137
city_us_26182,county_us_05083
city_us_26183,county_us_29143
city_us_26184,county_us_53075
city_us_26185,county_us_17149
city_us_26186,county_us_31151
city_us_26187,county_us_08075
city_us_26188,county_us_30041
city_us_26189,county_us_28013
city_us_26190,county_us_29145
city_us_26191,county_us_19087
city_us_26192,county_us_48427
city_us_26193,county_us_28003
city_us_26194,county_us_05109
city_us_26195,county_us_01073
city_us_26196,county_us_04021
city_us_26197,county_us_06099
city_us_26198,county_us_54099
city_us_26199,county_us_39091
city_us_26200,county_us_02013
city_us_26201,county_us_28043
city_us_26202,county_us_31021
city_us_26203,county_us_06093
city_us_26204,county_us_09190
city_us_26205,county_us_21117
city_us_26206,county_us_27137
city_us_26207,county_us_21233
city_us_26208,county_us_19059
city_us_26209,county_us_40107
city_us_26210,county_us_06107
city_us_26211,county_us_12011
city_us_26212,county_us_35053
city_us_26213,county_us_24021
city_us_26214,county_us_40009
city_us_26215,county_us_05099
city_us_26216,county_us_39119
city_us_26217,county_us_12021
city_us_26218,county_us_40041
city_us_26219,county_us_29051
city_us_26220,county_us_42107
city_us_26221,county_us_36095
city_us_26222,county_us_18151
city_us_26223,county_us_18091
city_us_26224,county_us_27037
city_us_26225,county_us_17059
city_us_26226,county_us_29037
city_us_26227,county_us_05147
city_us_26228,county_us_30053
city_us_26229,county_us_19097
city_us_26230,county_us_27119
city_us_26231,county_us_19021
city_us_26232,county_us_05083
city_us_26233,county_us_02122
city_us_26234,county_us_27169
city_us_26235,county_us_17135
city_us_26236,county_us_47077
city_us_26237,county_us_13065
city_us_26238,county_us_47183
city_us_26239,county_us_27127
city_us_26240,county_us_28135
city_us_26241,county_us_54103
city_us_26242,county_us_56003
city_us_26243,county_us_51001
city_us_26244,county_us_35003
city_us_26245,county_us_06103
city_us_26246,county_us_16007
city_us_26247,county_us_32015
city_us_26248,county_us_38101
city_us_26249,county_us_24043
city_us_26250,county_us_27151
city_us_26251,county_us_42009
city_us_26252,county_us_38023
city_us_26253,county_us_08029
city_us_26254,county_us_48427
city_us_26255,county_us_55115
city_us_26256,county_us_18183
city_us_26257,county_us_55029
city_us_26258,county_us_20169
city_us_26259,county_us_47165
city_us_26260,county_us_55011
city_us_26261,county_us_09190
city_us_26262,county_us_19091
city_us_26263,county_us_19055
city_us_26264,county_us_04001
city_us_26265,county_us_29029
city_us_26266,county_us_26047
city_us_26267,county_us_01083
city_us_26268,county_us_48373
city_us_26269,county_us_27171
city_us_26270,county_us_42067
city_us_26271,county_us_40121
city_us_26272,county_us_19021
city_us_26273,county_us_27167
city_us_26274,county_us_17051
city_us_26275,county_us_39057
city_us_26276,county_us_42031
city_us_26277,county_us_29186
city_us_26278,county_us_29151
city_us_26279,county_us_35031
city_us_26280,county_us_06095
city_us_26281,county_us_20015
city_us_26282,county_us_05075
city_us_26283,county_us_31133
city_us_26284,county_us_42087
city_us_26285,county_us_40061
city_us_26286,county_us_31105
city_us_26287,county_us_41047
city_us_26288,county_us_06015
city_us_26289,county_us_18171
city_us_26290,county_us_08041
city_us_26291,county_us_32013
city_us_26292,county_us_35039
city_us_26293,county_us_30107
city_us_26294,county_us_13263
city_us_26295,county_us_19197
city_us_26296,county_us_20043
city_us_26297,county_us_12075
city_us_26298,county_us_18005
city_us_26299,county_us_01099
city_us_26300,county_us_29175
city_us_26301,county_us_42061
city_us_26302,county_us_08063
city_us_26303,county_us_01017
city_us_26304,county_us_48427
city_us_26305,county_us_01019
city_us_26306,county_us_20069
city_us_26307,county_us_47151
city_us_26308,county_us_48427
city_us_26309,county_us_21111
city_us_26310,county_us_30101
city_us_26311,county_us_04007
city_us_26312,county_us_18055
city_us_26313,county_us_01131
city_us_26314,county_us_35031
city_us_26315,county_us_19191
city_us_26316,county_us_05135
city_us_26317,county_us_39171
city_us_26318,county_us_37155
city_us_26319,county_us_17153
city_us_26320,county_us_24045
city_us_26321,county_us_18171
city_us_26322,county_us_08119
city_us_26323,county_us_41049
city_us_26324,county_us_18093
city_us_26325,county_us_31147
city_us_26326,county_us_17171
city_us_26327,county_us_21189
city_us_26328,county_us_42111
city_us_26329,county_us_12053
city_us_26330,county_us_47069
city_us_26331,county_us_27155
city_us_26332,county_us_27097
city_us_26333,county_us_40051
city_us_26334,county_us_19171
city_us_26335,county_us_37011
city_us_26336,county_us_17167
city_us_26337,county_us_45033
city_us_26338,county_us_37055
city_us_26339,county_us_20019
city_us_26340,county_us_48427
city_us_26341,county_us_20065
city_us_26342,county_us_20041
city_us_26343,county_us_51033
city_us_26344,county_us_18165
city_us_26345,county_us_29147
city_us_26346,county_us_41003
city_us_26347,county_us_55053
city_us_26348,county_us_39119
city_us_26349,county_us_40135
city_us_26350,county_us_19117
city_us_26351,county_us_18001
city_us_26352,county_us_10003
city_us_26353,county_us_28053
city_us_26354,county_us_29141
city_us_26355,county_us_19015
city_us_26356,county_us_29217
city_us_26357,county_us_48209
city_us_26358,county_us_17103
city_us_26359,county_us_02198
city_us_26360,county_us_05095
city_us_26361,county_us_40153
city_us_26362,county_us_17087
city_us_26363,county_us_40097
city_us_26364,county_us_35039
city_us_26365,county_us_46055
city_us_26366,county_us_17117
city_us_26367,county_us_48427
city_us_26368,county_us_06099
city_us_26369,county_us_31127
city_us_26370,county_us_42005
city_us_26371,county_us_46023
city_us_26372,county_us_42013
city_us_26373,county_us_37019
city_us_26374,county_us_39147
city_us_26375,county_us_55099
city_us_26376,county_us_40097
city_us_26377,county_us_06089
city_us_26378,county_us_18033
city_us_26379,county_us_42083
city_us_26380,county_us_37189
city_us_26381,county_us_25001
city_us_26382,county_us_40053
city_us_26383,county_us_20041
city_us_26384,county_us_48289
city_us_26385,county_us_18145
city_us_26386,county_us_19069
city_us_26387,county_us_20131
city_us_26388,county_us_18145
city_us_26389,county_us_31019
city_us_26390,county_us_31155
city_us_26391,county_us_17141
city_us_26392,county_us_30081
city_us_26393,county_us_26083
city_us_26394,county_us_18055
city_us_26395,county_us_27157
city_us_26396,county_us_42031
city_us_26397,county_us_55117
city_us_26398,county_us_22005
city_us_26399,county_us_30057
city_us_26400,county_us_27111
city_us_26401,county_us_29061
city_us_26402,county_us_18095
city_us_26403,county_us_22017
city_us_26404,county_us_27035
city_us_26405,county_us_55103
city_us_26406,county_us_32021
city_us_26407,county_us_19163
city_us_26408,county_us_27115
city_us_26409,county_us_17071
city_us_26410,county_us_12053
city_us_26411,county_us_42027
city_us_26412,county_us_39125
city_us_26413,county_us_17103
city_us_26414,county_us_38017
city_us_26415,county_us_12065
city_us_26416,county_us_08009
city_us_26417,county_us_01091
city_us_26418,county_us_38003
city_us_26419,county_us_02105
city_us_26420,county_us_17177
city_us_26421,county_us_48061
city_us_26422,county_us_39065
city_us_26423,county_us_37099
city_us_26424,county_us_02240
city_us_26425,county_us_20013
city_us_26426,county_us_42027
city_us_26427,county_us_08067
city_us_26428,county_us_31061
city_us_26429,county_us_17191
city_us_26430,county_us_39015
city_us_26431,county_us_27137
city_us_26432,county_us_17061
city_us_26433,county_us_40001
city_us_26434,county_us_02066
city_us_26435,county_us_29013
city_us_26436,county_us_05085
city_us_26437,county_us_16055
city_us_26438,county_us_19105
city_us_26439,county_us_46053
city_us_26440,county_us_40099
city_us_26441,county_us_13303
city_us_26442,county_us_46057
city_us_26443,county_us_53051
city_us_26444,county_us_04015
city_us_26445,county_us_45059
city_us_26446,county_us_40021
city_us_26447,county_us_29167
city_us_26448,county_us_05077
city_us_26449,county_us_20147
city_us_26450,county_us_28155
city_us_26451,county_us_31147
city_us_26452,county_us_18175
city_us_26453,county_us_18055
city_us_26454,county_us_19149
city_us_26455,county_us_19025
city_us_26456,county_us_18125
city_us_26457,county_us_26083
city_us_26458,county_us_54039
city_us_26459,county_us_37163
city_us_26460,county_us_01093
city_us_26461,county_us_06035
city_us_26462,county_us_53021
city_us_26463,county_us_48481
city_us_26464,county_us_55027
city_us_26465,county_us_18011
city_us_26466,county_us_12097
city_us_26467,county_us_08059
city_us_26468,county_us_13211
city_us_26469,county_us_18141
city_us_26470,county_us_04007
city_us_26471,county_us_02188
city_us_26472,county_us_36105
city_us_26473,county_us_19083
city_us_26474,county_us_08013
city_us_26475,county_us_39151
city_us_26476,county_us_04007
city_us_26477,county_us_17189
city_us_26478,county_us_05035
city_us_26479,county_us_45067
city_us_26480,county_us_54005
city_us_26481,county_us_17033
city_us_26482,county_us_19011
city_us_26483,county_us_55115
city_us_26484,county_us_17027
city_us_26485,county_us_02122
city_us_26486,county_us_55077
city_us_26487,county_us_26117
city_us_26488,county_us_45027
city_us_26489,county_us_19097
city_us_26490,county_us_20005
city_us_26491,county_us_24023
city_us_26492,county_us_48185
city_us_26493,county_us_08013
city_us_26494,county_us_30047
city_us_26495,county_us_20157
city_us_26496,county_us_18175
city_us_26497,county_us_40051
city_us_26498,county_us_32033
city_us_26499,county_us_20125
city_us_26500,county_us_42009
city_us_26501,county_us_18153
city_us_26502,county_us_51191
city_us_26503,county_us_40071
city_us_26504,county_us_16059
city_us_26505,county_us_20095
city_us_26506,county_us_51175
city_us_26507,county_us_26151
city_us_26508,county_us_40111
city_us_26509,county_us_40067
city_us_26510,county_us_04017
city_us_26511,county_us_47077
city_us_26512,county_us_27109
city_us_26513,county_us_56023
city_us_26514,county_us_53061
city_us_26515,county_us_17099
city_us_26516,county_us_29187
city_us_26517,county_us_39111
city_us_26518,county_us_01129
city_us_26519,county_us_40079
city_us_26520,county_us_41059
city_us_26521,county_us_27145
city_us_26522,county_us_53027
city_us_26523,county_us_05067
city_us_26524,county_us_08089
city_us_26525,county_us_19035
city_us_26526,county_us_35049
city_us_26527,county_us_06047
city_us_26528,county_us_30029
city_us_26529,county_us_05003
city_us_26530,county_us_40061
city_us_26531,county_us_40001
city_us_26532,county_us_39071
city_us_26533,county_us_17161
city_us_26534,county_us_20009
city_us_26535,county_us_18177
city_us_26536,county_us_38033
city_us_26537,county_us_40047
city_us_26538,county_us_27169
city_us_26539,county_us_29215
city_us_26540,county_us_55023
city_us_26541,county_us_38061
city_us_26542,county_us_19181
city_us_26543,county_us_28137
city_us_26544,county_us_20169
city_us_26545,county_us_20013
city_us_26546,county_us_49017
city_us_26547,county_us_51175
city_us_26548,county_us_20115
city_us_26549,county_us_50025
city_us_26550,county_us_06113
city_us_26551,county_us_04007
city_us_26552,county_us_47165
city_us_26553,county_us_20043
city_us_26554,county_us_19159
city_us_26555,county_us_38063
city_us_26556,county_us_55001
city_us_26557,county_us_01027
city_us_26558,county_us_31089
city_us_26559,county_us_18045
city_us_26560,county_us_55071
city_us_26561,county_us_38013
city_us_26562,county_us_40119
city_us_26563,county_us_36103
city_us_26564,county_us_18077
city_us_26565,county_us_39059
city_us_26566,county_us_19033
city_us_26567,county_us_30031
city_us_26568,county_us_46115
city_us_26569,county_us_18137
city_us_26570,county_us_48475
city_us_26571,county_us_37097
city_us_26572,county_us_15007
city_us_26573,county_us_17189
city_us_26574,county_us_41061
city_us_26575,county_us_16055
city_us_26576,county_us_55099
city_us_26577,county_us_48479
city_us_26578,county_us_18129
city_us_26579,county_us_26019
city_us_26580,county_us_12075
city_us_26581,county_us_06027
city_us_26582,county_us_29019
city_us_26583,county_us_20013
city_us_26584,county_us_55137
city_us_26585,county_us_18091
city_us_26586,county_us_29031
city_us_26587,county_us_17039
city_us_26588,county_us_42007
city_us_26589,county_us_01061
city_us_26590,county_us_31019
city_us_26591,county_us_31117
city_us_26592,county_us_40003
city_us_26593,county_us_46115
city_us_26594,county_us_30089
city_us_26595,county_us_26131
city_us_26596,county_us_35025
city_us_26597,county_us_08047
city_us_26598,county_us_42085
city_us_26599,county_us_24011
city_us_26600,county_us_37117
city_us_26601,county_us_17137
city_us_26602,county_us_40041
city_us_26603,county_us_30111
city_us_26604,county_us_08013
city_us_26605,county_us_31089
city_us_26606,county_us_42035
city_us_26607,county_us_33011
city_us_26608,county_us_39169
city_us_26609,county_us_28003
city_us_26610,county_us_55081
city_us_26611,county_us_42037
city_us_26612,county_us_38003
city_us_26613,county_us_21111
city_us_26614,county_us_19007
city_us_26615,county_us_06045
city_us_26616,county_us_51185
city_us_26617,county_us_40063
city_us_26618,county_us_04027
city_us_26619,county_us_17029
city_us_26620,county_us_19041
city_us_26621,county_us_19097
city_us_26622,county_us_19097
city_us_26623,county_us_27001
city_us_26624,county_us_29121
city_us_26625,county_us_42027
city_us_26626,county_us_19083
city_us_26627,county_us_35055
city_us_26628,county_us_53065
city_us_26629,county_us_40053
city_us_26630,county_us_46037
city_us_26631,county_us_05127
city_us_26632,county_us_19111
city_us_26633,county_us_42113
city_us_26634,county_us_46081
city_us_26635,county_us_55107
city_us_26636,county_us_29099
city_us_26637,county_us_17019
city_us_26638,county_us_19091
city_us_26639,county_us_20041
city_us_26640,county_us_54081
city_us_26641,county_us_05009
city_us_26642,county_us_40065
city_us_26643,county_us_20159
city_us_26644,county_us_31067
city_us_26645,county_us_30057
city_us_26646,county_us_29205
city_us_26647,county_us_28097
city_us_26648,county_us_19129
city_us_26649,county_us_31075
city_us_26650,county_us_54019
city_us_26651,county_us_54047
city_us_26652,county_us_19151
city_us_26653,county_us_42039
city_us_26654,county_us_13125
city_us_26655,county_us_31109
city_us_26656,county_us_17149
city_us_26657,county_us_30077
city_us_26658,county_us_46019
city_us_26659,county_us_20145
city_us_26660,county_us_05059
city_us_26661,county_us_08073
city_us_26662,county_us_29185
city_us_26663,county_us_29107
city_us_26664,county_us_48359
city_us_26665,county_us_42027
city_us_26666,county_us_05021
city_us_26667,county_us_41035
city_us_26668,county_us_30047
city_us_26669,county_us_29027
city_us_26670,county_us_31061
city_us_26671,county_us_17001
city_us_26672,county_us_18061
city_us_26673,county_us_24029
city_us_26674,county_us_05087
city_us_26675,county_us_27099
city_us_26676,county_us_51025
city_us_26677,county_us_41017
city_us_26678,county_us_54103
city_us_26679,county_us_29061
city_us_26680,county_us_04007
city_us_26681,county_us_22093
city_us_26682,county_us_19095
city_us_26683,county_us_51133
city_us_26684,county_us_53077
city_us_26685,county_us_18021
city_us_26686,county_us_42087
city_us_26687,county_us_37051
city_us_26688,county_us_35031
city_us_26689,county_us_27033
city_us_26690,county_us_17095
city_us_26691,county_us_45029
city_us_26692,county_us_46039
city_us_26693,county_us_46089
city_us_26694,county_us_39111
city_us_26695,county_us_05093
city_us_26696,county_us_17061
city_us_26697,county_us_40041
city_us_26698,county_us_55075
city_us_26699,county_us_18061
city_us_26700,county_us_29161
city_us_26701,county_us_06101
city_us_26702,county_us_20157
city_us_26703,county_us_05113
city_us_26704,county_us_13079
city_us_26705,county_us_46081
city_us_26706,county_us_40069
city_us_26707,county_us_40015
city_us_26708,county_us_40105
city_us_26709,county_us_35006
city_us_26710,county_us_18155
city_us_26711,county_us_51065
city_us_26712,county_us_21183
city_us_26713,county_us_18151
city_us_26714,county_us_54025
city_us_26715,county_us_19027
city_us_26716,county_us_40081
city_us_26717,county_us_46049
city_us_26718,county_us_19107
city_us_26719,county_us_02150
city_us_26720,county_us_39095
city_us_26721,county_us_46051
city_us_26722,county_us_51083
city_us_26723,county_us_08123
city_us_26724,county_us_40107
city_us_26725,county_us_36051
city_us_26726,county_us_20133
city_us_26727,county_us_31137
city_us_26728,county_us_51017
city_us_26729,county_us_29151
city_us_26730,county_us_17193
city_us_26731,county_us_29187
city_us_26732,county_us_19061
city_us_26733,county_us_30101
city_us_26734,county_us_18079
city_us_26735,county_us_19061
city_us_26736,county_us_18067
city_us_26737,county_us_18171
city_us_26738,county_us_40047
city_us_26739,county_us_30087
city_us_26740,county_us_36089
city_us_26741,county_us_51015
city_us_26742,county_us_42003
city_us_26743,county_us_31155
city_us_26744,county_us_29001
city_us_26745,county_us_37129
city_us_26746,county_us_53053
city_us_26747,county_us_36051
city_us_26748,county_us_18059
city_us_26749,county_us_12063
city_us_26750,county_us_36103
city_us_26751,county_us_46033
city_us_26752,county_us_19015
city_us_26753,county_us_42121
city_us_26754,county_us_48161
city_us_26755,county_us_18059
city_us_26756,county_us_48233
city_us_26757,county_us_30037
city_us_26758,county_us_05087
city_us_26759,county_us_20125
city_us_26760,county_us_22069
city_us_26761,county_us_18147
city_us_26762,county_us_19173
city_us_26763,county_us_20201
city_us_26764,county_us_42027
city_us_26765,county_us_02066
city_us_26766,county_us_17079
city_us_26767,county_us_18005
city_us_26768,county_us_49037
city_us_26769,county_us_32003
city_us_26770,county_us_20199
city_us_26771,county_us_49033
city_us_26772,county_us_16007
city_us_26773,county_us_21155
city_us_26774,county_us_37047
city_us_26775,county_us_51181
city_us_26776,county_us_06093
city_us_26777,county_us_25001
city_us_26778,county_us_40069
city_us_26779,county_us_17097
city_us_26780,county_us_48487
city_us_26781,county_us_08051
city_us_26782,county_us_54075
city_us_26783,county_us_19087
city_us_26784,county_us_04019
city_us_26785,county_us_13199
city_us_26786,county_us_40113
city_us_26787,county_us_06043
city_us_26788,county_us_17075
city_us_26789,county_us_24047
city_us_26790,county_us_05075
city_us_26791,county_us_04007
city_us_26792,county_us_48367
city_us_26793,county_us_19075
city_us_26794,county_us_27035
city_us_26795,county_us_01091
city_us_26796,county_us_06029
city_us_26797,county_us_31173
city_us_26798,county_us_08087
city_us_26799,county_us_37147
city_us_26800,county_us_29165
city_us_26801,county_us_29099
city_us_26802,county_us_53053
city_us_26803,county_us_16009
city_us_26804,county_us_27165
city_us_26805,county_us_19075
city_us_26806,county_us_20131
city_us_26807,county_us_20169
city_us_26808,county_us_49043
city_us_26809,county_us_18167
city_us_26810,county_us_39037
city_us_26811,county_us_05123
city_us_26812,county_us_30009
city_us_26813,county_us_29141
city_us_26814,county_us_56003
city_us_26815,county_us_20141
city_us_26816,county_us_48061
city_us_26817,county_us_19149
city_us_26818,county_us_19045
city_us_26819,county_us_29153
city_us_26820,county_us_37075
city_us_26821,county_us_41065
city_us_26822,county_us_48185
city_us_26823,county_us_01129
city_us_26824,county_us_02070
city_us_26825,county_us_33017
city_us_26826,county_us_47003
city_us_26827,county_us_24043
city_us_26828,county_us_34009
city_us_26829,county_us_17095
city_us_26830,county_us_08125
city_us_26831,county_us_01037
city_us_26832,county_us_40145
city_us_26833,county_us_37073
city_us_26834,county_us_55051
city_us_26835,county_us_54001
city_us_26836,county_us_28113
city_us_26837,county_us_47189
city_us_26838,county_us_35049
city_us_26839,county_us_48399
city_us_26840,county_us_20089
city_us_26841,county_us_04019
city_us_26842,county_us_42021
city_us_26843,county_us_31059
city_us_26844,county_us_39121
city_us_26845,county_us_29155
city_us_26846,county_us_28055
city_us_26847,county_us_19133
city_us_26848,county_us_20167
city_us_26849,county_us_48357
city_us_26850,county_us_54019
city_us_26851,county_us_27037
city_us_26852,county_us_19033
city_us_26853,county_us_17107
city_us_26854,county_us_02198
city_us_26855,county_us_05087
city_us_26856,county_us_42029
city_us_26857,county_us_35043
city_us_26858,county_us_55115
city_us_26859,county_us_18017
city_us_26860,county_us_22047
city_us_26861,county_us_19095
city_us_26862,county_us_38045
city_us_26863,county_us_05105
city_us_26864,county_us_05139
city_us_26865,county_us_17073
city_us_26866,county_us_55137
city_us_26867,county_us_30071
city_us_26868,county_us_05033
city_us_26869,county_us_40013
city_us_26870,county_us_38093
city_us_26871,county_us_38053
city_us_26872,county_us_31001
city_us_26873,county_us_46125
city_us_26874,county_us_51149
city_us_26875,county_us_20117
city_us_26876,county_us_40031
city_us_26877,county_us_13229
city_us_26878,county_us_55113
city_us_26879,county_us_21111
city_us_26880,county_us_17109
city_us_26881,county_us_27061
city_us_26882,county_us_40063
city_us_26883,county_us_31109
city_us_26884,county_us_40151
city_us_26885,county_us_38045
city_us_26886,county_us_55027
city_us_26887,county_us_27065
city_us_26888,county_us_38105
city_us_26889,county_us_40085
city_us_26890,county_us_19049
city_us_26891,county_us_02185
city_us_26892,county_us_27107
city_us_26893,county_us_49027
city_us_26894,county_us_05139
city_us_26895,county_us_18139
city_us_26896,county_us_19187
city_us_26897,county_us_55003
city_us_26898,county_us_04007
city_us_26899,county_us_48249
city_us_26900,county_us_02050
city_us_26901,county_us_35049
city_us_26902,county_us_56025
city_us_26903,county_us_36045
city_us_26904,county_us_31027
city_us_26905,county_us_08117
city_us_26906,county_us_29139
city_us_26907,county_us_17121
city_us_26908,county_us_42021
city_us_26909,county_us_19171
city_us_26910,county_us_42039
city_us_26911,county_us_21007
city_us_26912,county_us_05115
city_us_26913,county_us_50007
city_us_26914,county_us_39147
city_us_26915,county_us_42111
city_us_26916,county_us_48505
city_us_26917,county_us_40101
city_us_26918,county_us_54055
city_us_26919,county_us_39043
city_us_26920,county_us_34011
city_us_26921,county_us_04015
city_us_26922,county_us_08091
city_us_26923,county_us_22031
city_us_26924,county_us_46047
city_us_26925,county_us_42051
city_us_26926,county_us_04017
city_us_26927,county_us_17001
city_us_26928,county_us_06107
city_us_26929,county_us_48093
city_us_26930,county_us_13209
city_us_26931,county_us_24043
city_us_26932,county_us_29007
city_us_26933,county_us_02068
city_us_26934,county_us_47109
city_us_26935,county_us_31023
city_us_26936,county_us_29201
city_us_26937,county_us_27017
city_us_26938,county_us_39083
city_us_26939,county_us_38099
city_us_26940,county_us_54045
city_us_26941,county_us_48427
city_us_26942,county_us_26131
city_us_26943,county_us_41007
city_us_26944,county_us_40011
city_us_26945,county_us_20153
city_us_26946,county_us_06057
city_us_26947,county_us_05063
city_us_26948,county_us_21047
city_us_26949,county_us_39149
city_us_26950,county_us_39073
city_us_26951,county_us_17111
city_us_26952,county_us_18001
city_us_26953,county_us_40097
city_us_26954,county_us_18091
city_us_26955,county_us_21015
city_us_26956,county_us_18113
city_us_26957,county_us_53033
city_us_26958,county_us_53041
city_us_26959,county_us_22111
city_us_26960,county_us_40063
city_us_26961,county_us_13299
city_us_26962,county_us_05003
city_us_26963,county_us_29079
city_us_26964,county_us_19097
city_us_26965,county_us_27099
city_us_26966,county_us_18167
city_us_26967,county_us_54027
city_us_26968,county_us_56025
city_us_26969,county_us_19123
city_us_26970,county_us_30073
city_us_26971,county_us_35035
city_us_26972,county_us_19057
city_us_26973,county_us_38085
city_us_26974,county_us_39037
city_us_26975,county_us_31031
city_us_26976,county_us_55081
city_us_26977,county_us_41035
city_us_26978,county_us_13051
city_us_26979,county_us_17197
city_us_26980,county_us_22087
city_us_26981,county_us_39167
city_us_26982,county_us_26003
city_us_26983,county_us_40101
city_us_26984,county_us_18169
city_us_26985,county_us_36077
city_us_26986,county_us_48209
city_us_26987,county_us_42027
city_us_26988,county_us_24047
city_us_26989,county_us_35051
city_us_26990,county_us_50005
city_us_26991,county_us_21083
city_us_26992,county_us_53077
city_us_26993,county_us_04019
city_us_26994,county_us_19007
city_us_26995,county_us_17171
city_us_26996,county_us_48391
city_us_26997,county_us_30003
city_us_26998,county_us_21041
city_us_26999,county_us_38099
city_us_27000,county_us_04007
city_us_27001,county_us_28061
city_us_27002,county_us_20007
city_us_27003,county_us_18093
city_us_27004,county_us_39061
city_us_27005,county_us_48427
city_us_27006,county_us_22013
city_us_27007,county_us_41043
city_us_27008,county_us_39099
city_us_27009,county_us_25019
city_us_27010,county_us_06055
city_us_27011,county_us_13033
city_us_27012,county_us_31155
city_us_27013,county_us_35006
city_us_27014,county_us_34041
city_us_27015,county_us_02164
city_us_27016,county_us_30047
city_us_27017,county_us_31123
city_us_27018,county_us_27075
city_us_27019,county_us_19109
city_us_27020,county_us_05063
city_us_27021,county_us_39053
city_us_27022,county_us_27063
city_us_27023,county_us_47139
city_us_27024,county_us_27037
city_us_27025,county_us_27007
city_us_27026,county_us_20141
city_us_27027,county_us_48189
city_us_27028,county_us_21069
city_us_27029,county_us_30031
city_us_27030,county_us_08071
city_us_27031,county_us_39055
city_us_27032,county_us_38101
city_us_27033,county_us_40103
city_us_27034,county_us_21059
city_us_27035,county_us_22119
city_us_27036,county_us_17195
city_us_27037,county_us_55041
city_us_27038,county_us_53027
city_us_27039,county_us_47017
city_us_27040,county_us_30067
city_us_27041,county_us_40013
city_us_27042,county_us_55029
city_us_27043,county_us_20155
city_us_27044,county_us_20151
city_us_27045,county_us_42027
city_us_27046,county_us_39171
city_us_27047,county_us_04021
city_us_27048,county_us_36105
city_us_27049,county_us_18095
city_us_27050,county_us_29119
city_us_27051,county_us_19123
city_us_27052,county_us_18129
city_us_27053,county_us_45019
city_us_27054,county_us_53073
city_us_27055,county_us_38105
city_us_27056,county_us_54081
city_us_27057,county_us_38081
city_us_27058,county_us_27167
city_us_27059,county_us_20135
city_us_27060,county_us_40127
city_us_27061,county_us_27061
city_us_27062,county_us_20193
city_us_27063,county_us_27125
city_us_27064,county_us_05077
city_us_27065,county_us_42121
city_us_27066,county_us_29097
city_us_27067,county_us_56023
city_us_27068,county_us_01119
city_us_27069,county_us_17071
city_us_27070,county_us_02290
city_us_27071,county_us_30039
city_us_27072,county_us_38105
city_us_27073,county_us_06093
city_us_27074,county_us_53039
city_us_27075,county_us_36105
city_us_27076,county_us_54103
city_us_27077,county_us_46087
city_us_27078,county_us_42099
city_us_27079,county_us_38099
city_us_27080,county_us_34035
city_us_27081,county_us_46085
city_us_27082,county_us_27041
city_us_27083,county_us_54109
city_us_27084,county_us_56015
city_us_27085,county_us_20037
city_us_27086,county_us_19159
city_us_27087,county_us_39013
city_us_27088,county_us_40071
city_us_27089,county_us_54021
city_us_27090,county_us_40073
city_us_27091,county_us_20137
city_us_27092,county_us_38099
city_us_27093,county_us_05023
city_us_27094,county_us_19177
city_us_27095,county_us_06081
city_us_27096,county_us_29081
city_us_27097,county_us_48355
city_us_27098,county_us_40037
city_us_27099,county_us_29131
city_us_27100,county_us_26009
city_us_27101,county_us_19001
city_us_27102,county_us_42129
city_us_27103,county_us_30053
city_us_27104,county_us_42057
city_us_27105,county_us_28079
city_us_27106,county_us_20009
city_us_27107,county_us_48149
city_us_27108,county_us_31097
city_us_27109,county_us_20037
city_us_27110,county_us_08009
city_us_27111,county_us_37007
city_us_27112,county_us_48261
city_us_27113,county_us_30027
city_us_27114,county_us_39081
city_us_27115,county_us_01039
city_us_27116,county_us_26131
city_us_27117,county_us_18019
city_us_27118,county_us_17057
city_us_27119,county_us_31027
city_us_27120,county_us_48333
city_us_27121,county_us_42129
city_us_27122,county_us_29217
city_us_27123,county_us_40115
city_us_27124,county_us_45049
city_us_27125,county_us_17001
city_us_27126,county_us_31041
city_us_27127,county_us_46129
city_us_27128,county_us_17013
city_us_27129,county_us_22031
city_us_27130,county_us_53027
city_us_27131,county_us_21195
city_us_27132,county_us_36027
city_us_27133,county_us_54109
city_us_27134,county_us_39025
city_us_27135,county_us_48143
city_us_27136,county_us_51085
city_us_27137,county_us_38105
city_us_27138,county_us_05101
city_us_27139,county_us_54075
city_us_27140,county_us_06077
city_us_27141,county_us_34011
city_us_27142,county_us_31159
city_us_27143,county_us_46051
city_us_27144,county_us_20007
city_us_27145,county_us_13303
city_us_27146,county_us_50005
city_us_27147,county_us_19117
city_us_27148,county_us_19053
city_us_27149,county_us_17099
city_us_27150,county_us_48243
city_us_27151,county_us_40057
city_us_27152,county_us_47183
city_us_27153,county_us_39173
city_us_27154,county_us_22031
city_us_27155,county_us_01053
city_us_27156,county_us_37155
city_us_27157,county_us_19107
city_us_27158,county_us_40097
city_us_27159,county_us_31061
city_us_27160,county_us_42011
city_us_27161,county_us_53025
city_us_27162,county_us_04007
city_us_27163,county_us_46121
city_us_27164,county_us_04013
city_us_27165,county_us_48427
city_us_27166,county_us_36077
city_us_27167,county_us_46077
city_us_27168,county_us_18093
city_us_27169,county_us_04007
city_us_27170,county_us_42107
city_us_27171,county_us_18085
city_us_27172,county_us_21009
city_us_27173,county_us_01127
city_us_27174,county_us_55021
city_us_27175,county_us_29223
city_us_27176,county_us_19035
city_us_27177,county_us_31053
city_us_27178,county_us_18065
city_us_27179,county_us_39173
city_us_27180,county_us_47151
city_us_27181,county_us_38055
city_us_27182,county_us_40067
city_us_27183,county_us_35023
city_us_27184,county_us_02290
city_us_27185,county_us_17123
city_us_27186,county_us_54001
city_us_27187,county_us_24019
city_us_27188,county_us_55109
city_us_27189,county_us_27017
city_us_27190,county_us_31023
city_us_27191,county_us_29209
city_us_27192,county_us_20159
city_us_27193,county_us_29105
city_us_27194,county_us_26013
city_us_27195,county_us_01059
city_us_27196,county_us_39161
city_us_27197,county_us_46135
city_us_27198,county_us_06057
city_us_27199,county_us_48337
city_us_27200,county_us_29213
city_us_27201,county_us_45055
city_us_27202,county_us_50025
city_us_27203,county_us_28027
city_us_27204,county_us_19087
city_us_27205,county_us_40091
city_us_27206,county_us_38029
city_us_27207,county_us_13079
city_us_27208,county_us_51001
city_us_27209,county_us_53019
city_us_27210,county_us_21233
city_us_27211,county_us_20185
city_us_27212,county_us_20123
city_us_27213,county_us_55073
city_us_27214,county_us_17167
city_us_27215,county_us_20035
city_us_27216,county_us_19157
city_us_27217,county_us_20059
city_us_27218,county_us_33003
city_us_27219,county_us_27111
city_us_27220,county_us_24045
city_us_27221,county_us_30095
city_us_27222,county_us_06107
city_us_27223,county_us_48489
city_us_27224,county_us_30057
city_us_27225,county_us_30041
city_us_27226,county_us_42059
city_us_27227,county_us_55003
city_us_27228,county_us_39043
city_us_27229,county_us_48039
city_us_27230,county_us_51077
city_us_27231,county_us_54097
city_us_27232,county_us_29185
city_us_27233,county_us_20173
city_us_27234,county_us_29113
city_us_27235,county_us_19117
city_us_27236,county_us_19047
city_us_27237,county_us_01037
city_us_27238,county_us_56025
city_us_27239,county_us_38071
city_us_27240,county_us_29007
city_us_27241,county_us_30099
city_us_27242,county_us_01091
city_us_27243,county_us_18171
city_us_27244,county_us_19043
city_us_27245,county_us_29153
city_us_27246,county_us_27137
city_us_27247,county_us_55007
city_us_27248,county_us_31127
city_us_27249,county_us_53069
city_us_27250,county_us_35031
city_us_27251,county_us_28067
city_us_27252,county_us_46109
city_us_27253,county_us_30001
city_us_27254,county_us_17011
city_us_27255,county_us_53027
city_us_27256,county_us_46087
city_us_27257,county_us_46025
city_us_27258,county_us_42013
city_us_27259,county_us_20043
city_us_27260,county_us_40083
city_us_27261,county_us_38073
city_us_27262,county_us_01005
city_us_27263,county_us_17001
city_us_27264,county_us_38005
city_us_27265,county_us_40109
city_us_27266,county_us_39081
city_us_27267,county_us_48061
city_us_27268,county_us_53007
city_us_27269,county_us_42129
city_us_27270,county_us_19069
city_us_27271,county_us_19043
city_us_27272,county_us_21111
city_us_27273,county_us_54039
city_us_27274,county_us_06029
city_us_27275,county_us_19181
city_us_27276,county_us_40013
city_us_27277,county_us_13227
city_us_27278,county_us_39169
city_us_27279,county_us_02066
city_us_27280,county_us_27035
city_us_27281,county_us_09190
city_us_27282,county_us_27047
city_us_27283,county_us_30047
city_us_27284,county_us_12053
city_us_27285,county_us_29057
city_us_27286,county_us_08087
city_us_27287,county_us_19105
city_us_27288,county_us_24045
city_us_27289,county_us_39077
city_us_27290,county_us_35015
city_us_27291,county_us_24029
city_us_27292,county_us_47177
city_us_27293,county_us_21111
city_us_27294,county_us_31025
city_us_27295,county_us_02290
city_us_27296,county_us_38083
city_us_27297,county_us_55039
city_us_27298,county_us_17131
city_us_27299,county_us_55119
city_us_27300,county_us_04017
city_us_27301,county_us_05077
city_us_27302,county_us_21133
city_us_27303,county_us_12049
city_us_27304,county_us_38057
city_us_27305,county_us_38009
city_us_27306,county_us_28011
city_us_27307,county_us_06063
city_us_27308,county_us_48483
city_us_27309,county_us_32019
city_us_27310,county_us_28151
city_us_27311,county_us_06091
city_us_27312,county_us_29037
city_us_27313,county_us_46099
city_us_27314,county_us_24001
city_us_27315,county_us_49005
city_us_27316,county_us_20027
city_us_27317,county_us_40115
city_us_27318,county_us_48349
city_us_27319,county_us_18051
city_us_27320,county_us_27145
city_us_27321,county_us_40145
city_us_27322,county_us_17067
city_us_27323,county_us_45065
city_us_27324,county_us_04015
city_us_27325,county_us_27137
city_us_27326,county_us_37017
city_us_27327,county_us_01077
city_us_27328,county_us_29157
city_us_27329,county_us_48031
city_us_27330,county_us_48079
city_us_27331,county_us_06023
city_us_27332,county_us_13107
city_us_27333,county_us_06061
city_us_27334,county_us_35007
city_us_27335,county_us_40027
city_us_27336,county_us_39107
city_us_27337,county_us_20147
city_us_27338,county_us_27133
city_us_27339,county_us_30009
city_us_27340,county_us_19107
city_us_27341,county_us_39121
city_us_27342,county_us_30061
city_us_27343,county_us_30029
city_us_27344,county_us_19009
city_us_27345,county_us_45043
city_us_27346,county_us_27051
city_us_27347,county_us_41035
city_us_27348,county_us_20001
city_us_27349,county_us_09180
city_us_27350,county_us_06073
city_us_27351,county_us_19071
city_us_27352,county_us_08015
city_us_27353,county_us_55007
city_us_27354,county_us_46053
city_us_27355,county_us_21187
city_us_27356,county_us_02013
city_us_27357,county_us_48271
city_us_27358,county_us_27127
city_us_27359,county_us_08009
city_us_27360,county_us_48035
city_us_27361,county_us_29035
city_us_27362,county_us_34041
city_us_27363,county_us_51135
city_us_27364,county_us_19087
city_us_27365,county_us_34011
city_us_27366,county_us_33013
city_us_27367,county_us_05141
city_us_27368,county_us_18111
city_us_27369,county_us_27101
city_us_27370,county_us_13271
city_us_27371,county_us_26037
city_us_27372,county_us_48067
city_us_27373,county_us_35059
city_us_27374,county_us_26105
city_us_27375,county_us_20165
city_us_27376,county_us_35027
city_us_27377,county_us_55003
city_us_27378,county_us_29009
city_us_27379,county_us_27157
city_us_27380,county_us_13273
city_us_27381,county_us_53049
city_us_27382,county_us_42107
city_us_27383,county_us_20163
city_us_27384,county_us_19127
city_us_27385,county_us_46065
city_us_27386,county_us_46023
city_us_27387,county_us_21177
city_us_27388,county_us_45067
city_us_27389,county_us_29021
city_us_27390,county_us_48047
city_us_27391,county_us_54095
city_us_27392,county_us_51195
city_us_27393,county_us_38049
city_us_27394,county_us_46005
city_us_27395,county_us_04013
city_us_27396,county_us_41047
city_us_27397,county_us_44007
city_us_27398,county_us_55007
city_us_27399,county_us_40031
city_us_27400,county_us_04019
city_us_27401,county_us_18095
city_us_27402,county_us_40041
city_us_27403,county_us_42111
city_us_27404,county_us_27149
city_us_27405,county_us_17025
city_us_27406,county_us_19161
city_us_27407,county_us_05007
city_us_27408,county_us_17169
city_us_27409,county_us_30073
city_us_27410,county_us_20165
city_us_27411,county_us_40019
city_us_27412,county_us_48233
city_us_27413,county_us_40029
city_us_27414,county_us_31095
city_us_27415,county_us_21139
city_us_27416,county_us_18057
city_us_27417,county_us_40077
city_us_27418,county_us_50009
city_us_27419,county_us_19057
city_us_27420,county_us_19069
city_us_27421,county_us_31061
city_us_27422,county_us_05081
city_us_27423,county_us_13165
city_us_27424,county_us_41005
city_us_27425,county_us_06105
city_us_27426,county_us_20185
city_us_27427,county_us_49051
city_us_27428,county_us_31133
city_us_27429,county_us_18179
city_us_27430,county_us_27089
city_us_27431,county_us_53013
city_us_27432,county_us_53075
city_us_27433,county_us_30105
city_us_27434,county_us_06089
city_us_27435,county_us_26083
city_us_27436,county_us_05057
city_us_27437,county_us_31099
city_us_27438,county_us_42113
city_us_27439,county_us_18031
city_us_27440,county_us_18061
city_us_27441,county_us_31005
city_us_27442,county_us_39081
city_us_27443,county_us_31169
city_us_27444,county_us_26037
city_us_27445,county_us_48147
city_us_27446,county_us_28021
city_us_27447,county_us_42013
city_us_27448,county_us_35049
city_us_27449,county_us_42001
city_us_27450,county_us_46091
city_us_27451,county_us_02240
city_us_27452,county_us_55065
city_us_27453,county_us_45083
city_us_27454,county_us_05067
city_us_27455,county_us_29155
city_us_27456,county_us_31127
city_us_27457,county_us_27137
city_us_27458,county_us_39081
city_us_27459,county_us_24043
city_us_27460,county_us_19145
city_us_27461,county_us_05069
city_us_27462,county_us_31041
city_us_27463,county_us_29195
city_us_27464,county_us_30071
city_us_27465,county_us_55127
city_us_27466,county_us_39013
city_us_27467,county_us_31101
city_us_27468,county_us_54047
city_us_27469,county_us_19131
city_us_27470,county_us_21035
city_us_27471,county_us_56033
city_us_27472,county_us_38093
city_us_27473,county_us_31139
city_us_27474,county_us_17169
city_us_27475,county_us_24001
city_us_27476,county_us_47005
city_us_27477,county_us_40021
city_us_27478,county_us_02150
city_us_27479,county_us_38005
city_us_27480,county_us_31047
city_us_27481,county_us_54067
city_us_27482,county_us_06091
city_us_27483,county_us_54067
city_us_27484,county_us_29037
city_us_27485,county_us_48427
city_us_27486,county_us_45067
city_us_27487,county_us_27145
city_us_27488,county_us_28141
city_us_27489,county_us_19029
city_us_27490,county_us_06097
city_us_27491,county_us_40037
city_us_27492,county_us_17001
city_us_27493,county_us_38009
city_us_27494,county_us_08087
city_us_27495,county_us_05015
city_us_27496,county_us_18069
city_us_27497,county_us_35045
city_us_27498,county_us_54049
city_us_27499,county_us_48129
city_us_27500,county_us_27097
city_us_27501,county_us_30009
city_us_27502,county_us_02198
city_us_27503,county_us_53047
city_us_27504,county_us_12053
city_us_27505,county_us_35013
city_us_27506,county_us_50025
city_us_27507,county_us_18071
city_us_27508,county_us_18027
city_us_27509,county_us_53053
city_us_27510,county_us_27111
city_us_27511,county_us_37155
city_us_27512,county_us_06049
city_us_27513,county_us_20177
city_us_27514,county_us_42129
city_us_27515,county_us_17079
city_us_27516,county_us_27011
city_us_27517,county_us_46071
city_us_27518,county_us_06019
city_us_27519,county_us_18183
city_us_27520,county_us_20143
city_us_27521,county_us_17137
city_us_27522,county_us_48025
city_us_27523,county_us_40101
city_us_27524,county_us_30073
city_us_27525,county_us_18015
city_us_27526,county_us_38067
city_us_27527,county_us_42001
city_us_27528,county_us_42013
city_us_27529,county_us_06063
city_us_27530,county_us_47005
city_us_27531,county_us_29155
city_us_27532,county_us_40135
city_us_27533,county_us_17193
city_us_27534,county_us_29041
city_us_27535,county_us_42027
city_us_27536,county_us_40139
city_us_27537,county_us_46119
city_us_27538,county_us_27041
city_us_27539,county_us_20035
city_us_27540,county_us_51001
city_us_27541,county_us_06091
city_us_27542,county_us_40061
city_us_27543,county_us_39067
city_us_27544,county_us_04013
city_us_27545,county_us_55031
city_us_27546,county_us_42087
city_us_27547,county_us_40089
city_us_27548,county_us_42031
city_us_27549,county_us_29131
city_us_27550,county_us_27083
city_us_27551,county_us_17005
city_us_27552,county_us_21013
city_us_27553,county_us_27061
city_us_27554,county_us_31073
city_us_27555,county_us_45045
city_us_27556,county_us_35003
city_us_27557,county_us_05035
city_us_27558,county_us_28071
city_us_27559,county_us_55115
city_us_27560,county_us_31031
city_us_27561,county_us_48191
city_us_27562,county_us_54109
city_us_27563,county_us_29117
city_us_27564,county_us_38067
city_us_27565,county_us_38025
city_us_27566,county_us_55093
city_us_27567,county_us_38051
city_us_27568,county_us_06029
city_us_27569,county_us_46025
city_us_27570,county_us_41035
city_us_27571,county_us_29005
city_us_27572,county_us_30089
city_us_27573,county_us_20057
city_us_27574,county_us_16017
city_us_27575,county_us_42007
city_us_27576,county_us_30007
city_us_27577,county_us_31151
city_us_27578,county_us_02050
city_us_27579,county_us_12071
city_us_27580,county_us_28137
city_us_27581,county_us_54103
city_us_27582,county_us_54083
city_us_27583,county_us_41063
city_us_27584,county_us_39171
city_us_27585,county_us_20041
city_us_27586,county_us_42037
city_us_27587,county_us_06091
city_us_27588,county_us_30031
city_us_27589,county_us_40067
city_us_27590,county_us_55119
city_us_27591,county_us_40111
city_us_27592,county_us_35039
city_us_27593,county_us_02290
city_us_27594,county_us_48217
city_us_27595,county_us_49007
city_us_27596,county_us_26013
city_us_27597,county_us_29145
city_us_27598,county_us_27061
city_us_27599,county_us_20011
city_us_27600,county_us_29105
city_us_27601,county_us_27061
city_us_27602,county_us_31067
city_us_27603,county_us_20037
city_us_27604,county_us_17139
city_us_27605,county_us_19057
city_us_27606,county_us_06103
city_us_27607,county_us_40029
city_us_27608,county_us_08071
city_us_27609,county_us_06089
city_us_27610,county_us_20013
city_us_27611,county_us_20063
city_us_27612,county_us_06093
city_us_27613,county_us_05023
city_us_27614,county_us_21161
city_us_27615,county_us_29207
city_us_27616,county_us_19131
city_us_27617,county_us_45005
city_us_27618,county_us_46025
city_us_27619,county_us_08123
city_us_27620,county_us_04015
city_us_27621,county_us_27059
city_us_27622,county_us_39069
city_us_27623,county_us_18053
city_us_27624,county_us_20191
city_us_27625,county_us_05105
city_us_27626,county_us_46005
city_us_27627,county_us_31037
city_us_27628,county_us_39137
city_us_27629,county_us_24001
city_us_27630,county_us_19053
city_us_27631,county_us_42027
city_us_27632,county_us_40117
city_us_27633,county_us_04015
city_us_27634,county_us_02013
city_us_27635,county_us_30015
city_us_27636,county_us_40013
city_us_27637,county_us_06029
city_us_27638,county_us_20115
city_us_27639,county_us_06063
city_us_27640,county_us_20007
city_us_27641,county_us_06029
city_us_27642,county_us_48163
city_us_27643,county_us_47055
city_us_27644,county_us_39115
city_us_27645,county_us_18031
city_us_27646,county_us_55129
city_us_27647,county_us_20049
city_us_27648,county_us_42061
city_us_27649,county_us_42007
city_us_27650,county_us_48331
city_us_27651,county_us_31155
city_us_27652,county_us_18177
city_us_27653,county_us_05055
city_us_27654,county_us_04011
city_us_27655,county_us_39037
city_us_27656,county_us_54083
city_us_27657,county_us_08011
city_us_27658,county_us_01127
city_us_27659,county_us_17149
city_us_27660,county_us_01083
city_us_27661,county_us_29189
city_us_27662,county_us_38087
city_us_27663,county_us_35029
city_us_27664,county_us_20089
city_us_27665,county_us_06087
city_us_27666,county_us_48131
city_us_27667,county_us_19131
city_us_27668,county_us_35051
city_us_27669,county_us_31011
city_us_27670,county_us_54101
city_us_27671,county_us_46019
city_us_27672,county_us_18097
city_us_27673,county_us_06107
city_us_27674,county_us_19095
city_us_27675,county_us_02050
city_us_27676,county_us_08011
city_us_27677,county_us_08067
city_us_27678,county_us_31155
city_us_27679,county_us_05107
city_us_27680,county_us_05063
city_us_27681,county_us_29087
city_us_27682,county_us_18159
city_us_27683,county_us_55013
city_us_27684,county_us_40101
city_us_27685,county_us_29139
city_us_27686,county_us_17021
city_us_27687,county_us_02164
city_us_27688,county_us_20011
city_us_27689,county_us_05075
city_us_27690,county_us_45075
city_us_27691,county_us_20059
city_us_27692,county_us_01085
city_us_27693,county_us_48061
city_us_27694,county_us_45005
city_us_27695,county_us_38103
city_us_27696,county_us_04015
city_us_27697,county_us_40041
city_us_27698,county_us_20121
city_us_27699,county_us_46039
city_us_27700,county_us_29059
city_us_27701,county_us_55023
city_us_27702,county_us_31025
city_us_27703,county_us_30001
city_us_27704,county_us_53065
city_us_27705,county_us_41065
city_us_27706,county_us_30095
city_us_27707,county_us_51077
city_us_27708,county_us_30097
city_us_27709,county_us_56009
city_us_27710,county_us_31109
city_us_27711,county_us_29143
city_us_27712,county_us_56007
city_us_27713,county_us_48279
city_us_27714,county_us_05043
city_us_27715,county_us_55091
city_us_27716,county_us_29031
city_us_27717,county_us_45071
city_us_27718,county_us_40063
city_us_27719,county_us_06023
city_us_27720,county_us_56025
city_us_27721,county_us_31093
city_us_27722,county_us_34003
city_us_27723,county_us_27087
city_us_27724,county_us_05089
city_us_27725,county_us_38009
city_us_27726,county_us_20039
city_us_27727,county_us_42013
city_us_27728,county_us_04021
city_us_27729,county_us_27029
city_us_27730,county_us_19155
city_us_27731,county_us_48323
city_us_27732,county_us_55081
city_us_27733,county_us_35017
city_us_27734,county_us_02150
city_us_27735,county_us_40007
city_us_27736,county_us_20193
city_us_27737,county_us_20051
city_us_27738,county_us_05143
city_us_27739,county_us_31183
city_us_27740,county_us_24019
city_us_27741,county_us_18157
city_us_27742,county_us_40079
city_us_27743,county_us_06109
city_us_27744,county_us_37185
city_us_27745,county_us_48207
city_us_27746,county_us_42087
city_us_27747,county_us_53047
city_us_27748,county_us_45061
city_us_27749,county_us_20151
city_us_27750,county_us_17191
city_us_27751,county_us_53037
city_us_27752,county_us_26019
city_us_27753,county_us_29177
city_us_27754,county_us_38093
city_us_27755,county_us_35053
city_us_27756,county_us_35027
city_us_27757,county_us_53077
city_us_27758,county_us_48427
city_us_27759,county_us_51131
city_us_27760,county_us_20009
city_us_27761,county_us_39111
city_us_27762,county_us_47103
city_us_27763,county_us_46021
city_us_27764,county_us_29047
city_us_27765,county_us_04019
city_us_27766,county_us_36027
city_us_27767,county_us_40047
city_us_27768,county_us_05057
city_us_27769,county_us_02066
city_us_27770,county_us_09190
city_us_27771,county_us_19175
city_us_27772,county_us_21187
city_us_27773,county_us_29155
city_us_27774,county_us_01023
city_us_27775,county_us_08091
city_us_27776,county_us_38055
city_us_27777,county_us_27067
city_us_27778,county_us_39047
city_us_27779,county_us_22067
city_us_27780,county_us_42013
city_us_27781,county_us_05097
city_us_27782,county_us_19063
city_us_27783,county_us_39123
city_us_27784,county_us_29091
city_us_27785,county_us_29037
city_us_27786,county_us_46102
city_us_27787,county_us_49037
city_us_27788,county_us_17121
city_us_27789,county_us_39155
city_us_27790,county_us_38045
city_us_27791,county_us_39125
city_us_27792,county_us_18137
city_us_27793,county_us_39043
city_us_27794,county_us_30049
city_us_27795,county_us_06107
city_us_27796,county_us_41059
city_us_27797,county_us_24011
city_us_27798,county_us_36051
city_us_27799,county_us_32013
city_us_27800,county_us_51001
city_us_27801,county_us_04021
city_us_27802,county_us_42009
city_us_27803,county_us_29173
city_us_27804,county_us_40101
city_us_27805,county_us_29037
city_us_27806,county_us_21083
city_us_27807,county_us_04019
city_us_27808,county_us_55083
city_us_27809,county_us_27119
city_us_27810,county_us_20063
city_us_27811,county_us_48241
city_us_27812,county_us_46083
city_us_27813,county_us_20065
city_us_27814,county_us_20173
city_us_27815,county_us_40015
city_us_27816,county_us_18079
city_us_27817,county_us_38015
city_us_27818,county_us_38081
city_us_27819,county_us_20075
city_us_27820,county_us_55005
city_us_27821,county_us_31147
city_us_27822,county_us_02050
city_us_27823,county_us_36065
city_us_27824,county_us_31001
city_us_27825,county_us_20169
city_us_27826,county_us_35035
city_us_27827,county_us_18031
city_us_27828,county_us_20155
city_us_27829,county_us_08005
city_us_27830,county_us_18053
city_us_27831,county_us_48427
city_us_27832,county_us_19127
city_us_27833,county_us_49017
city_us_27834,county_us_29001
city_us_27835,county_us_53071
city_us_27836,county_us_42013
city_us_27837,county_us_15009
city_us_27838,county_us_36077
city_us_27839,county_us_35041
city_us_27840,county_us_56031
city_us_27841,county_us_38101
city_us_27842,county_us_22089
city_us_27843,county_us_38039
city_us_27844,county_us_49043
city_us_27845,county_us_08041
city_us_27846,county_us_39175
city_us_27847,county_us_29175
city_us_27848,county_us_40113
city_us_27849,county_us_02290
city_us_27850,county_us_02290
city_us_27851,county_us_17149
city_us_27852,county_us_46031
city_us_27853,county_us_56031
city_us_27854,county_us_19147
city_us_27855,county_us_34011
city_us_27856,county_us_26083
city_us_27857,county_us_29079
city_us_27858,county_us_05039
city_us_27859,county_us_24001
city_us_27860,county_us_42111
city_us_27861,county_us_50025
city_us_27862,county_us_05115
city_us_27863,county_us_06051
city_us_27864,county_us_06027
city_us_27865,county_us_48061
city_us_27866,county_us_51155
city_us_27867,county_us_42051
city_us_27868,county_us_29189
city_us_27869,county_us_48083
city_us_27870,county_us_55075
city_us_27871,county_us_01119
city_us_27872,county_us_29207
city_us_27873,county_us_46059
city_us_27874,county_us_29083
city_us_27875,county_us_40081
city_us_27876,county_us_27035
city_us_27877,county_us_38001
city_us_27878,county_us_36051
city_us_27879,county_us_20157
city_us_27880,county_us_38101
city_us_27881,county_us_29175
city_us_27882,county_us_20191
city_us_27883,county_us_17057
city_us_27884,county_us_31027
city_us_27885,county_us_40085
city_us_27886,county_us_40093
city_us_27887,county_us_19151
city_us_27888,county_us_08087
city_us_27889,county_us_40065
city_us_27890,county_us_35049
city_us_27891,county_us_36065
city_us_27892,county_us_29103
city_us_27893,county_us_01107
city_us_27894,county_us_17099
city_us_27895,county_us_30089
city_us_27896,county_us_27105
city_us_27897,county_us_32017
city_us_27898,county_us_48203
city_us_27899,county_us_47069
city_us_27900,county_us_20025
city_us_27901,county_us_37091
city_us_27902,county_us_18111
city_us_27903,county_us_48427
city_us_27904,county_us_06053
city_us_27905,county_us_42107
city_us_27906,county_us_17133
city_us_27907,county_us_40125
city_us_27908,county_us_29211
city_us_27909,county_us_54045
city_us_27910,county_us_27137
city_us_27911,county_us_48217
city_us_27912,county_us_29145
city_us_27913,county_us_29031
city_us_27914,county_us_02164
city_us_27915,county_us_56023
city_us_27916,county_us_06057
city_us_27917,county_us_17067
city_us_27918,county_us_18179
city_us_27919,county_us_19087
city_us_27920,county_us_48483
city_us_27921,county_us_29079
city_us_27922,county_us_05019
city_us_27923,county_us_21127
city_us_27924,county_us_18023
city_us_27925,county_us_19007
city_us_27926,county_us_56025
city_us_27927,county_us_20183
city_us_27928,county_us_40115
city_us_27929,county_us_05033
city_us_27930,county_us_19083
city_us_27931,county_us_48427
city_us_27932,county_us_24017
city_us_27933,county_us_20127
city_us_27934,county_us_02122
city_us_27935,county_us_31051
city_us_27936,county_us_46099
city_us_27937,county_us_31101
city_us_27938,county_us_35055
city_us_27939,county_us_05071
city_us_27940,county_us_29163
city_us_27941,county_us_19029
city_us_27942,county_us_19149
city_us_27943,county_us_49051
city_us_27944,county_us_39119
city_us_27945,county_us_48249
city_us_27946,county_us_29049
city_us_27947,county_us_17079
city_us_27948,county_us_18035
city_us_27949,county_us_42013
city_us_27950,county_us_42073
city_us_27951,county_us_29069
city_us_27952,county_us_18023
city_us_27953,county_us_18135
city_us_27954,county_us_51071
city_us_27955,county_us_17169
city_us_27956,county_us_55065
city_us_27957,county_us_27153
city_us_27958,county_us_29147
city_us_27959,county_us_30063
city_us_27960,county_us_17193
city_us_27961,county_us_55129
city_us_27962,county_us_27113
city_us_27963,county_us_40049
city_us_27964,county_us_39147
city_us_27965,county_us_40101
city_us_27966,county_us_40135
city_us_27967,county_us_40053
city_us_27968,county_us_40069
city_us_27969,county_us_54093
city_us_27970,county_us_38003
city_us_27971,county_us_17141
city_us_27972,county_us_29155
city_us_27973,county_us_46013
city_us_27974,county_us_18175
city_us_27975,county_us_54005
city_us_27976,county_us_38095
city_us_27977,county_us_40091
city_us_27978,county_us_48219
city_us_27979,county_us_08087
city_us_27980,county_us_42039
city_us_27981,county_us_20133
city_us_27982,county_us_31157
city_us_27983,county_us_48427
city_us_27984,county_us_30067
city_us_27985,county_us_06041
city_us_27986,county_us_40095
city_us_27987,county_us_01129
city_us_27988,county_us_42013
city_us_27989,county_us_09160
city_us_27990,county_us_30013
city_us_27991,county_us_45073
city_us_27992,county_us_48371
city_us_27993,county_us_05061
city_us_27994,county_us_26047
city_us_27995,county_us_17019
city_us_27996,county_us_40113
city_us_27997,county_us_55041
city_us_27998,county_us_38081
city_us_27999,county_us_05081
city_us_28000,county_us_20173
city_us_28001,county_us_19125
city_us_28002,county_us_13131
city_us_28003,county_us_17001
city_us_28004,county_us_16085
city_us_28005,county_us_18113
city_us_28006,county_us_48229
city_us_28007,county_us_38093
city_us_28008,county_us_02198
city_us_28009,county_us_35039
city_us_28010,county_us_13267
city_us_28011,county_us_28129
city_us_28012,county_us_27127
city_us_28013,county_us_38003
city_us_28014,county_us_04015
city_us_28015,county_us_36077
city_us_28016,county_us_06011
city_us_28017,county_us_53019
city_us_28018,county_us_17117
city_us_28019,county_us_46071
city_us_28020,county_us_29195
city_us_28021,county_us_02066
city_us_28022,county_us_19019
city_us_28023,county_us_19121
city_us_28024,county_us_08013
city_us_28025,county_us_18155
city_us_28026,county_us_05021
city_us_28027,county_us_17057
city_us_28028,county_us_35039
city_us_28029,county_us_27075
city_us_28030,county_us_06025
city_us_28031,county_us_40063
city_us_28032,county_us_04023
city_us_28033,county_us_42001
city_us_28034,county_us_40015
city_us_28035,county_us_19031
city_us_28036,county_us_29117
city_us_28037,county_us_05033
city_us_28038,county_us_31101
city_us_28039,county_us_29183
city_us_28040,county_us_20013
city_us_28041,county_us_29177
city_us_28042,county_us_40121
city_us_28043,county_us_10001
city_us_28044,county_us_19171
city_us_28045,county_us_30015
city_us_28046,county_us_20003
city_us_28047,county_us_20123
city_us_28048,county_us_05033
city_us_28049,county_us_34011
city_us_28050,county_us_46013
city_us_28051,county_us_55119
city_us_28052,county_us_06093
city_us_28053,county_us_46103
city_us_28054,county_us_20195
city_us_28055,county_us_19081
city_us_28056,county_us_08075
city_us_28057,county_us_18101
city_us_28058,county_us_17041
city_us_28059,county_us_20191
city_us_28060,county_us_54077
city_us_28061,county_us_27119
city_us_28062,county_us_42059
city_us_28063,county_us_46109
city_us_28064,county_us_27173
city_us_28065,county_us_29143
city_us_28066,county_us_19185
city_us_28067,county_us_46061
city_us_28068,county_us_27165
city_us_28069,county_us_05021
city_us_28070,county_us_40005
city_us_28071,county_us_17105
city_us_28072,county_us_18003
city_us_28073,county_us_42027
city_us_28074,county_us_06043
city_us_28075,county_us_19193
city_us_28076,county_us_45065
city_us_28077,county_us_48465
city_us_28078,county_us_20073
city_us_28079,county_us_42129
city_us_28080,county_us_46109
city_us_28081,county_us_05057
city_us_28082,county_us_34011
city_us_28083,county_us_45083
city_us_28084,county_us_05065
city_us_28085,county_us_48061
city_us_28086,county_us_05101
city_us_28087,county_us_40069
city_us_28088,county_us_49043
city_us_28089,county_us_24043
city_us_28090,county_us_54019
city_us_28091,county_us_36095
city_us_28092,county_us_40037
city_us_28093,county_us_35011
city_us_28094,county_us_06049
city_us_28095,county_us_06107
city_us_28096,county_us_31111
city_us_28097,county_us_27169
city_us_28098,county_us_51155
city_us_28099,county_us_06103
city_us_28100,county_us_20149
city_us_28101,county_us_42013
city_us_28102,county_us_19131
city_us_28103,county_us_56037
city_us_28104,county_us_19109
city_us_28105,county_us_09190
city_us_28106,county_us_45071
city_us_28107,county_us_01123
city_us_28108,county_us_54033
city_us_28109,county_us_29147
city_us_28110,county_us_17055
city_us_28111,county_us_06023
city_us_28112,county_us_30111
city_us_28113,county_us_19101
city_us_28114,county_us_18055
city_us_28115,county_us_46067
city_us_28116,county_us_17103
city_us_28117,county_us_21161
city_us_28118,county_us_31145
city_us_28119,county_us_55007
city_us_28120,county_us_49049
city_us_28121,county_us_51071
city_us_28122,county_us_30003
city_us_28123,county_us_19175
city_us_28124,county_us_53039
city_us_28125,county_us_48479
city_us_28126,county_us_45015
city_us_28127,county_us_40071
city_us_28128,county_us_31133
city_us_28129,county_us_45065
city_us_28130,county_us_20115
city_us_28131,county_us_29063
city_us_28132,county_us_30053
city_us_28133,county_us_42013
city_us_28134,county_us_45059
city_us_28135,county_us_46107
city_us_28136,county_us_40025
city_us_28137,county_us_48465
city_us_28138,county_us_32013
city_us_28139,county_us_46027
city_us_28140,county_us_19085
city_us_28141,county_us_06009
city_us_28142,county_us_53027
city_us_28143,county_us_20109
city_us_28144,county_us_17105
city_us_28145,county_us_53023
city_us_28146,county_us_18037
city_us_28147,county_us_55141
city_us_28148,county_us_19041
city_us_28149,county_us_19111
city_us_28150,county_us_37141
city_us_28151,county_us_35045
city_us_28152,county_us_21047
city_us_28153,county_us_39111
city_us_28154,county_us_19167
city_us_28155,county_us_05067
city_us_28156,county_us_08125
city_us_28157,county_us_06103
city_us_28158,county_us_18061
city_us_28159,county_us_29217
city_us_28160,county_us_05089
city_us_28161,county_us_31169
city_us_28162,county_us_20125
city_us_28163,county_us_40047
city_us_28164,county_us_08095
city_us_28165,county_us_34001
city_us_28166,county_us_35013
city_us_28167,county_us_48427
city_us_28168,county_us_27153
city_us_28169,county_us_35049
city_us_28170,county_us_31095
city_us_28171,county_us_38101
city_us_28172,county_us_19061
city_us_28173,county_us_53027
city_us_28174,county_us_05135
city_us_28175,county_us_19061
city_us_28176,county_us_29011
city_us_28177,county_us_45065
city_us_28178,county_us_46025
city_us_28179,county_us_19045
city_us_28180,county_us_18085
city_us_28181,county_us_27001
city_us_28182,county_us_29075
city_us_28183,county_us_30101
city_us_28184,county_us_05085
city_us_28185,county_us_40131
city_us_28186,county_us_20037
city_us_28187,county_us_27145
city_us_28188,county_us_31153
city_us_28189,county_us_27079
city_us_28190,county_us_46079
city_us_28191,county_us_38061
city_us_28192,county_us_18137
city_us_28193,county_us_37181
city_us_28194,county_us_56037
city_us_28195,county_us_18153
city_us_28196,county_us_29063
city_us_28197,county_us_40121
city_us_28198,county_us_34035
city_us_28199,county_us_46009
city_us_28200,county_us_40001
city_us_28201,county_us_31155
city_us_28202,county_us_05043
city_us_28203,county_us_29031
city_us_28204,county_us_27089
city_us_28205,county_us_27159
city_us_28206,county_us_06043
city_us_28207,county_us_45061
city_us_28208,county_us_29171
city_us_28209,county_us_42125
city_us_28210,county_us_39025
city_us_28211,county_us_27151
city_us_28212,county_us_19175
city_us_28213,county_us_21057
city_us_28214,county_us_05065
city_us_28215,county_us_19025
city_us_28216,county_us_53027
city_us_28217,county_us_20137
city_us_28218,county_us_17083
city_us_28219,county_us_26097
city_us_28220,county_us_39145
city_us_28221,county_us_31041
city_us_28222,county_us_46137
city_us_28223,county_us_01095
city_us_28224,county_us_48277
city_us_28225,county_us_48427
city_us_28226,county_us_08125
city_us_28227,county_us_35006
city_us_28228,county_us_24047
city_us_28229,county_us_19009
city_us_28230,county_us_27027
city_us_28231,county_us_56031
city_us_28232,county_us_35055
city_us_28233,county_us_34011
city_us_28234,county_us_42013
city_us_28235,county_us_38085
city_us_28236,county_us_18053
city_us_28237,county_us_26011
city_us_28238,county_us_46119
city_us_28239,county_us_05149
city_us_28240,county_us_55129
city_us_28241,county_us_56023
city_us_28242,county_us_17101
city_us_28243,county_us_48323
city_us_28244,county_us_47079
city_us_28245,county_us_30013
city_us_28246,county_us_46049
city_us_28247,county_us_34035
city_us_28248,county_us_38031
city_us_28249,county_us_48479
city_us_28250,county_us_17109
city_us_28251,county_us_01119
city_us_28252,county_us_02290
city_us_28253,county_us_48363
city_us_28254,county_us_27021
city_us_28255,county_us_06029
city_us_28256,county_us_47045
city_us_28257,county_us_30057
city_us_28258,county_us_53019
city_us_28259,county_us_02290
city_us_28260,county_us_48449
city_us_28261,county_us_05145
city_us_28262,county_us_19055
city_us_28263,county_us_24019
city_us_28264,county_us_30045
city_us_28265,county_us_35059
city_us_28266,county_us_40093
city_us_28267,county_us_05143
city_us_28268,county_us_54045
city_us_28269,county_us_08005
city_us_28270,county_us_19095
city_us_28271,county_us_42013
city_us_28272,county_us_29001
city_us_28273,county_us_05031
city_us_28274,county_us_48059
city_us_28275,county_us_17135
city_us_28276,county_us_21111
city_us_28277,county_us_02050
city_us_28278,county_us_04015
city_us_28279,county_us_40117
city_us_28280,county_us_51117
city_us_28281,county_us_27043
city_us_28282,county_us_05085
city_us_28283,county_us_05047
city_us_28284,county_us_28149
city_us_28285,county_us_29203
city_us_28286,county_us_27005
city_us_28287,county_us_38051
city_us_28288,county_us_17197
city_us_28289,county_us_04019
city_us_28290,county_us_39121
city_us_28291,county_us_04007
city_us_28292,county_us_04017
city_us_28293,county_us_06107
city_us_28294,county_us_31067
city_us_28295,county_us_29083
city_us_28296,county_us_47069
city_us_28297,county_us_29017
city_us_28298,county_us_18047
city_us_28299,county_us_26165
city_us_28300,county_us_16061
city_us_28301,county_us_48415
city_us_28302,county_us_19087
city_us_28303,county_us_16023
city_us_28304,county_us_06099
city_us_28305,county_us_45069
city_us_28306,county_us_20143
city_us_28307,county_us_35015
city_us_28308,county_us_30077
city_us_28309,county_us_31051
city_us_28310,county_us_38043
city_us_28311,county_us_18157
city_us_28312,county_us_42087
city_us_28313,county_us_47051
city_us_28314,county_us_19173
city_us_28315,county_us_31093
city_us_28316,county_us_35006
city_us_28317,county_us_30029
city_us_28318,county_us_20139
city_us_28319,county_us_56033
city_us_28320,county_us_27037
city_us_28321,county_us_56037
city_us_28322,county_us_35051
city_us_28323,county_us_18097
city_us_28324,county_us_02164
city_us_28325,county_us_24045
city_us_28326,county_us_28013
city_us_28327,county_us_16009
city_us_28328,county_us_19193
city_us_28329,county_us_40135
city_us_28330,county_us_02066
city_us_28331,county_us_40095
city_us_28332,county_us_20095
city_us_28333,county_us_48185
city_us_28334,county_us_20071
city_us_28335,county_us_56041
city_us_28336,county_us_55011
city_us_28337,county_us_19027
city_us_28338,county_us_05019
city_us_28339,county_us_18097
city_us_28340,county_us_30091
city_us_28341,county_us_38017
city_us_28342,county_us_41065
city_us_28343,county_us_35043
city_us_28344,county_us_40021
city_us_28345,county_us_27151
city_us_28346,county_us_19041
city_us_28347,county_us_38055
city_us_28348,county_us_19181
city_us_28349,county_us_06089
city_us_28350,county_us_31095
city_us_28351,county_us_27045
city_us_28352,county_us_06043
city_us_28353,county_us_42051
city_us_28354,county_us_29133
city_us_28355,county_us_27117
city_us_28356,county_us_27015
city_us_28357,county_us_30009
city_us_28358,county_us_31055
city_us_28359,county_us_53027
city_us_28360,county_us_40047
city_us_28361,county_us_18083
city_us_28362,county_us_19087
city_us_28363,county_us_38093
city_us_28364,county_us_20133
city_us_28365,county_us_05113
city_us_28366,county_us_05009
city_us_28367,county_us_25001
city_us_28368,county_us_42027
city_us_28369,county_us_38105
city_us_28370,county_us_51011
city_us_28371,county_us_01129
city_us_28372,county_us_29041
city_us_28373,county_us_18045
city_us_28374,county_us_17001
city_us_28375,county_us_42011
city_us_28376,county_us_40137
city_us_28377,county_us_05057
city_us_28378,county_us_35053
city_us_28379,county_us_20205
city_us_28380,county_us_29013
city_us_28381,county_us_42063
city_us_28382,county_us_18017
city_us_28383,county_us_42037
city_us_28384,county_us_48381
city_us_28385,county_us_02050
city_us_28386,county_us_18119
city_us_28387,county_us_01129
city_us_28388,county_us_46135
city_us_28389,county_us_30101
city_us_28390,county_us_51083
city_us_28391,county_us_38097
city_us_28392,county_us_37155
city_us_28393,county_us_05099
city_us_28394,county_us_53041
city_us_28395,county_us_29087
city_us_28396,county_us_42007
city_us_28397,county_us_31145
city_us_28398,county_us_42013
city_us_28399,county_us_27097
city_us_28400,county_us_49009
city_us_28401,county_us_17079
city_us_28402,county_us_29115
city_us_28403,county_us_42037
city_us_28404,county_us_02164
city_us_28405,county_us_20113
city_us_28406,county_us_28125
city_us_28407,county_us_40133
city_us_28408,county_us_30005
city_us_28409,county_us_31083
city_us_28410,county_us_02066
city_us_28411,county_us_20099
city_us_28412,county_us_48291
city_us_28413,county_us_29017
city_us_28414,county_us_48355
city_us_28415,county_us_46013
city_us_28416,county_us_31065
city_us_28417,county_us_56029
city_us_28418,county_us_05009
city_us_28419,county_us_27117
city_us_28420,county_us_46029
city_us_28421,county_us_20041
city_us_28422,county_us_30013
city_us_28423,county_us_30065
city_us_28424,county_us_31095
city_us_28425,county_us_56037
city_us_28426,county_us_31051
city_us_28427,county_us_20035
city_us_28428,county_us_17063
city_us_28429,county_us_21193
city_us_28430,county_us_32027
city_us_28431,county_us_30041
city_us_28432,county_us_40041
city_us_28433,county_us_55067
city_us_28434,county_us_29001
city_us_28435,county_us_29199
city_us_28436,county_us_19107
city_us_28437,county_us_46037
city_us_28438,county_us_40119
city_us_28439,county_us_02240
city_us_28440,county_us_29005
city_us_28441,county_us_06027
city_us_28442,county_us_18143
city_us_28443,county_us_38063
city_us_28444,county_us_47047
city_us_28445,county_us_46129
city_us_28446,county_us_04015
city_us_28447,county_us_21075
city_us_28448,county_us_50025
city_us_28449,county_us_50025
city_us_28450,county_us_18031
city_us_28451,county_us_39037
city_us_28452,county_us_27027
city_us_28453,county_us_47189
city_us_28454,county_us_29071
city_us_28455,county_us_27007
city_us_28456,county_us_05035
city_us_28457,county_us_21031
city_us_28458,county_us_20019
city_us_28459,county_us_46053
city_us_28460,county_us_19179
city_us_28461,county_us_45057
city_us_28462,county_us_34005
city_us_28463,county_us_19125
city_us_28464,county_us_31009
city_us_28465,county_us_01091
city_us_28466,county_us_48427
city_us_28467,county_us_41065
city_us_28468,county_us_05111
city_us_28469,county_us_06063
city_us_28470,county_us_19109
city_us_28471,county_us_39043
city_us_28472,county_us_13261
city_us_28473,county_us_12103
city_us_28474,county_us_41037
city_us_28475,county_us_02105
city_us_28476,county_us_30007
city_us_28477,county_us_36051
city_us_28478,county_us_35006
city_us_28479,county_us_38013
city_us_28480,county_us_46115
city_us_28481,county_us_30061
city_us_28482,county_us_06051
city_us_28483,county_us_08117
city_us_28484,county_us_34037
city_us_28485,county_us_27133
city_us_28486,county_us_29095
city_us_28487,county_us_01111
city_us_28488,county_us_48487
city_us_28489,county_us_40001
city_us_28490,county_us_17151
city_us_28491,county_us_31131
city_us_28492,county_us_22031
city_us_28493,county_us_29009
city_us_28494,county_us_40127
city_us_28495,county_us_19149
city_us_28496,county_us_38069
city_us_28497,county_us_46049
city_us_28498,county_us_20029
city_us_28499,county_us_40117
city_us_28500,county_us_54109
city_us_28501,county_us_29165
city_us_28502,county_us_51169
city_us_28503,county_us_05067
city_us_28504,county_us_31149
city_us_28505,county_us_55115
city_us_28506,county_us_19065
city_us_28507,county_us_18015
city_us_28508,county_us_06091
city_us_28509,county_us_06047
city_us_28510,county_us_29097
city_us_28511,county_us_41053
city_us_28512,county_us_46051
city_us_28513,county_us_29095
city_us_28514,county_us_05057
city_us_28515,county_us_38091
city_us_28516,county_us_38097
city_us_28517,county_us_06029
city_us_28518,county_us_01017
city_us_28519,county_us_27151
city_us_28520,county_us_02290
city_us_28521,county_us_29207
city_us_28522,county_us_05101
city_us_28523,county_us_19043
city_us_28524,county_us_48127
city_us_28525,county_us_19111
city_us_28526,county_us_19033
city_us_28527,county_us_42027
city_us_28528,county_us_18001
city_us_28529,county_us_51169
city_us_28530,county_us_46031
city_us_28531,county_us_04015
city_us_28532,county_us_17161
city_us_28533,county_us_32023
city_us_28534,county_us_37093
city_us_28535,county_us_39047
city_us_28536,county_us_30057
city_us_28537,county_us_48061
city_us_28538,county_us_29003
city_us_28539,county_us_20131
city_us_28540,county_us_17115
city_us_28541,county_us_01001
city_us_28542,county_us_05005
city_us_28543,county_us_20207
city_us_28544,county_us_42111
city_us_28545,county_us_40127
city_us_28546,county_us_19159
city_us_28547,county_us_24001
city_us_28548,county_us_29121
city_us_28549,county_us_20147
city_us_28550,county_us_40097
city_us_28551,county_us_06083
city_us_28552,county_us_20037
city_us_28553,county_us_40133
city_us_28554,county_us_20037
city_us_28555,county_us_24001
city_us_28556,county_us_27127
city_us_28557,county_us_20117
city_us_28558,county_us_19137
city_us_28559,county_us_20155
city_us_28560,county_us_40031
city_us_28561,county_us_47055
city_us_28562,county_us_40105
city_us_28563,county_us_51105
city_us_28564,county_us_30035
city_us_28565,county_us_27081
city_us_28566,county_us_18093
city_us_28567,county_us_38015
city_us_28568,county_us_40117
city_us_28569,county_us_18179
city_us_28570,county_us_31015
city_us_28571,county_us_19003
city_us_28572,county_us_31169
city_us_28573,county_us_29229
city_us_28574,county_us_35055
city_us_28575,county_us_42039
city_us_28576,county_us_54019
city_us_28577,county_us_42011
city_us_28578,county_us_55003
city_us_28579,county_us_46103
city_us_28580,county_us_20163
city_us_28581,county_us_29131
city_us_28582,county_us_05097
city_us_28583,county_us_02164
city_us_28584,county_us_08095
city_us_28585,county_us_30095
city_us_28586,county_us_02170
city_us_28587,county_us_38021
city_us_28588,county_us_38097
city_us_28589,county_us_45069
city_us_28590,county_us_29019
city_us_28591,county_us_45061
city_us_28592,county_us_36045
city_us_28593,county_us_18061
city_us_28594,county_us_06107
city_us_28595,county_us_35041
city_us_28596,county_us_30005
city_us_28597,county_us_45051
city_us_28598,county_us_38015
city_us_28599,county_us_38101
city_us_28600,county_us_38095
city_us_28601,county_us_06103
city_us_28602,county_us_39073
city_us_28603,county_us_06091
city_us_28604,county_us_29135
city_us_28605,county_us_19011
city_us_28606,county_us_26083
city_us_28607,county_us_46061
city_us_28608,county_us_29167
city_us_28609,county_us_19027
city_us_28610,county_us_46115
city_us_28611,county_us_37155
city_us_28612,county_us_19133
city_us_28613,county_us_24003
city_us_28614,county_us_17113
city_us_28615,county_us_31003
city_us_28616,county_us_29045
city_us_28617,county_us_31051
city_us_28618,county_us_27029
city_us_28619,county_us_01017
city_us_28620,county_us_54045
city_us_28621,county_us_19067
city_us_28622,county_us_02122
city_us_28623,county_us_05059
city_us_28624,county_us_31067
city_us_28625,county_us_24027
city_us_28626,county_us_30019
city_us_28627,county_us_17131
city_us_28628,county_us_56031
city_us_28629,county_us_12113
city_us_28630,county_us_48427
city_us_28631,county_us_20115
city_us_28632,county_us_02100
city_us_28633,county_us_55073
city_us_28634,county_us_06029
city_us_28635,county_us_24001
city_us_28636,county_us_04017
city_us_28637,county_us_31045
city_us_28638,county_us_19053
city_us_28639,county_us_02100
city_us_28640,county_us_49047
city_us_28641,county_us_42039
city_us_28642,county_us_20013
city_us_28643,county_us_06107
city_us_28644,county_us_40117
city_us_28645,county_us_27065
city_us_28646,county_us_20201
city_us_28647,county_us_08051
city_us_28648,county_us_06063
city_us_28649,county_us_29155
city_us_28650,county_us_53077
city_us_28651,county_us_05035
city_us_28652,county_us_39111
city_us_28653,county_us_04023
city_us_28654,county_us_47045
city_us_28655,county_us_01091
city_us_28656,county_us_31157
city_us_28657,county_us_49015
city_us_28658,county_us_27007
city_us_28659,county_us_38009
city_us_28660,county_us_48355
city_us_28661,county_us_05095
city_us_28662,county_us_08061
city_us_28663,county_us_54019
city_us_28664,county_us_40043
city_us_28665,county_us_04019
city_us_28666,county_us_39061
city_us_28667,county_us_38043
city_us_28668,county_us_06093
city_us_28669,county_us_35003
city_us_28670,county_us_51015
city_us_28671,county_us_18055
city_us_28672,county_us_19157
city_us_28673,county_us_26019
city_us_28674,county_us_40113
city_us_28675,county_us_42019
city_us_28676,county_us_39021
city_us_28677,county_us_49037
city_us_28678,county_us_17091
city_us_28679,county_us_06005
city_us_28680,county_us_05067
city_us_28681,county_us_20021
city_us_28682,county_us_40013
city_us_28683,county_us_27155
city_us_28684,county_us_18171
city_us_28685,county_us_40109
city_us_28686,county_us_06097
city_us_28687,county_us_51061
city_us_28688,county_us_51001
city_us_28689,county_us_08071
city_us_28690,county_us_27089
city_us_28691,county_us_27015
city_us_28692,county_us_41009
city_us_28693,county_us_46067
city_us_28694,county_us_31035
city_us_28695,county_us_49021
city_us_28696,county_us_35023
city_us_28697,county_us_04007
city_us_28698,county_us_17191
city_us_28699,county_us_20089
city_us_28700,county_us_24043
city_us_28701,county_us_17197
city_us_28702,county_us_38019
city_us_28703,county_us_48427
city_us_28704,county_us_39143
city_us_28705,county_us_29167
city_us_28706,county_us_54045
city_us_28707,county_us_30049
city_us_28708,county_us_35006
city_us_28709,county_us_31169
city_us_28710,county_us_53057
city_us_28711,county_us_06005
city_us_28712,county_us_05031
city_us_28713,county_us_05021
city_us_28714,county_us_42065
city_us_28715,county_us_29073
city_us_28716,county_us_46023
city_us_28717,county_us_37065
city_us_28718,county_us_27137
city_us_28719,county_us_19107
city_us_28720,county_us_19047
city_us_28721,county_us_17059
city_us_28722,county_us_27071
city_us_28723,county_us_02158
city_us_28724,county_us_30035
city_us_28725,county_us_55115
city_us_28726,county_us_36051
city_us_28727,county_us_51061
city_us_28728,county_us_35051
city_us_28729,county_us_05009
city_us_28730,county_us_35033
city_us_28731,county_us_29083
city_us_28732,county_us_19003
city_us_28733,county_us_17161
city_us_28734,county_us_18077
city_us_28735,county_us_31007
city_us_28736,county_us_31023
city_us_28737,county_us_48409
city_us_28738,county_us_54075
city_us_28739,county_us_30049
city_us_28740,county_us_19125
city_us_28741,county_us_20157
city_us_28742,county_us_18015
city_us_28743,county_us_18051
city_us_28744,county_us_18103
city_us_28745,county_us_55115
city_us_28746,county_us_27165
city_us_28747,county_us_20001
city_us_28748,county_us_19165
city_us_28749,county_us_29129
city_us_28750,county_us_06107
city_us_28751,county_us_38031
city_us_28752,county_us_13299
city_us_28753,county_us_19131
city_us_28754,county_us_27057
city_us_28755,county_us_02063
city_us_28756,county_us_05021
city_us_28757,county_us_41059
city_us_28758,county_us_46115
city_us_28759,county_us_17025
city_us_28760,county_us_20013
city_us_28761,county_us_01097
city_us_28762,county_us_29029
city_us_28763,county_us_28007
city_us_28764,county_us_19061
city_us_28765,county_us_19165
city_us_28766,county_us_23005
city_us_28767,county_us_30013
city_us_28768,county_us_30047
city_us_28769,county_us_55051
city_us_28770,county_us_29069
city_us_28771,county_us_30001
city_us_28772,county_us_56031
city_us_28773,county_us_01121
city_us_28774,county_us_38017
city_us_28775,county_us_31177
city_us_28776,county_us_42087
city_us_28777,county_us_02290
city_us_28778,county_us_55001
city_us_28779,county_us_28161
city_us_28780,county_us_08055
city_us_28781,county_us_19189
city_us_28782,county_us_42037
city_us_28783,county_us_08023
city_us_28784,county_us_02016
city_us_28785,county_us_18061
city_us_28786,county_us_46013
city_us_28787,county_us_46067
city_us_28788,county_us_35037
city_us_28789,county_us_02105
city_us_28790,county_us_35031
city_us_28791,county_us_19015
city_us_28792,county_us_05057
city_us_28793,county_us_17033
city_us_28794,county_us_31161
city_us_28795,county_us_05111
city_us_28796,county_us_16057
city_us_28797,county_us_50025
city_us_28798,county_us_48427
city_us_28799,county_us_38083
city_us_28800,county_us_38009
city_us_28801,county_us_18065
city_us_28802,county_us_47079
city_us_28803,county_us_13129
city_us_28804,county_us_30005
city_us_28805,county_us_18009
city_us_28806,county_us_35039
city_us_28807,county_us_12113
city_us_28808,county_us_46095
city_us_28809,county_us_50003
city_us_28810,county_us_18025
city_us_28811,county_us_19057
city_us_28812,county_us_01025
city_us_28813,county_us_31101
city_us_28814,county_us_29135
city_us_28815,county_us_18171
city_us_28816,county_us_08061
city_us_28817,county_us_40135
city_us_28818,county_us_26165
city_us_28819,county_us_17065
city_us_28820,county_us_29227
city_us_28821,county_us_40043
city_us_28822,county_us_20205
city_us_28823,county_us_38017
city_us_28824,county_us_20171
city_us_28825,county_us_53009
city_us_28826,county_us_46049
city_us_28827,county_us_06005
city_us_28828,county_us_18107
city_us_28829,county_us_20017
city_us_28830,county_us_47017
city_us_28831,county_us_15001
city_us_28832,county_us_45009
city_us_28833,county_us_50007
city_us_28834,county_us_20021
city_us_28835,county_us_30001
city_us_28836,county_us_46013
city_us_28837,county_us_51155
city_us_28838,county_us_48247
city_us_28839,county_us_18025
city_us_28840,county_us_29113
city_us_28841,county_us_37065
city_us_28842,county_us_20147
city_us_28843,county_us_40091
city_us_28844,county_us_29045
city_us_28845,county_us_20117
city_us_28846,county_us_29023
city_us_28847,county_us_29047
city_us_28848,county_us_29041
city_us_28849,county_us_20115
city_us_28850,county_us_48247
city_us_28851,county_us_51061
city_us_28852,county_us_39127
city_us_28853,county_us_48427
city_us_28854,county_us_27167
city_us_28855,county_us_42063
city_us_28856,county_us_38069
city_us_28857,county_us_29205
city_us_28858,county_us_17063
city_us_28859,county_us_48053
city_us_28860,county_us_32007
city_us_28861,county_us_42011
city_us_28862,county_us_55119
city_us_28863,county_us_51001
city_us_28864,county_us_26047
city_us_28865,county_us_42039
city_us_28866,county_us_45039
city_us_28867,county_us_19159
city_us_28868,county_us_08109
city_us_28869,county_us_06109
city_us_28870,county_us_09160
city_us_28871,county_us_48083
city_us_28872,county_us_27009
city_us_28873,county_us_40123
city_us_28874,county_us_27047
city_us_28875,county_us_17003
city_us_28876,county_us_38077
city_us_28877,county_us_53019
city_us_28878,county_us_18177
city_us_28879,county_us_38023
city_us_28880,county_us_40029
city_us_28881,county_us_19023
city_us_28882,county_us_51157
city_us_28883,county_us_06057
city_us_28884,county_us_06043
city_us_28885,county_us_30051
city_us_28886,county_us_39009
city_us_28887,county_us_42013
city_us_28888,county_us_51061
city_us_28889,county_us_02164
city_us_28890,county_us_41065
city_us_28891,county_us_40135
city_us_28892,county_us_56031
city_us_28893,county_us_13127
city_us_28894,county_us_46091
city_us_28895,county_us_19109
city_us_28896,county_us_36039
city_us_28897,county_us_46109
city_us_28898,county_us_12086
city_us_28899,county_us_38049
city_us_28900,county_us_36045
city_us_28901,county_us_35003
city_us_28902,county_us_40109
city_us_28903,county_us_46025
city_us_28904,county_us_19007
city_us_28905,county_us_46091
city_us_28906,county_us_18167
city_us_28907,county_us_38093
city_us_28908,county_us_36103
city_us_28909,county_us_02060
city_us_28910,county_us_51117
city_us_28911,county_us_20027
city_us_28912,county_us_53019
city_us_28913,county_us_30055
city_us_28914,county_us_02070
city_us_28915,county_us_05065
city_us_28916,county_us_54019
city_us_28917,county_us_38043
city_us_28918,county_us_42013
city_us_28919,county_us_06045
city_us_28920,county_us_30027
city_us_28921,county_us_06025
city_us_28922,county_us_48409
city_us_28923,county_us_31121
city_us_28924,county_us_29195
city_us_28925,county_us_42013
city_us_28926,county_us_40019
city_us_28927,county_us_53069
city_us_28928,county_us_08049
city_us_28929,county_us_27099
city_us_28930,county_us_08087
city_us_28931,county_us_31027
city_us_28932,county_us_21037
city_us_28933,county_us_37093
city_us_28934,county_us_29145
city_us_28935,county_us_06107
city_us_28936,county_us_18145
city_us_28937,county_us_19025
city_us_28938,county_us_29015
city_us_28939,county_us_42111
city_us_28940,county_us_35039
city_us_28941,county_us_17087
city_us_28942,county_us_31027
city_us_28943,county_us_06083
city_us_28944,county_us_38039
city_us_28945,county_us_27073
city_us_28946,county_us_46071
city_us_28947,county_us_24001
city_us_28948,county_us_26047
city_us_28949,county_us_06063
city_us_28950,county_us_20007
city_us_28951,county_us_05103
city_us_28952,county_us_19081
city_us_28953,county_us_30035
city_us_28954,county_us_29211
city_us_28955,county_us_17073
city_us_28956,county_us_20095
city_us_28957,county_us_41065
city_us_28958,county_us_20167
city_us_28959,county_us_40069
city_us_28960,county_us_02070
city_us_28961,county_us_42051
city_us_28962,county_us_02158
city_us_28963,county_us_47113
city_us_28964,county_us_48427
city_us_28965,county_us_38017
city_us_28966,county_us_05107
city_us_28967,county_us_08071
city_us_28968,county_us_21237
city_us_28969,county_us_30045
city_us_28970,county_us_46005
city_us_28971,county_us_06107
city_us_28972,county_us_46123
city_us_28973,county_us_05093
city_us_28974,county_us_46099
city_us_28975,county_us_20121
city_us_28976,county_us_39001
city_us_28977,county_us_28049
city_us_28978,county_us_38045
city_us_28979,county_us_55115
city_us_28980,county_us_38003
city_us_28981,county_us_29033
city_us_28982,county_us_20085
city_us_28983,county_us_40053
city_us_28984,county_us_38077
city_us_28985,county_us_17001
city_us_28986,county_us_29069
city_us_28987,county_us_19071
city_us_28988,county_us_08099
city_us_28989,county_us_53027
city_us_28990,county_us_24019
city_us_28991,county_us_19037
city_us_28992,county_us_53061
city_us_28993,county_us_20199
city_us_28994,county_us_40079
city_us_28995,county_us_46085
city_us_28996,county_us_39047
city_us_28997,county_us_20205
city_us_28998,county_us_18101
city_us_28999,county_us_20017
city_us_29000,county_us_20043
city_us_29001,county_us_20163
city_us_29002,county_us_20173
city_us_29003,county_us_17191
city_us_29004,county_us_29083
city_us_29005,county_us_27145
city_us_29006,county_us_31037
city_us_29007,county_us_54047
city_us_29008,county_us_35023
city_us_29009,county_us_05063
city_us_29010,county_us_16049
city_us_29011,county_us_35053
city_us_29012,county_us_38025
city_us_29013,county_us_19197
city_us_29014,county_us_46011
city_us_29015,county_us_31011
city_us_29016,county_us_29121
city_us_29017,county_us_24029
city_us_29018,county_us_31181
city_us_29019,county_us_42013
city_us_29020,county_us_42013
city_us_29021,county_us_34011
city_us_29022,county_us_28011
city_us_29023,county_us_20019
city_us_29024,county_us_53027
city_us_29025,county_us_40117
city_us_29026,county_us_38031
city_us_29027,county_us_27119
city_us_29028,county_us_24011
city_us_29029,county_us_17195
city_us_29030,county_us_29013
city_us_29031,county_us_27047
city_us_29032,county_us_56027
city_us_29033,county_us_35017
city_us_29034,county_us_38001
city_us_29035,county_us_29013
city_us_29036,county_us_40125
city_us_29037,county_us_55003
city_us_29038,county_us_29181
city_us_29039,county_us_40083
city_us_29040,county_us_31163
city_us_29041,county_us_29139
city_us_29042,county_us_20043
city_us_29043,county_us_04027
city_us_29044,county_us_20201
city_us_29045,county_us_30043
city_us_29046,county_us_19105
city_us_29047,county_us_38105
city_us_29048,county_us_35057
city_us_29049,county_us_05037
city_us_29050,county_us_35059
city_us_29051,county_us_31035
city_us_29052,county_us_54061
city_us_29053,county_us_29137
city_us_29054,county_us_13299
city_us_29055,county_us_40005
city_us_29056,county_us_46025
city_us_29057,county_us_17193
city_us_29058,county_us_31067
city_us_29059,county_us_35053
city_us_29060,county_us_27111
city_us_29061,county_us_31023
city_us_29062,county_us_29109
city_us_29063,county_us_05083
city_us_29064,county_us_40113
city_us_29065,county_us_21139
city_us_29066,county_us_29041
city_us_29067,county_us_29155
city_us_29068,county_us_46107
city_us_29069,county_us_39175
city_us_29070,county_us_20073
city_us_29071,county_us_48177
city_us_29072,county_us_35023
city_us_29073,county_us_18151
city_us_29074,county_us_38067
city_us_29075,county_us_06107
city_us_29076,county_us_29103
city_us_29077,county_us_29045
city_us_29078,county_us_49047
city_us_29079,county_us_48505
city_us_29080,county_us_56009
city_us_29081,county_us_19031
city_us_29082,county_us_18121
city_us_29083,county_us_30043
city_us_29084,county_us_56037
city_us_29085,county_us_29075
city_us_29086,county_us_53019
city_us_29087,county_us_40113
city_us_29088,county_us_20105
city_us_29089,county_us_29117
city_us_29090,county_us_04019
city_us_29091,county_us_27119
city_us_29092,county_us_31185
city_us_29093,county_us_08013
city_us_29094,county_us_01097
city_us_29095,county_us_31127
city_us_29096,county_us_56017
city_us_29097,county_us_49055
city_us_29098,county_us_42061
city_us_29099,county_us_40023
city_us_29100,county_us_17091
city_us_29101,county_us_49049
city_us_29102,county_us_38017
city_us_29103,county_us_02180
city_us_29104,county_us_13265
city_us_29105,county_us_17011
city_us_29106,county_us_39111
city_us_29107,county_us_35055
city_us_29108,county_us_29217
city_us_29109,county_us_05095
city_us_29110,county_us_38045
city_us_29111,county_us_29157
city_us_29112,county_us_46115
city_us_29113,county_us_01041
city_us_29114,county_us_12113
city_us_29115,county_us_19063
city_us_29116,county_us_40123
city_us_29117,county_us_27087
city_us_29118,county_us_27027
city_us_29119,county_us_42013
city_us_29120,county_us_51001
city_us_29121,county_us_02150
city_us_29122,county_us_04015
city_us_29123,county_us_29109
city_us_29124,county_us_05019
city_us_29125,county_us_20011
city_us_29126,county_us_29037
city_us_29127,county_us_04019
city_us_29128,county_us_35057
city_us_29129,county_us_18059
city_us_29130,county_us_20039
city_us_29131,county_us_51025
city_us_29132,county_us_29217
city_us_29133,county_us_38043
city_us_29134,county_us_19181
city_us_29135,county_us_48505
city_us_29136,county_us_40043
city_us_29137,county_us_40129
city_us_29138,county_us_08121
city_us_29139,county_us_40121
city_us_29140,county_us_39031
city_us_29141,county_us_36051
city_us_29142,county_us_27119
city_us_29143,county_us_48427
city_us_29144,county_us_06093
city_us_29145,county_us_56003
city_us_29146,county_us_46079
city_us_29147,county_us_55003
city_us_29148,county_us_38093
city_us_29149,county_us_55037
city_us_29150,county_us_06045
city_us_29151,county_us_40041
city_us_29152,county_us_05121
city_us_29153,county_us_18067
city_us_29154,county_us_17107
city_us_29155,county_us_54067
city_us_29156,county_us_40117
city_us_29157,county_us_20197
city_us_29158,county_us_02164
city_us_29159,county_us_16009
city_us_29160,county_us_02290
city_us_29161,county_us_02066
city_us_29162,county_us_17181
city_us_29163,county_us_53057
city_us_29164,county_us_27121
city_us_29165,county_us_17165
city_us_29166,county_us_47123
city_us_29167,county_us_38033
city_us_29168,county_us_27115
city_us_29169,county_us_48323
city_us_29170,county_us_46079
city_us_29171,county_us_27095
city_us_29172,county_us_20127
city_us_29173,county_us_30057
city_us_29174,county_us_06021
city_us_29175,county_us_40127
city_us_29176,county_us_31063
city_us_29177,county_us_51091
city_us_29178,county_us_18039
city_us_29179,county_us_27101
city_us_29180,county_us_51001
city_us_29181,county_us_46125
city_us_29182,county_us_28143
city_us_29183,county_us_30013
city_us_29184,county_us_51015
city_us_29185,county_us_40135
city_us_29186,county_us_19137
city_us_29187,county_us_54033
city_us_29188,county_us_17029
city_us_29189,county_us_55115
city_us_29190,county_us_29145
city_us_29191,county_us_38017
city_us_29192,county_us_46037
city_us_29193,county_us_48277
city_us_29194,county_us_30041
city_us_29195,county_us_55103
city_us_29196,county_us_27067
city_us_29197,county_us_30057
city_us_29198,county_us_29163
city_us_29199,county_us_46125
city_us_29200,county_us_06065
city_us_29201,county_us_06107
city_us_29202,county_us_30081
city_us_29203,county_us_38013
city_us_29204,county_us_22069
city_us_29205,county_us_01129
city_us_29206,county_us_30077
city_us_29207,county_us_54061
city_us_29208,county_us_19109
city_us_29209,county_us_28163
city_us_29210,county_us_39059
city_us_29211,county_us_31107
city_us_29212,county_us_31175
city_us_29213,county_us_46047
city_us_29214,county_us_40107
city_us_29215,county_us_35049
city_us_29216,county_us_48061
city_us_29217,county_us_15009
city_us_29218,county_us_20155
city_us_29219,county_us_17009
city_us_29220,county_us_38049
city_us_29221,county_us_51001
city_us_29222,county_us_19175
city_us_29223,county_us_20077
city_us_29224,county_us_19147
city_us_29225,county_us_27069
city_us_29226,county_us_40067
city_us_29227,county_us_46067
city_us_29228,county_us_46069
city_us_29229,county_us_29031
city_us_29230,county_us_06107
city_us_29231,county_us_49007
city_us_29232,county_us_20203
city_us_29233,county_us_06029
city_us_29234,county_us_47115
city_us_29235,county_us_19107
city_us_29236,county_us_30067
city_us_29237,county_us_27087
city_us_29238,county_us_46013
city_us_29239,county_us_19155
city_us_29240,county_us_51195
city_us_29241,county_us_31129
city_us_29242,county_us_41003
city_us_29243,county_us_27101
city_us_29244,county_us_18135
city_us_29245,county_us_42013
city_us_29246,county_us_46075
city_us_29247,county_us_19071
city_us_29248,county_us_18131
city_us_29249,county_us_40121
city_us_29250,county_us_18083
city_us_29251,county_us_24001
city_us_29252,county_us_19111
city_us_29253,county_us_46111
city_us_29254,county_us_31171
city_us_29255,county_us_27063
city_us_29256,county_us_18165
city_us_29257,county_us_19099
city_us_29258,county_us_46049
city_us_29259,county_us_42039
city_us_29260,county_us_40013
city_us_29261,county_us_30057
city_us_29262,county_us_45045
city_us_29263,county_us_51097
city_us_29264,county_us_48295
city_us_29265,county_us_05119
city_us_29266,county_us_24019
city_us_29267,county_us_24033
city_us_29268,county_us_37013
city_us_29269,county_us_29079
city_us_29270,county_us_38073
city_us_29271,county_us_20165
city_us_29272,county_us_39067
city_us_29273,county_us_12095
city_us_29274,county_us_35029
city_us_29275,county_us_37155
city_us_29276,county_us_24001
city_us_29277,county_us_29011
city_us_29278,county_us_06035
city_us_29279,county_us_40041
city_us_29280,county_us_06109
city_us_29281,county_us_16073
city_us_29282,county_us_48087
city_us_29283,county_us_27099
city_us_29284,county_us_26089
city_us_29285,county_us_54081
city_us_29286,county_us_13279
city_us_29287,county_us_17197
city_us_29288,county_us_13093
city_us_29289,county_us_46077
city_us_29290,county_us_40083
city_us_29291,county_us_28093
city_us_29292,county_us_46021
city_us_29293,county_us_38003
city_us_29294,county_us_48479
city_us_29295,county_us_48039
city_us_29296,county_us_16015
city_us_29297,county_us_29143
city_us_29298,county_us_06063
city_us_29299,county_us_17011
city_us_29300,county_us_05075
city_us_29301,county_us_40141
city_us_29302,county_us_29087
city_us_29303,county_us_29011
city_us_29304,county_us_02050
city_us_29305,county_us_49045
city_us_29306,county_us_29163
city_us_29307,county_us_06113
city_us_29308,county_us_29227
city_us_29309,county_us_40037
city_us_29310,county_us_18047
city_us_29311,county_us_35031
city_us_29312,county_us_38039
city_us_29313,county_us_02290
city_us_29314,county_us_20197
city_us_29315,county_us_55043
city_us_29316,county_us_40069
city_us_29317,county_us_35059
city_us_29318,county_us_29061
city_us_29319,county_us_40113
city_us_29320,county_us_51065
city_us_29321,county_us_40065
city_us_29322,county_us_29039
city_us_29323,county_us_18053
city_us_29324,county_us_27115
city_us_29325,county_us_30013
city_us_29326,county_us_29111
city_us_29327,county_us_45029
city_us_29328,county_us_02164
city_us_29329,county_us_20165
city_us_29330,county_us_09130
city_us_29331,county_us_38081
city_us_29332,county_us_40071
city_us_29333,county_us_46023
city_us_29334,county_us_29219
city_us_29335,county_us_30029
city_us_29336,county_us_17079
city_us_29337,county_us_19185
city_us_29338,county_us_30073
city_us_29339,county_us_30005
city_us_29340,county_us_31153
city_us_29341,county_us_38073
city_us_29342,county_us_13135
city_us_29343,county_us_20015
city_us_29344,county_us_04023
city_us_29345,county_us_08053
city_us_29346,county_us_02180
city_us_29347,county_us_46049
city_us_29348,county_us_40089
city_us_29349,county_us_02063
city_us_29350,county_us_24043
city_us_29351,county_us_30009
city_us_29352,county_us_06063
city_us_29353,county_us_19061
city_us_29354,county_us_05149
city_us_29355,county_us_31133
city_us_29356,county_us_02198
city_us_29357,county_us_51141
city_us_29358,county_us_20021
city_us_29359,county_us_46041
city_us_29360,county_us_42051
city_us_29361,county_us_48279
city_us_29362,county_us_17139
city_us_29363,county_us_46135
city_us_29364,county_us_42125
city_us_29365,county_us_13185
city_us_29366,county_us_27029
city_us_29367,county_us_17001
city_us_29368,county_us_30049
city_us_29369,county_us_05097
city_us_29370,county_us_28011
city_us_29371,county_us_48277
city_us_29372,county_us_19041
city_us_29373,county_us_39017
city_us_29374,county_us_40059
city_us_29375,county_us_38103
city_us_29376,county_us_48479
city_us_29377,county_us_12029
city_us_29378,county_us_46039
city_us_29379,county_us_46087
city_us_29380,county_us_30027
city_us_29381,county_us_46077
city_us_29382,county_us_39157
city_us_29383,county_us_04015
city_us_29384,county_us_53025
city_us_29385,county_us_19131
city_us_29386,county_us_04019
city_us_29387,county_us_18027
city_us_29388,county_us_46067
city_us_29389,county_us_02164
city_us_29390,county_us_50027
city_us_29391,county_us_40121
city_us_29392,county_us_29209
city_us_29393,county_us_17149
city_us_29394,county_us_08035
city_us_29395,county_us_27127
city_us_29396,county_us_46063
city_us_29397,county_us_50025
city_us_29398,county_us_16041
city_us_29399,county_us_51001
city_us_29400,county_us_38005
city_us_29401,county_us_20159
city_us_29402,county_us_35006
city_us_29403,county_us_46059
city_us_29404,county_us_46051
city_us_29405,county_us_16051
city_us_29406,county_us_04012
city_us_29407,county_us_02240
city_us_29408,county_us_26013
city_us_29409,county_us_42111
city_us_29410,county_us_20047
city_us_29411,county_us_29147
city_us_29412,county_us_05139
city_us_29413,county_us_42013
city_us_29414,county_us_38001
city_us_29415,county_us_02170
city_us_29416,county_us_29005
city_us_29417,county_us_27069
city_us_29418,county_us_29199
city_us_29419,county_us_30001
city_us_29420,county_us_27159
city_us_29421,county_us_31107
city_us_29422,county_us_30027
city_us_29423,county_us_42013
city_us_29424,county_us_19007
city_us_29425,county_us_31147
city_us_29426,county_us_30013
city_us_29427,county_us_42013
city_us_29428,county_us_42013
city_us_29429,county_us_17161
city_us_29430,county_us_20193
city_us_29431,county_us_48331
city_us_29432,county_us_49009
city_us_29433,county_us_40129
city_us_29434,county_us_38073
city_us_29435,county_us_41001
city_us_29436,county_us_18109
city_us_29437,county_us_40001
city_us_29438,county_us_40041
city_us_29439,county_us_21137
city_us_29440,county_us_19047
city_us_29441,county_us_06007
city_us_29442,county_us_55105
city_us_29443,county_us_31015
city_us_29444,county_us_30089
city_us_29445,county_us_20095
city_us_29446,county_us_18175
city_us_29447,county_us_30107
city_us_29448,county_us_56023
city_us_29449,county_us_46033
city_us_29450,county_us_06049
city_us_29451,county_us_29157
city_us_29452,county_us_37155
city_us_29453,county_us_30059
city_us_29454,county_us_34041
city_us_29455,county_us_38009
city_us_29456,county_us_53039
city_us_29457,county_us_48427
city_us_29458,county_us_06103
city_us_29459,county_us_37163
city_us_29460,county_us_27069
city_us_29461,county_us_46027
city_us_29462,county_us_40001
city_us_29463,county_us_19191
city_us_29464,county_us_50007
city_us_29465,county_us_17157
city_us_29466,county_us_38017
city_us_29467,county_us_54085
city_us_29468,county_us_13305
city_us_29469,county_us_29201
city_us_29470,county_us_20167
city_us_29471,county_us_29211
city_us_29472,county_us_27121
city_us_29473,county_us_19159
city_us_29474,county_us_51069
city_us_29475,county_us_30009
city_us_29476,county_us_51001
city_us_29477,county_us_35017
city_us_29478,county_us_02290
city_us_29479,county_us_42107
city_us_29480,county_us_20009
city_us_29481,county_us_13315
city_us_29482,county_us_06059
city_us_29483,county_us_40097
city_us_29484,county_us_56007
city_us_29485,county_us_18011
city_us_29486,county_us_30081
city_us_29487,county_us_05013
city_us_29488,county_us_40001
city_us_29489,county_us_40021
city_us_29490,county_us_29195
city_us_29491,county_us_19103
city_us_29492,county_us_32013
city_us_29493,county_us_05023
city_us_29494,county_us_20003
city_us_29495,county_us_56015
city_us_29496,county_us_31035
city_us_29497,county_us_19145
city_us_29498,county_us_21179
city_us_29499,county_us_39001
city_us_29500,county_us_12077
city_us_29501,county_us_54083
city_us_29502,county_us_31099
city_us_29503,county_us_40081
city_us_29504,county_us_31085
city_us_29505,county_us_13201
city_us_29506,county_us_40135
city_us_29507,county_us_17001
city_us_29508,county_us_42013
city_us_29509,county_us_35057
city_us_29510,county_us_35053
city_us_29511,county_us_35003
city_us_29512,county_us_19057
city_us_29513,county_us_29163
city_us_29514,county_us_29171
city_us_29515,county_us_20035
city_us_29516,county_us_31023
city_us_29517,county_us_42023
city_us_29518,county_us_19095
city_us_29519,county_us_35017
city_us_29520,county_us_17197
city_us_29521,county_us_41043
city_us_29522,county_us_48151
city_us_29523,county_us_48479
city_us_29524,county_us_51185
city_us_29525,county_us_20143
city_us_29526,county_us_18083
city_us_29527,county_us_21193
city_us_29528,county_us_02050
city_us_29529,county_us_27111
city_us_29530,county_us_19145
city_us_29531,county_us_30099
city_us_29532,county_us_02290
city_us_29533,county_us_31131
city_us_29534,county_us_46077
city_us_29535,county_us_20027
city_us_29536,county_us_56013
city_us_29537,county_us_30039
city_us_29538,county_us_48249
city_us_29539,county_us_38077
city_us_29540,county_us_31009
city_us_29541,county_us_53019
city_us_29542,county_us_31139
city_us_29543,county_us_20073
city_us_29544,county_us_46003
city_us_29545,county_us_12071
city_us_29546,county_us_20073
city_us_29547,county_us_13293
city_us_29548,county_us_20111
city_us_29549,county_us_38091
city_us_29550,county_us_56045
city_us_29551,county_us_36045
city_us_29552,county_us_48179
city_us_29553,county_us_08075
city_us_29554,county_us_08109
city_us_29555,county_us_50007
city_us_29556,county_us_20033
city_us_29557,county_us_19185
city_us_29558,county_us_06029
city_us_29559,county_us_53015
city_us_29560,county_us_06063
city_us_29561,county_us_18151
city_us_29562,county_us_38069
city_us_29563,county_us_24029
city_us_29564,county_us_30065
city_us_29565,county_us_38071
city_us_29566,county_us_18137
city_us_29567,county_us_17125
city_us_29568,county_us_04001
city_us_29569,county_us_35003
city_us_29570,county_us_29031
city_us_29571,county_us_09190
city_us_29572,county_us_45047
city_us_29573,county_us_40047
city_us_29574,county_us_40011
city_us_29575,county_us_17131
city_us_29576,county_us_29137
city_us_29577,county_us_06049
city_us_29578,county_us_27117
city_us_29579,county_us_05015
city_us_29580,county_us_30073
city_us_29581,county_us_12049
city_us_29582,county_us_38071
city_us_29583,county_us_47075
city_us_29584,county_us_27087
city_us_29585,county_us_35051
city_us_29586,county_us_20183
city_us_29587,county_us_20131
city_us_29588,county_us_18103
city_us_29589,county_us_19151
city_us_29590,county_us_22069
city_us_29591,county_us_35017
city_us_29592,county_us_35039
city_us_29593,county_us_04027
city_us_29594,county_us_04015
city_us_29595,county_us_20013
city_us_29596,county_us_41043
city_us_29597,county_us_38017
city_us_29598,county_us_29057
city_us_29599,county_us_18121
city_us_29600,county_us_46101
city_us_29601,county_us_38037
city_us_29602,county_us_01099
city_us_29603,county_us_08071
city_us_29604,county_us_38077
city_us_29605,county_us_35053
city_us_29606,county_us_40105
city_us_29607,county_us_29171
city_us_29608,county_us_02070
city_us_29609,county_us_18153
city_us_29610,county_us_19159
city_us_29611,county_us_18047
city_us_29612,county_us_36051
city_us_29613,county_us_48371
city_us_29614,county_us_51036
city_us_29615,county_us_30029
city_us_29616,county_us_38105
city_us_29617,county_us_42033
city_us_29618,county_us_48229
city_us_29619,county_us_40059
city_us_29620,county_us_38087
city_us_29621,county_us_06035
city_us_29622,county_us_56021
city_us_29623,county_us_38035
city_us_29624,county_us_56013
city_us_29625,county_us_30001
city_us_29626,county_us_05007
city_us_29627,county_us_19173
city_us_29628,county_us_18031
city_us_29629,county_us_48427
city_us_29630,county_us_30013
city_us_29631,county_us_42013
city_us_29632,county_us_20155
city_us_29633,county_us_38067
city_us_29634,county_us_45021
city_us_29635,county_us_48389
city_us_29636,county_us_38005
city_us_29637,county_us_01059
city_us_29638,county_us_53065
city_us_29639,county_us_27057
city_us_29640,county_us_31153
city_us_29641,county_us_20005
city_us_29642,county_us_05077
city_us_29643,county_us_34011
city_us_29644,county_us_40107
city_us_29645,county_us_31171
city_us_29646,county_us_42013
city_us_29647,county_us_42013
city_us_29648,county_us_05029
city_us_29649,county_us_37107
city_us_29650,county_us_31013
city_us_29651,county_us_49027
city_us_29652,county_us_02164
city_us_29653,county_us_38071
city_us_29654,county_us_27121
city_us_29655,county_us_08013
city_us_29656,county_us_29195
city_us_29657,county_us_40087
city_us_29658,county_us_35035
city_us_29659,county_us_35049
city_us_29660,county_us_27093
city_us_29661,county_us_45073
city_us_29662,county_us_46103
city_us_29663,county_us_18067
city_us_29664,county_us_19047
city_us_29665,county_us_05057
city_us_29666,county_us_30045
city_us_29667,county_us_08093
city_us_29668,county_us_29185
city_us_29669,county_us_38023
city_us_29670,county_us_48137
city_us_29671,county_us_18127
city_us_29672,county_us_31093
city_us_29673,county_us_02066
city_us_29674,county_us_06043
city_us_29675,county_us_04007
city_us_29676,county_us_27167
city_us_29677,county_us_38063
city_us_29678,county_us_20205
city_us_29679,county_us_45091
city_us_29680,county_us_08039
city_us_29681,county_us_06027
city_us_29682,county_us_40139
city_us_29683,county_us_19025
city_us_29684,county_us_20127
city_us_29685,county_us_02016
city_us_29686,county_us_27087
city_us_29687,county_us_02164
city_us_29688,county_us_56007
city_us_29689,county_us_30041
city_us_29690,county_us_40095
city_us_29691,county_us_17173
city_us_29692,county_us_32005
city_us_29693,county_us_45075
city_us_29694,county_us_05093
city_us_29695,county_us_20133
city_us_29696,county_us_02050
city_us_29697,county_us_06063
city_us_29698,county_us_19033
city_us_29699,county_us_02164
city_us_29700,county_us_20003
city_us_29701,county_us_20109
city_us_29702,county_us_42013
city_us_29703,county_us_28011
city_us_29704,county_us_19073
city_us_29705,county_us_17149
city_us_29706,county_us_18035
city_us_29707,county_us_46061
city_us_29708,county_us_40153
city_us_29709,county_us_55141
city_us_29710,county_us_53019
city_us_29711,county_us_29135
city_us_29712,county_us_22093
city_us_29713,county_us_17135
city_us_29714,county_us_06091
city_us_29715,county_us_01085
city_us_29716,county_us_20089
city_us_29717,county_us_51001
city_us_29718,county_us_48061
city_us_29719,county_us_29121
city_us_29720,county_us_30091
city_us_29721,county_us_38021
city_us_29722,county_us_24043
city_us_29723,county_us_08061
city_us_29724,county_us_31097
city_us_29725,county_us_46097
city_us_29726,county_us_20161
city_us_29727,county_us_48427
city_us_29728,county_us_02290
city_us_29729,county_us_18107
city_us_29730,county_us_54075
city_us_29731,county_us_06063
city_us_29732,county_us_06089
city_us_29733,county_us_02150
city_us_29734,county_us_19131
city_us_29735,county_us_29103
city_us_29736,county_us_02170
city_us_29737,county_us_36103
city_us_29738,county_us_37117
city_us_29739,county_us_31055
city_us_29740,county_us_31113
city_us_29741,county_us_02240
city_us_29742,county_us_46049
city_us_29743,county_us_29053
city_us_29744,county_us_04019
city_us_29745,county_us_01073
city_us_29746,county_us_12069
city_us_29747,county_us_38035
city_us_29748,county_us_40083
city_us_29749,county_us_02068
city_us_29750,county_us_06107
city_us_29751,county_us_19129
city_us_29752,county_us_18093
city_us_29753,county_us_30041
city_us_29754,county_us_30071
city_us_29755,county_us_48357
city_us_29756,county_us_30001
city_us_29757,county_us_46089
city_us_29758,county_us_48427
city_us_29759,county_us_06029
city_us_29760,county_us_17203
city_us_29761,county_us_38009
city_us_29762,county_us_19091
city_us_29763,county_us_45083
city_us_29764,county_us_27115
city_us_29765,county_us_48151
city_us_29766,county_us_38047
city_us_29767,county_us_21205
city_us_29768,county_us_31129
city_us_29769,county_us_31065
city_us_29770,county_us_06089
city_us_29771,county_us_38103
city_us_29772,county_us_46067
city_us_29773,county_us_24001
city_us_29774,county_us_31179
city_us_29775,county_us_48427
city_us_29776,county_us_06043
city_us_29777,county_us_29199
city_us_29778,county_us_48047
city_us_29779,county_us_30049
city_us_29780,county_us_48025
city_us_29781,county_us_30015
city_us_29782,county_us_02100
city_us_29783,county_us_13107
city_us_29784,county_us_30107
city_us_29785,county_us_30041
city_us_29786,county_us_31141
city_us_29787,county_us_39041
city_us_29788,county_us_17019
city_us_29789,county_us_37071
city_us_29790,county_us_48479
city_us_29791,county_us_13147
city_us_29792,county_us_18171
city_us_29793,county_us_48263
city_us_29794,county_us_35006
city_us_29795,county_us_35021
city_us_29796,county_us_13099
city_us_29797,county_us_38019
city_us_29798,county_us_28151
city_us_29799,county_us_31153
city_us_29800,county_us_20123
city_us_29801,county_us_35057
city_us_29802,county_us_38011
city_us_29803,county_us_31031
city_us_29804,county_us_50027
city_us_29805,county_us_13065
city_us_29806,county_us_40003
city_us_29807,county_us_35047
city_us_29808,county_us_27001
city_us_29809,county_us_20077
city_us_29810,county_us_29139
city_us_29811,county_us_46005
city_us_29812,county_us_18171
city_us_29813,county_us_27115
city_us_29814,county_us_04013
city_us_29815,county_us_30001
city_us_29816,county_us_19007
city_us_29817,county_us_17073
city_us_29818,county_us_27011
city_us_29819,county_us_42013
city_us_29820,county_us_30009
city_us_29821,county_us_49007
city_us_29822,county_us_28067
city_us_29823,county_us_01107
city_us_29824,county_us_31031
city_us_29825,county_us_48181
city_us_29826,county_us_16033
city_us_29827,county_us_18047
city_us_29828,county_us_02050
city_us_29829,county_us_31027
city_us_29830,county_us_49021
city_us_29831,county_us_40001
city_us_29832,county_us_01091
city_us_29833,county_us_29211
city_us_29834,county_us_30111
city_us_29835,county_us_17171
city_us_29836,county_us_18009
city_us_29837,county_us_29145
city_us_29838,county_us_40091
city_us_29839,county_us_19177
city_us_29840,county_us_38095
city_us_29841,county_us_35017
city_us_29842,county_us_51035
city_us_29843,county_us_19131
city_us_29844,county_us_30051
city_us_29845,county_us_39131
city_us_29846,county_us_31185
city_us_29847,county_us_24043
city_us_29848,county_us_05085
city_us_29849,county_us_30041
city_us_29850,county_us_20001
city_us_29851,county_us_06027
city_us_29852,county_us_06057
city_us_29853,county_us_48087
city_us_29854,county_us_19183
city_us_29855,county_us_30013
city_us_29856,county_us_42013
city_us_29857,county_us_31059
city_us_29858,county_us_46013
city_us_29859,county_us_20169
city_us_29860,county_us_19083
city_us_29861,county_us_30111
city_us_29862,county_us_28025
city_us_29863,county_us_20099
city_us_29864,county_us_19159
city_us_29865,county_us_20035
city_us_29866,county_us_17163
city_us_29867,county_us_46049
city_us_29868,county_us_30075
city_us_29869,county_us_38103
city_us_29870,county_us_17157
city_us_29871,county_us_38093
city_us_29872,county_us_20147
city_us_29873,county_us_30045
city_us_29874,county_us_27073
city_us_29875,county_us_30015
city_us_29876,county_us_49037
city_us_29877,county_us_18123
city_us_29878,county_us_46105
city_us_29879,county_us_30005
city_us_29880,county_us_38019
city_us_29881,county_us_51103
city_us_29882,county_us_32007
city_us_29883,county_us_20013
city_us_29884,county_us_16015
city_us_29885,county_us_54081
city_us_29886,county_us_48479
city_us_29887,county_us_31147
city_us_29888,county_us_19115
city_us_29889,county_us_35006
city_us_29890,county_us_29011
city_us_29891,county_us_48067
city_us_29892,county_us_48407
city_us_29893,county_us_29227
city_us_29894,county_us_31101
city_us_29895,county_us_19131
city_us_29896,county_us_35049
city_us_29897,county_us_01133
city_us_29898,county_us_28141
city_us_29899,county_us_16011
city_us_29900,county_us_29121
city_us_29901,county_us_41045
city_us_29902,county_us_30061
city_us_29903,county_us_20041
city_us_29904,county_us_02198
city_us_29905,county_us_32031
city_us_29906,county_us_08081
city_us_29907,county_us_48409
city_us_29908,county_us_19033
city_us_29909,county_us_46029
city_us_29910,county_us_22007
city_us_29911,county_us_04007
city_us_29912,county_us_30015
city_us_29913,county_us_54061
city_us_29914,county_us_45055
city_us_29915,county_us_46025
city_us_29916,county_us_04019
city_us_29917,county_us_18079
city_us_29918,county_us_28017
city_us_29919,county_us_53061
city_us_29920,county_us_46073
city_us_29921,county_us_08017
city_us_29922,county_us_17065
city_us_29923,county_us_56037
city_us_29924,county_us_30053
city_us_29925,county_us_32033
city_us_29926,county_us_04007
city_us_29927,county_us_24019
city_us_29928,county_us_29047
city_us_29929,county_us_20133
city_us_29930,county_us_19081
city_us_29931,county_us_29185
city_us_29932,county_us_20009
city_us_29933,county_us_47071
city_us_29934,county_us_18031
city_us_29935,county_us_06107
city_us_29936,county_us_27011
city_us_29937,county_us_38021
city_us_29938,county_us_01097
city_us_29939,county_us_27097
city_us_29940,county_us_31089
city_us_29941,county_us_38081
city_us_29942,county_us_27029
city_us_29943,county_us_38099
city_us_29944,county_us_06107
city_us_29945,county_us_54109
city_us_29946,county_us_32017
city_us_29947,county_us_42013
city_us_29948,county_us_48087
city_us_29949,county_us_24043
city_us_29950,county_us_30045
city_us_29951,county_us_48051
city_us_29952,county_us_30045
city_us_29953,county_us_20129
city_us_29954,county_us_29055
city_us_29955,county_us_18031
city_us_29956,county_us_18077
city_us_29957,county_us_20201
city_us_29958,county_us_35039
city_us_29959,county_us_08009
city_us_29960,county_us_31031
city_us_29961,county_us_02290
city_us_29962,county_us_12095
city_us_29963,county_us_17001
city_us_29964,county_us_22065
city_us_29965,county_us_18153
city_us_29966,county_us_29187
city_us_29967,county_us_30091
city_us_29968,county_us_56035
city_us_29969,county_us_38005
city_us_29970,county_us_01131
city_us_29971,county_us_46097
city_us_29972,county_us_49021
city_us_29973,county_us_38021
city_us_29974,county_us_30027
city_us_29975,county_us_20187
city_us_29976,county_us_48427
city_us_29977,county_us_27015
city_us_29978,county_us_05071
city_us_29979,county_us_30071
city_us_29980,county_us_13125
city_us_29981,county_us_48427
city_us_29982,county_us_46047
city_us_29983,county_us_06063
city_us_29984,county_us_17173
city_us_29985,county_us_06023
city_us_29986,county_us_31169
city_us_29987,county_us_20009
city_us_29988,county_us_36043
city_us_29989,county_us_39171
city_us_29990,county_us_38019
city_us_29991,county_us_38003
city_us_29992,county_us_17133
city_us_29993,county_us_40125
city_us_29994,county_us_08043
city_us_29995,county_us_30063
city_us_29996,county_us_39025
city_us_29997,county_us_47079
city_us_29998,county_us_35017
city_us_29999,county_us_38071
city_us_30000,county_us_32017
city_us_30001,county_us_27167
city_us_30002,county_us_29171
city_us_30003,county_us_38083
city_us_30004,county_us_41021
city_us_30005,county_us_17171
city_us_30006,county_us_41035
city_us_30007,county_us_30057
city_us_30008,county_us_41065
city_us_30009,county_us_38019
city_us_30010,county_us_29177
city_us_30011,county_us_53047
city_us_30012,county_us_46089
city_us_30013,county_us_35057
city_us_30014,county_us_35017
city_us_30015,county_us_04007
city_us_30016,county_us_35001
city_us_30017,county_us_31041
city_us_30018,county_us_54101
city_us_30019,county_us_17171
city_us_30020,county_us_24001
city_us_30021,county_us_02016
city_us_30022,county_us_34027
city_us_30023,county_us_01107
city_us_30024,county_us_38099
city_us_30025,county_us_19091
city_us_30026,county_us_17149
city_us_30027,county_us_37191
city_us_30028,county_us_48427
city_us_30029,county_us_40011
city_us_30030,county_us_38095
city_us_30031,county_us_05005
city_us_30032,county_us_56027
city_us_30033,county_us_30027
city_us_30034,county_us_35053
city_us_30035,county_us_32003
city_us_30036,county_us_02290
city_us_30037,county_us_31107
city_us_30038,county_us_20135
city_us_30039,county_us_19043
city_us_30040,county_us_20115
city_us_30041,county_us_42013
city_us_30042,county_us_06023
city_us_30043,county_us_13229
city_us_30044,county_us_46051
city_us_30045,county_us_40011
city_us_30046,county_us_27035
city_us_30047,county_us_17067
city_us_30048,county_us_42013
city_us_30049,county_us_41045
city_us_30050,county_us_19025
city_us_30051,county_us_56001
city_us_30052,county_us_19061
city_us_30053,county_us_19147
city_us_30054,county_us_30099
city_us_30055,county_us_05105
city_us_30056,county_us_20027
city_us_30057,county_us_32015
city_us_30058,county_us_16055
city_us_30059,county_us_28041
city_us_30060,county_us_18081
city_us_30061,county_us_02198
city_us_30062,county_us_30099
city_us_30063,county_us_29019
city_us_30064,county_us_48025
city_us_30065,county_us_38009
city_us_30066,county_us_39143
city_us_30067,county_us_46097
city_us_30068,county_us_31069
city_us_30069,county_us_38029
city_us_30070,county_us_46077
city_us_30071,county_us_40041
city_us_30072,county_us_08053
city_us_30073,county_us_30001
city_us_30074,county_us_02105
city_us_30075,county_us_30107
city_us_30076,county_us_02066
city_us_30077,county_us_54047
city_us_30078,county_us_35049
city_us_30079,county_us_38051
city_us_30080,county_us_06097
city_us_30081,county_us_56031
city_us_30082,county_us_19121
city_us_30083,county_us_54083
city_us_30084,county_us_30091
city_us_30085,county_us_38103
city_us_30086,county_us_35017
city_us_30087,county_us_19145
city_us_30088,county_us_20153
city_us_30089,county_us_30061
city_us_30090,county_us_47095
city_us_30091,county_us_32013
city_us_30092,county_us_48301
city_us_30093,county_us_46075
city_us_30094,county_us_31141
city_us_30095,county_us_48409
city_us_30096,county_us_31029
city_us_30097,county_us_16037
city_us_30098,county_us_30027
city_us_30099,county_us_30071
city_us_30100,county_us_29147
city_us_30101,county_us_18095
city_us_30102,county_us_38017
city_us_30103,county_us_30037
city_us_30104,county_us_27011
city_us_30105,county_us_46067
city_us_30106,county_us_42013
city_us_30107,county_us_48093
city_us_30108,county_us_29071
city_us_30109,county_us_48131
city_us_30110,county_us_02122
city_us_30111,county_us_31017
city_us_30112,county_us_27083
city_us_30113,county_us_02198
city_us_30114,county_us_51185
city_us_30115,county_us_22031
city_us_30116,county_us_30011
city_us_30117,county_us_48051
city_us_30118,county_us_48035
city_us_30119,county_us_02290
city_us_30120,county_us_40131
city_us_30121,county_us_38019
city_us_30122,county_us_46089
city_us_30123,county_us_20013
city_us_30124,county_us_46081
city_us_30125,county_us_38075
city_us_30126,county_us_31019
city_us_30127,county_us_46097
city_us_30128,county_us_38005
city_us_30129,county_us_41035
city_us_30130,county_us_40111
city_us_30131,county_us_31035
city_us_30132,county_us_29163
city_us_30133,county_us_20183
city_us_30134,county_us_27135
city_us_30135,county_us_21071
city_us_30136,county_us_05147
city_us_30137,county_us_38009
city_us_30138,county_us_51021
city_us_30139,county_us_38099
city_us_30140,county_us_48479
city_us_30141,county_us_40065
city_us_30142,county_us_40117
city_us_30143,county_us_05047
city_us_30144,county_us_40113
city_us_30145,county_us_02290
city_us_30146,county_us_05041
city_us_30147,county_us_04013
city_us_30148,county_us_30067
city_us_30149,county_us_17067
city_us_30150,county_us_40151
city_us_30151,county_us_48321
city_us_30152,county_us_20185
city_us_30153,county_us_02164
city_us_30154,county_us_54083
city_us_30155,county_us_31101
city_us_30156,county_us_38049
city_us_30157,county_us_35003
city_us_30158,county_us_24001
city_us_30159,county_us_54075
city_us_30160,county_us_38049
city_us_30161,county_us_18025
city_us_30162,county_us_06049
city_us_30163,county_us_21113
city_us_30164,county_us_48479
city_us_30165,county_us_28003
city_us_30166,county_us_17149
city_us_30167,county_us_20151
city_us_30168,county_us_08071
city_us_30169,county_us_31081
city_us_30170,county_us_35003
city_us_30171,county_us_46061
city_us_30172,county_us_21135
city_us_30173,county_us_31159
city_us_30174,county_us_48051
city_us_30175,county_us_46017
city_us_30176,county_us_19163
city_us_30177,county_us_20001
city_us_30178,county_us_40103
city_us_30179,county_us_12035
city_us_30180,county_us_32007
city_us_30181,county_us_06057
city_us_30182,county_us_31107
city_us_30183,county_us_29041
city_us_30184,county_us_02100
city_us_30185,county_us_56015
city_us_30186,county_us_18021
city_us_30187,county_us_54009
city_us_30188,county_us_34007
city_us_30189,county_us_30049
city_us_30190,county_us_53061
city_us_30191,county_us_48427
city_us_30192,county_us_29129
city_us_30193,county_us_48427
city_us_30194,county_us_20195
city_us_30195,county_us_48441
city_us_30196,county_us_18091
city_us_30197,county_us_19053
city_us_30198,county_us_02016
city_us_30199,county_us_38079
city_us_30200,county_us_19067
city_us_30201,county_us_30087
city_us_30202,county_us_24043
city_us_30203,county_us_19163
city_us_30204,county_us_19071
city_us_30205,county_us_30001
city_us_30206,county_us_31033
city_us_30207,county_us_28093
city_us_30208,county_us_46091
city_us_30209,county_us_31015
city_us_30210,county_us_24043
city_us_30211,county_us_08109
city_us_30212,county_us_28139
city_us_30213,county_us_40009
city_us_30214,county_us_40003
city_us_30215,county_us_08113
city_us_30216,county_us_20011
city_us_30217,county_us_38019
city_us_30218,county_us_40053
city_us_30219,county_us_05055
city_us_30220,county_us_18137
city_us_30221,county_us_20003
city_us_30222,county_us_30009
city_us_30223,county_us_40007
city_us_30224,county_us_32017
city_us_30225,county_us_20037
city_us_30226,county_us_37075
city_us_30227,county_us_02195
city_us_30228,county_us_38099
city_us_30229,county_us_48193
city_us_30230,county_us_29227
city_us_30231,county_us_06035
city_us_30232,county_us_04012
city_us_30233,county_us_56041
city_us_30234,county_us_04007
city_us_30235,county_us_08071
city_us_30236,county_us_38037
city_us_30237,county_us_16037
city_us_30238,county_us_19163
city_us_30239,county_us_45053
city_us_30240,county_us_30045
city_us_30241,county_us_34011
city_us_30242,county_us_20127
city_us_30243,county_us_31109
city_us_30244,county_us_48427
city_us_30245,county_us_08061
city_us_30246,county_us_41023
city_us_30247,county_us_20077
city_us_30248,county_us_53003
city_us_30249,county_us_30055
city_us_30250,county_us_38003
city_us_30251,county_us_24043
city_us_30252,county_us_45051
city_us_30253,county_us_38003
city_us_30254,county_us_02050
city_us_30255,county_us_30073
city_us_30256,county_us_20157
city_us_30257,county_us_20181
city_us_30258,county_us_27061
city_us_30259,county_us_47051
city_us_30260,county_us_27069
city_us_30261,county_us_48427
city_us_30262,county_us_16017
city_us_30263,county_us_46005
city_us_30264,county_us_06083
city_us_30265,county_us_17197
city_us_30266,county_us_02290
city_us_30267,county_us_13149
city_us_30268,county_us_48447
city_us_30269,county_us_30021
city_us_30270,county_us_30027
city_us_30271,county_us_38093
city_us_30272,county_us_30013
city_us_30273,county_us_24023
city_us_30274,county_us_06053
city_us_30275,county_us_38019
city_us_30276,county_us_20169
city_us_30277,county_us_31063
city_us_30278,county_us_30021
city_us_30279,county_us_42013
city_us_30280,county_us_48489
city_us_30281,county_us_29199
city_us_30282,county_us_21007
city_us_30283,county_us_38075
city_us_30284,county_us_42013
city_us_30285,county_us_19195
city_us_30286,county_us_29211
city_us_30287,county_us_31057
city_us_30288,county_us_56033
city_us_30289,county_us_30071
city_us_30290,county_us_46037
city_us_30291,county_us_21055
city_us_30292,county_us_30019
city_us_30293,county_us_31029
city_us_30294,county_us_06097
city_us_30295,county_us_24039
city_us_30296,county_us_08059
city_us_30297,county_us_48479
city_us_30298,county_us_40003
city_us_30299,county_us_04007
city_us_30300,county_us_46043
city_us_30301,county_us_35031
city_us_30302,county_us_54067
city_us_30303,county_us_29217
city_us_30304,county_us_31031
city_us_30305,county_us_06107
city_us_30306,county_us_04001
city_us_30307,county_us_30029
city_us_30308,county_us_48115
city_us_30309,county_us_30077
city_us_30310,county_us_56001
city_us_30311,county_us_46053
city_us_30312,county_us_20113
city_us_30313,county_us_30107
city_us_30314,county_us_12095
city_us_30315,county_us_04027
city_us_30316,county_us_46047
city_us_30317,county_us_31083
city_us_30318,county_us_37061
city_us_30319,county_us_38099
city_us_30320,county_us_38019
city_us_30321,county_us_29189
city_us_30322,county_us_35003
city_us_30323,county_us_29217
city_us_30324,county_us_46109
city_us_30325,county_us_19165
city_us_30326,county_us_27105
city_us_30327,county_us_01099
city_us_30328,county_us_30019
city_us_30329,county_us_29165
city_us_30330,county_us_02050
city_us_30331,county_us_06079
city_us_30332,county_us_40075
city_us_30333,county_us_42013
city_us_30334,county_us_46003
city_us_30335,county_us_40151
city_us_30336,county_us_04001
city_us_30337,county_us_40141
city_us_30338,county_us_40143
city_us_30339,county_us_29095
city_us_30340,county_us_45051
city_us_30341,county_us_48481
city_us_30342,county_us_19085
city_us_30343,county_us_05039
city_us_30344,county_us_02290
city_us_30345,county_us_38049
city_us_30346,county_us_42125
city_us_30347,county_us_16015
city_us_30348,county_us_08125
city_us_30349,county_us_31109
city_us_30350,county_us_30013
city_us_30351,county_us_35006
city_us_30352,county_us_29113
city_us_30353,county_us_54019
city_us_30354,county_us_20147
city_us_30355,county_us_38055
city_us_30356,county_us_02122
city_us_30357,county_us_06063
city_us_30358,county_us_46013
city_us_30359,county_us_46051
city_us_30360,county_us_19165
city_us_30361,county_us_05129
city_us_30362,county_us_31181
city_us_30363,county_us_38037
city_us_30364,county_us_30051
city_us_30365,county_us_38013
city_us_30366,county_us_46043
city_us_30367,county_us_29087
city_us_30368,county_us_16043
city_us_30369,county_us_27021
city_us_30370,county_us_30029
city_us_30371,county_us_02290
city_us_30372,county_us_19015
city_us_30373,county_us_29219
city_us_30374,county_us_27087
city_us_30375,county_us_42057
city_us_30376,county_us_20095
city_us_30377,county_us_19173
city_us_30378,county_us_35019
city_us_30379,county_us_02070
city_us_30380,county_us_50011
city_us_30381,county_us_38071
city_us_30382,county_us_56009
city_us_30383,county_us_38075
city_us_30384,county_us_29019
city_us_30385,county_us_35006
city_us_30386,county_us_20017
city_us_30387,county_us_46129
city_us_30388,county_us_29087
city_us_30389,county_us_36103
city_us_30390,county_us_24017
city_us_30391,county_us_19159
city_us_30392,county_us_19061
city_us_30393,county_us_02066
city_us_30394,county_us_35031
city_us_30395,county_us_29115
city_us_30396,county_us_30077
city_us_30397,county_us_29217
city_us_30398,county_us_20131
city_us_30399,county_us_56007
city_us_30400,county_us_31015
city_us_30401,county_us_18047
city_us_30402,county_us_42013
city_us_30403,county_us_32017
city_us_30404,county_us_46089
city_us_30405,county_us_06107
city_us_30406,county_us_24043
city_us_30407,county_us_35031
city_us_30408,county_us_28027
city_us_30409,county_us_28009
city_us_30410,county_us_06063
city_us_30411,county_us_56035
city_us_30412,county_us_13197
city_us_30413,county_us_38069
city_us_30414,county_us_38097
city_us_30415,county_us_06043
city_us_30416,county_us_29137
city_us_30417,county_us_04015
city_us_30418,county_us_04001
city_us_30419,county_us_48427
city_us_30420,county_us_48427
city_us_30421,county_us_29047
city_us_30422,county_us_06107
city_us_30423,county_us_06107
city_us_30424,county_us_06067
city_us_30425,county_us_51001
city_us_30426,county_us_17111
city_us_30427,county_us_20089
city_us_30428,county_us_28125
city_us_30429,county_us_08097
city_us_30430,county_us_40091
city_us_30431,county_us_46091
city_us_30432,county_us_06063
city_us_30433,county_us_40127
city_us_30434,county_us_46015
city_us_30435,county_us_46023
city_us_30436,county_us_46015
city_us_30437,county_us_46023
city_us_30438,county_us_46025
city_us_30439,county_us_46025
city_us_30440,county_us_18099
city_us_30441,county_us_17111
city_us_30442,county_us_48505
city_us_30443,county_us_06049
city_us_30444,county_us_36103
city_us_30445,county_us_34041
city_us_30446,county_us_30049
city_us_30447,county_us_18171
city_us_30448,county_us_21059
city_us_30449,county_us_02170
city_us_30450,county_us_40097
city_us_30451,county_us_35029
city_us_30452,county_us_02170
city_us_30453,county_us_08093
city_us_30454,county_us_35019
city_us_30455,county_us_49021
city_us_30456,county_us_41001
city_us_30457,county_us_56017
city_us_30458,county_us_38049
city_us_30459,county_us_30053
city_us_30460,county_us_05019
city_us_30461,county_us_05005
city_us_30462,county_us_12099
city_us_30463,county_us_30035
city_us_30464,county_us_35003
city_us_30465,county_us_35006
city_us_30466,county_us_02105
city_us_30467,county_us_20123
city_us_30468,county_us_48427
city_us_30469,county_us_35006
city_us_30470,county_us_46013
city_us_30471,county_us_18053
city_us_30472,county_us_08125
city_us_30473,county_us_49037
city_us_30474,county_us_48247
city_us_30475,county_us_31109
city_us_30476,county_us_35049
city_us_30477,county_us_48215
city_us_30478,county_us_13243
city_us_30479,county_us_29035
city_us_30480,county_us_29131
city_us_30481,county_us_46047
city_us_30482,county_us_46045
city_us_30483,county_us_05149
city_us_30484,county_us_29029
city_us_30485,county_us_06023
city_us_30486,county_us_08041
city_us_30487,county_us_21233
city_us_30488,county_us_46067
city_us_30489,county_us_46067
city_us_30490,county_us_01011
city_us_30491,county_us_29163
city_us_30492,county_us_40145
city_us_30493,county_us_37071
city_us_30494,county_us_01129
city_us_30495,county_us_48349
city_us_30496,county_us_28069
city_us_30497,county_us_48479
city_us_30498,county_us_42069
city_us_30499,county_us_17111
city_us_30500,county_us_46073
city_us_30501,county_us_48479
city_us_30502,county_us_48479
city_us_30503,county_us_48479
city_us_30504,county_us_17161
city_us_30505,county_us_17111
city_us_30506,county_us_42013
city_us_30507,county_us_35003
city_us_30508,county_us_35057
city_us_30509,county_us_35015
city_us_30510,county_us_31047
city_us_30511,county_us_24045
city_us_30512,county_us_02290
city_us_30513,county_us_46109
city_us_30514,county_us_02195
city_us_30515,county_us_51021
city_us_30516,county_us_02240
city_us_30517,county_us_02050
city_us_30518,county_us_02066
city_us_30519,county_us_02122
city_us_30520,county_us_17163
city_us_30521,county_us_17163
city_us_30522,county_us_46061
city_us_30523,county_us_46093
city_us_30524,county_us_30065
city_us_30525,county_us_30065
city_us_30526,county_us_04007
city_us_30527,county_us_40059
city_us_30528,county_us_40153
city_us_30529,county_us_46097
city_us_30530,county_us_26019
city_us_30531,county_us_30035
city_us_30532,county_us_21059
city_us_30533,county_us_18007
city_us_30534,county_us_46005
city_us_30535,county_us_17001
city_us_30536,county_us_06097
city_us_30537,county_us_02170
city_us_30538,county_us_46057
city_us_30539,county_us_46049
city_us_30540,county_us_46049
city_us_30541,county_us_46047
city_us_30542,county_us_46045
city_us_30543,county_us_46011
city_us_30544,county_us_48211
city_us_30545,county_us_18099
city_us_30546,county_us_48427
city_us_30547,county_us_46005
city_us_30548,county_us_46009
city_us_30549,county_us_46005
city_us_30550,county_us_19177
city_us_30551,county_us_53037
city_us_30552,county_us_48427
city_us_30553,county_us_48427
city_us_30554,county_us_48479
city_us_30555,county_us_24001
city_us_30556,county_us_32017
city_us_30557,county_us_31161
city_us_30558,county_us_18077
city_us_30559,county_us_02164
city_us_30560,county_us_04021
city_us_30561,county_us_04012
city_us_30562,county_us_29005
city_us_30563,county_us_06063
city_us_30564,county_us_21111
city_us_30565,county_us_40041
city_us_30566,county_us_06063
city_us_30567,county_us_04019
city_us_30568,county_us_29133
city_us_30569,county_us_46115
city_us_30570,county_us_29023
city_us_30571,county_us_13123
city_us_30572,county_us_22011
city_us_30573,county_us_17001
city_us_30574,county_us_31109
city_us_30575,county_us_46041
city_us_30576,county_us_06107
city_us_30577,county_us_35051
city_us_30578,county_us_53053
city_us_30579,county_us_04019
city_us_30580,county_us_28143
city_us_30581,county_us_20029
city_us_30582,county_us_06063
city_us_30583,county_us_37137
city_us_30584,county_us_40113
city_us_30585,county_us_48427
city_us_30586,county_us_48427
city_us_30587,county_us_42097
city_us_30588,county_us_02122
city_us_30589,county_us_48061
city_us_30590,county_us_48323
city_us_30591,county_us_24043
city_us_30592,county_us_48215
city_us_30593,county_us_06023
city_us_30594,county_us_18057
city_us_30595,county_us_02164
city_us_30596,county_us_24043
city_us_30597,county_us_48479
city_us_30598,county_us_48479
city_us_30599,county_us_17131
city_us_30600,county_us_30099
city_us_30601,county_us_05093
city_us_30602,county_us_13171
city_us_30603,county_us_48479
city_us_30604,county_us_35003
city_us_30605,county_us_46025
city_us_30606,county_us_48427
city_us_30607,county_us_06029
city_us_30608,county_us_56015
city_us_30609,county_us_29149
city_us_30610,county_us_29139
city_us_30611,county_us_06027
city_us_30612,county_us_54047
city_us_30613,county_us_16043
city_us_30614,county_us_35035
city_us_30615,county_us_29207
city_us_30616,county_us_46011
city_us_30617,county_us_08037
city_us_30618,county_us_08013
city_us_30619,county_us_40151
city_us_30620,county_us_54083
city_us_30621,county_us_46123
city_us_30622,county_us_02290
city_us_30623,county_us_35039
city_us_30624,county_us_35017
city_us_30625,county_us_46035
city_us_30626,county_us_20143
city_us_30627,county_us_48427
city_us_30628,county_us_48427
city_us_30629,county_us_35035
city_us_30630,county_us_31029
city_us_30631,county_us_02240
city_us_30632,county_us_02240
city_us_30633,county_us_41053
city_us_30634,county_us_06063
city_us_30635,county_us_30017
city_us_30636,county_us_19131
city_us_30637,county_us_42075
city_us_30638,county_us_05107
city_us_30639,county_us_46057
city_us_30640,county_us_48377
city_us_30641,county_us_02150
city_us_30642,county_us_56003
city_us_30643,county_us_48505
city_us_30644,county_us_48479
city_us_30645,county_us_49047
city_us_30646,county_us_48427
city_us_30647,county_us_51197
city_us_30648,county_us_04001
city_us_30649,county_us_04019
city_us_30650,county_us_04019
city_us_30651,county_us_02130
city_us_30652,county_us_41003
city_us_30653,county_us_04019
city_us_30654,county_us_04007
city_us_30655,county_us_48427
city_us_30656,county_us_41055
city_us_30657,county_us_05095
city_us_30658,county_us_02066
city_us_30659,county_us_29109
city_us_30660,county_us_48479
city_us_30661,county_us_12065
city_us_30662,county_us_48505
city_us_30663,county_us_02105
city_us_30664,county_us_17131
city_us_30665,county_us_05129
city_us_30666,county_us_47023
city_us_30667,county_us_28039
city_us_30668,county_us_30015
city_us_30669,county_us_54047
city_us_30670,county_us_06007
city_us_30671,county_us_20107
city_us_30672,county_us_17103
city_us_30673,county_us_53019
city_us_30674,county_us_35047
city_us_30675,county_us_06027
city_us_30676,county_us_20065
city_us_30677,county_us_17163
city_us_30678,county_us_24043
city_us_30679,county_us_05107
city_us_30680,county_us_05071
city_us_30681,county_us_48479
city_us_30682,county_us_48427
city_us_30683,county_us_41053
city_us_30684,county_us_02150
city_us_30685,county_us_30035
city_us_30686,county_us_51185
city_us_30687,county_us_19175
city_us_30688,county_us_06035
city_us_30689,county_us_06107
city_us_30690,county_us_46101
city_us_30691,county_us_51131
city_us_30692,county_us_12021
city_us_30693,county_us_06089
city_us_30694,county_us_48047
city_us_30695,county_us_46111
city_us_30696,county_us_04027
city_us_30697,county_us_02198
city_us_30698,county_us_30027
city_us_30699,county_us_30041
city_us_30700,county_us_13281
city_us_30701,county_us_30071
city_us_30702,county_us_56025
city_us_30703,county_us_06043
city_us_30704,county_us_30041
city_us_30705,county_us_30055
city_us_30706,county_us_48507
city_us_30707,county_us_08021
city_us_30708,county_us_40025
city_us_30709,county_us_06055
city_us_30710,county_us_30059
city_us_30711,county_us_48427
city_us_30712,county_us_53053
city_us_30713,county_us_31103
city_us_30714,county_us_42013
city_us_30715,county_us_48427
city_us_30716,county_us_56011
city_us_30717,county_us_48069
city_us_30718,county_us_32027
city_us_30719,county_us_06027
city_us_30720,county_us_06051
city_us_30721,county_us_20125
city_us_30722,county_us_04019
city_us_30723,county_us_40117
city_us_30724,county_us_46079
city_us_30725,county_us_46079
city_us_30726,county_us_46091
city_us_30727,county_us_04001
city_us_30728,county_us_02164
city_us_30729,county_us_30027
city_us_30730,county_us_30027
city_us_30731,county_us_20161
city_us_30732,county_us_20055
city_us_30733,county_us_35039
city_us_30734,county_us_51017
city_us_30735,county_us_35035
city_us_30736,county_us_31053
city_us_30737,county_us_46015
city_us_30738,county_us_01025
city_us_30739,county_us_40083
city_us_30740,county_us_35003
city_us_30741,county_us_41035
city_us_30742,county_us_19081
city_us_30743,county_us_19109
city_us_30744,county_us_06027
city_us_30745,county_us_06063
city_us_30746,county_us_24023
city_us_30747,county_us_28125
city_us_30748,county_us_48427
city_us_30749,county_us_30005
city_us_30750,county_us_30089
city_us_30751,county_us_48427
city_us_30752,county_us_37099
city_us_30753,county_us_46089
city_us_30754,county_us_06023
city_us_30755,county_us_29137
city_us_30756,county_us_29069
city_us_30757,county_us_08015
city_us_30758,county_us_08037
city_us_30759,county_us_30003
city_us_30760,county_us_56041
city_us_30761,county_us_20007
city_us_30762,county_us_02188
city_us_30763,county_us_17111
city_us_30764,county_us_46015
city_us_30765,county_us_42037
city_us_30766,county_us_01131
city_us_30767,county_us_38069
city_us_30768,county_us_20117
city_us_30769,county_us_31011
city_us_30770,county_us_35029
city_us_30771,county_us_35031
city_us_30772,county_us_30013
city_us_30773,county_us_39131
city_us_30774,county_us_06079
city_us_30775,county_us_18063
city_us_30776,county_us_48427
city_us_30777,county_us_48427
city_us_30778,county_us_48479
city_us_30779,county_us_30091
city_us_30780,county_us_48427
city_us_30781,county_us_48427
city_us_30782,county_us_48505
city_us_30783,county_us_48427
city_us_30784,county_us_46011
city_us_30785,county_us_04005
city_us_30786,county_us_30035
city_us_30787,county_us_30035
city_us_30788,county_us_08037
city_us_30789,county_us_48427
city_us_30790,county_us_46061
city_us_30791,county_us_48427
city_us_30792,county_us_48479
city_us_30793,county_us_09190
city_us_30794,county_us_04015
city_us_30795,county_us_24043
city_us_30796,county_us_29103
city_us_30797,county_us_56025
city_us_30798,county_us_06063
city_us_30799,county_us_54083
city_us_30800,county_us_56023
city_us_30801,county_us_06063
city_us_30802,county_us_46115
city_us_30803,county_us_56037
city_us_30804,county_us_32007
city_us_30805,county_us_35031
city_us_30806,county_us_42013
city_us_30807,county_us_48427
city_us_30808,county_us_20013
city_us_30809,county_us_48427
city_us_30810,county_us_46047
city_us_30811,county_us_06107
city_us_30812,county_us_49019
city_us_30813,county_us_46043
city_us_30814,county_us_06113
city_us_30815,county_us_41015
city_us_30816,county_us_02066
city_us_30817,county_us_06063
city_us_30818,county_us_40121
city_us_30819,county_us_48479
city_us_30820,county_us_30035
city_us_30821,county_us_18125
city_us_30822,county_us_04015
city_us_30823,county_us_48427
city_us_30824,county_us_06063
city_us_30825,county_us_27077
city_us_30826,county_us_48283
city_us_30827,county_us_13269
city_us_30828,county_us_54047
city_us_30829,county_us_48427
city_us_30830,county_us_48127
city_us_30831,county_us_46045
city_us_30832,county_us_46025
city_us_30833,county_us_06051
city_us_30834,county_us_32017
city_us_30835,county_us_04021
city_us_30836,county_us_42013
city_us_30837,county_us_35019
city_us_30838,county_us_48427
city_us_30839,county_us_42013
city_us_30840,county_us_72127
city_us_30841,county_us_72005
city_us_30842,county_us_72021
city_us_30843,county_us_72031
city_us_30844,county_us_72013
city_us_30845,county_us_72113
city_us_30846,county_us_72125
city_us_30847,county_us_72097
city_us_30848,county_us_72025
city_us_30849,county_us_72061
city_us_30850,county_us_72053
city_us_30851,county_us_72075
city_us_30852,county_us_72139
city_us_30853,county_us_12086
city_us_30854,county_us_72145
city_us_30855,county_us_72033
city_us_30856,county_us_72057
city_us_30857,county_us_72069
city_us_30858,county_us_72137
city_us_30859,county_us_72035
city_us_30860,county_us_72153
city_us_30861,county_us_72029
city_us_30862,county_us_72051
city_us_30863,county_us_72119
city_us_30864,county_us_72127
city_us_30865,county_us_72071
city_us_30866,county_us_72067
city_us_30867,county_us_55133
city_us_30868,county_us_72047
city_us_30869,county_us_72091
city_us_30870,county_us_72135
city_us_30871,county_us_72043
city_us_30872,county_us_72077
city_us_30873,county_us_72129
city_us_30874,county_us_72121
city_us_30875,county_us_72009
city_us_30876,county_us_72023
city_us_30877,county_us_72131
city_us_30878,county_us_72143
city_us_30879,county_us_72137
city_us_30880,county_us_72015
city_us_30881,county_us_72141
city_us_30882,county_us_72089
city_us_30883,county_us_42003
city_us_30884,county_us_72029
city_us_30885,county_us_42005
city_us_30886,county_us_18089
city_us_30887,county_us_72051
city_us_30888,county_us_72115
city_us_30889,county_us_72005
city_us_30890,county_us_72063
city_us_30891,county_us_72023
city_us_30892,county_us_37085
city_us_30893,county_us_72041
city_us_30894,county_us_72115
city_us_30895,county_us_72151
city_us_30896,county_us_72123
city_us_30897,county_us_72081
city_us_30898,county_us_72133
city_us_30899,county_us_72111
city_us_30900,county_us_72085
city_us_30901,county_us_72055
city_us_30902,county_us_72037
city_us_30903,county_us_72001
city_us_30904,county_us_72011
city_us_30905,county_us_72017
city_us_30906,county_us_72029
city_us_30907,county_us_72079
city_us_30908,county_us_42091
city_us_30909,county_us_72143
city_us_30910,county_us_72103
city_us_30911,county_us_72063
city_us_30912,county_us_72123
city_us_30913,county_us_72065
city_us_30914,county_us_72091
city_us_30915,county_us_72137
city_us_30916,county_us_72045
city_us_30917,county_us_72025
city_us_30918,county_us_72013
city_us_30919,county_us_72025
city_us_30920,county_us_72003
city_us_30921,county_us_72069
city_us_30922,county_us_72075
city_us_30923,county_us_72137
city_us_30924,county_us_72054
city_us_30925,county_us_72007
city_us_30926,county_us_72023
city_us_30927,county_us_72151
city_us_30928,county_us_72017
city_us_30929,county_us_72149
city_us_30930,county_us_72135
city_us_30931,county_us_72027
city_us_30932,county_us_72075
city_us_30933,county_us_72005
city_us_30934,county_us_42125
city_us_30935,county_us_27037
city_us_30936,county_us_72075
city_us_30937,county_us_72073
city_us_30938,county_us_72013
city_us_30939,county_us_72075
city_us_30940,county_us_72019
city_us_30941,county_us_72109
city_us_30942,county_us_72069
city_us_30943,county_us_72065
city_us_30944,county_us_72119
city_us_30945,county_us_72059
city_us_30946,county_us_72087
city_us_30947,county_us_72095
city_us_30948,county_us_72137
city_us_30949,county_us_42091
city_us_30950,county_us_72113
city_us_30951,county_us_42019
city_us_30952,county_us_72065
city_us_30953,county_us_72105
city_us_30954,county_us_72075
city_us_30955,county_us_49045
city_us_30956,county_us_72123
city_us_30957,county_us_72145
city_us_30958,county_us_72039
city_us_30959,county_us_72091
city_us_30960,county_us_72101
city_us_30961,county_us_42091
city_us_30962,county_us_72137
city_us_30963,county_us_72039
city_us_30964,county_us_42017
city_us_30965,county_us_72003
city_us_30966,county_us_72151
city_us_30967,county_us_72111
city_us_30968,county_us_72027
city_us_30969,county_us_72137
city_us_30970,county_us_72103
city_us_30971,county_us_72037
city_us_30972,county_us_31025
city_us_30973,county_us_72027
city_us_30974,county_us_72063
city_us_30975,county_us_72053
city_us_30976,county_us_72069
city_us_30977,county_us_72147
city_us_30978,county_us_72057
city_us_30979,county_us_42013
city_us_30980,county_us_72029
city_us_30981,county_us_72075
city_us_30982,county_us_72027
city_us_30983,county_us_72111
city_us_30984,county_us_72023
city_us_30985,county_us_72135
city_us_30986,county_us_72123
city_us_30987,county_us_72135
city_us_30988,county_us_72051
city_us_30989,county_us_72101
city_us_30990,county_us_72057
city_us_30991,county_us_72011
city_us_30992,county_us_72025
city_us_30993,county_us_72011
city_us_30994,county_us_72121
city_us_30995,county_us_72089
city_us_30996,county_us_72043
city_us_30997,county_us_72133
city_us_30998,county_us_42017
city_us_30999,county_us_72043
city_us_31000,county_us_72071
city_us_31001,county_us_72023
city_us_31002,county_us_72133
city_us_31003,county_us_72087
city_us_31004,county_us_72121
city_us_31005,county_us_72039
city_us_31006,county_us_72101
city_us_31007,county_us_72099
city_us_31008,county_us_72047
city_us_31009,county_us_72079
city_us_31010,county_us_72091
city_us_31011,county_us_72119
city_us_31012,county_us_42007
city_us_31013,county_us_72113
city_us_31014,county_us_72013
city_us_31015,county_us_72055
city_us_31016,county_us_72095
city_us_31017,county_us_72125
city_us_31018,county_us_42075
city_us_31019,county_us_72119
city_us_31020,county_us_31025
city_us_31021,county_us_42003
city_us_31022,county_us_72117
city_us_31023,county_us_72041
city_us_31024,county_us_72029
city_us_31025,county_us_72119
city_us_31026,county_us_72077
city_us_31027,county_us_72057
city_us_31028,county_us_42003
city_us_31029,county_us_72027
city_us_31030,county_us_72065
city_us_31031,county_us_72099
city_us_31032,county_us_72099
city_us_31033,county_us_72005
city_us_31034,county_us_72133
city_us_31035,county_us_72059
city_us_31036,county_us_72013
city_us_31037,county_us_42021
city_us_31038,county_us_72107
city_us_31039,county_us_72049
city_us_31040,county_us_72115
city_us_31041,county_us_72085
city_us_31042,county_us_72151
city_us_31043,county_us_72135
city_us_31044,county_us_72141
city_us_31045,county_us_72153
city_us_31046,county_us_72011
city_us_31047,county_us_72069
city_us_31048,county_us_72035
city_us_31049,county_us_72151
city_us_31050,county_us_72055
city_us_31051,county_us_72015
city_us_31052,county_us_42007
city_us_31053,county_us_72039
city_us_31054,county_us_72123
city_us_31055,county_us_72037
city_us_31056,county_us_72151
city_us_31057,county_us_72017
city_us_31058,county_us_72145
city_us_31059,county_us_72113
city_us_31060,county_us_72069
city_us_31061,county_us_72103
city_us_31062,county_us_72095
city_us_31063,county_us_72065
city_us_31064,county_us_72029
city_us_31065,county_us_72041
city_us_31066,county_us_72089
city_us_31067,county_us_72145
city_us_31068,county_us_72111
city_us_31069,county_us_72103
city_us_31070,county_us_72133
city_us_31071,county_us_72113
city_us_31072,county_us_72059
city_us_31073,county_us_42091
city_us_31074,county_us_42003
city_us_31075,county_us_72129
city_us_31076,county_us_72017
city_us_31077,county_us_72103
city_us_31078,county_us_72109
city_us_31079,county_us_72137
city_us_31080,county_us_72079
city_us_31081,county_us_72025
city_us_31082,county_us_12005
city_us_31083,county_us_42003
city_us_31084,county_us_42017
city_us_31085,county_us_72079
city_us_31086,county_us_72009
city_us_31087,county_us_72133
city_us_31088,county_us_72117
city_us_31089,county_us_72093
city_us_31090,county_us_72041
city_us_31091,county_us_72029
city_us_31092,county_us_42091
city_us_31093,county_us_72137
city_us_31094,county_us_06009
city_us_31095,county_us_72017
city_us_31096,county_us_72075
city_us_31097,county_us_72099
city_us_31098,county_us_72069
city_us_31099,county_us_72029
city_us_31100,county_us_72131
city_us_31101,county_us_42073
city_us_31102,county_us_72025
city_us_31103,county_us_72131
city_us_31104,county_us_42127
city_us_31105,county_us_72041
city_us_31106,county_us_72029
city_us_31107,county_us_72137
city_us_31108,county_us_42071
city_us_31109,county_us_72147
city_us_31110,county_us_72123
city_us_31111,county_us_42117
city_us_31112,county_us_42125
city_us_31113,county_us_72045
city_us_31114,county_us_42125
city_us_31115,county_us_72137
city_us_31116,county_us_72055
city_us_31117,county_us_72029
city_us_31118,county_us_72007
city_us_31119,county_us_72029
city_us_31120,county_us_72029
city_us_31121,county_us_42005
city_us_31122,county_us_42125
city_us_31123,county_us_42005
city_us_31124,county_us_42073
city_us_31125,county_us_42015
city_us_31126,county_us_42099
city_us_31127,county_us_42003
city_us_31128,county_us_01095
city_us_31129,county_us_42071
city_us_31130,county_us_42033
city_us_31131,county_us_72029
city_us_31132,county_us_72023
city_us_31133,county_us_72027
city_us_31134,county_us_72015
city_us_31135,county_us_42133
city_us_31136,county_us_72053
city_us_31137,county_us_72025
city_us_31138,county_us_72099
city_us_31139,county_us_48367
city_us_31140,county_us_42033
city_us_31141,county_us_72113
city_us_31142,county_us_72113
city_us_31143,county_us_72137
city_us_31144,county_us_42021
city_us_31145,county_us_42003
city_us_31146,county_us_72054
city_us_31147,county_us_35045
city_us_31148,county_us_42033
city_us_31149,county_us_42061
city_us_31150,county_us_06009
city_us_31151,county_us_72137
city_us_31152,county_us_51171
city_us_31153,county_us_72123
city_us_31154,county_us_42021
city_us_31155,county_us_72069
city_us_31156,county_us_72041
city_us_31157,county_us_72025
city_us_31158,county_us_51171
city_us_31159,county_us_42103
city_us_31160,county_us_42099
city_us_31161,county_us_72099
city_us_31162,county_us_72137
city_us_31163,county_us_42073
city_us_31164,county_us_36089
city_us_31165,county_us_72137
city_us_31166,county_us_42033
city_us_31167,county_us_42127
city_us_31168,county_us_72113
city_us_31169,county_us_72027
city_us_31170,county_us_42033
city_us_31171,county_us_42015
city_us_31172,county_us_42021
city_us_31173,county_us_18029
city_us_31174,county_us_42113
city_us_31175,county_us_42095
city_us_31176,county_us_42033
city_us_31177,county_us_42009
city_us_31178,county_us_72099
city_us_31179,county_us_42033
city_us_31180,county_us_42131
city_us_31181,county_us_72023
city_us_31182,county_us_42107
city_us_31183,county_us_51171
city_us_31184,county_us_42003
city_us_31185,county_us_42111
city_us_31186,county_us_51171
city_us_31187,county_us_42035
city_us_31188,county_us_42033
city_us_31189,county_us_42107
city_us_31190,county_us_42073
city_us_31191,county_us_51137
city_us_31192,county_us_42021
city_us_31193,county_us_06009
city_us_31194,county_us_42021
city_us_31195,county_us_72113
city_us_31196,county_us_42105
city_us_31197,county_us_72137
city_us_31198,county_us_42115
city_us_31199,county_us_42133
city_us_31200,county_us_50007
city_us_31201,county_us_42021
city_us_31202,county_us_42003
city_us_31203,county_us_42103
city_us_31204,county_us_72137
city_us_31205,county_us_72057
city_us_31206,county_us_42033
city_us_31207,county_us_42015
city_us_31208,county_us_51137
city_us_31209,county_us_42107
city_us_31210,county_us_42033
city_us_31211,county_us_42061
city_us_31212,county_us_42115
city_us_31213,county_us_42033
city_us_31214,county_us_42073
city_us_31215,county_us_72137
city_us_31216,county_us_72113
city_us_31217,county_us_72025
city_us_31218,county_us_42097
city_us_31219,county_us_42071
city_us_31220,county_us_06009
city_us_31221,county_us_42021
city_us_31222,county_us_42117
city_us_31223,county_us_42107
city_us_31224,county_us_06009
city_us_31225,county_us_72137
city_us_31226,county_us_42009
city_us_31227,county_us_42033
city_us_31228,county_us_42009
city_us_31229,county_us_42033
city_us_31230,county_us_42115
city_us_31231,county_us_42021
city_us_31232,county_us_42019
city_us_31233,county_us_42125
city_us_31234,county_us_42019
city_us_31235,county_us_42003
city_us_31236,county_us_06009
city_us_31237,county_us_72099
city_us_31238,county_us_42019
city_us_31239,county_us_31025
city_us_31240,county_us_42035
city_us_31241,county_us_42057
city_us_31242,county_us_22097
city_us_31243,county_us_42005
city_us_31244,county_us_42115
city_us_31245,county_us_51171
city_us_31246,county_us_42057
city_us_31247,county_us_42115
city_us_31248,county_us_42117
city_us_31249,county_us_42115
city_us_31250,county_us_42073
city_us_31251,county_us_18089
city_us_31252,county_us_42007
city_us_31253,county_us_51171
city_us_31254,county_us_42005
city_us_31255,county_us_51171
city_us_31256,county_us_42039
city_us_31257,county_us_51171
city_us_31258,county_us_42005
city_us_31259,county_us_72113
city_us_31260,county_us_42057
city_us_31261,county_us_42019
city_us_31262,county_us_72113
city_us_31263,county_us_42037
city_us_31264,county_us_51171
city_us_31265,county_us_40091
city_us_31266,county_us_42023
city_us_31267,county_us_72029
city_us_31268,county_us_72113
city_us_31269,county_us_42057
city_us_31270,county_us_72113
city_us_31271,county_us_51171
city_us_31272,county_us_51171
city_us_31273,county_us_06009
city_us_31274,county_us_51171
city_us_31275,county_us_51171
city_us_31276,county_us_51171
city_us_31277,county_us_08019
